#! /usr/bin/vvp
:ivl_version "13.0 (stable)" "(v13_0)";
:ivl_delay_selection "TYPICAL";
:vpi_time_precision - 12;
:vpi_module "/usr/lib64/ivl/system.vpi";
:vpi_module "/usr/lib64/ivl/vhdl_sys.vpi";
:vpi_module "/usr/lib64/ivl/vhdl_textio.vpi";
:vpi_module "/usr/lib64/ivl/v2005_math.vpi";
:vpi_module "/usr/lib64/ivl/va_math.vpi";
:vpi_module "/usr/lib64/ivl/v2009.vpi";
S_0x55f319125d60 .scope package, "$unit" "$unit" 2 1;
 .timescale 0 0;
S_0x55f3191705a0 .scope package, "inr_pkg" "inr_pkg" 3 1;
 .timescale 0 0;
P_0x55f3192868c0 .param/l "ACCUM_WIDTH" 0 3 10, +C4<00000000000000000000000000100000>;
P_0x55f319286900 .param/l "ACT_FRAC" 0 3 9, +C4<00000000000000000000000000001100>;
P_0x55f319286940 .param/l "ACT_WIDTH" 0 3 8, +C4<00000000000000000000000000010000>;
P_0x55f319286980 .param/l "COORD_FRAC" 0 3 3, +C4<00000000000000000000000000001110>;
P_0x55f3192869c0 .param/l "COORD_WIDTH" 0 3 2, +C4<00000000000000000000000000010000>;
P_0x55f319286a00 .param/l "CORDIC_ATAN_LUT" 0 3 27, +C4<0000110010010001000001110110101100000011111010110000000111111101000000010000000000000000100000000000000001000000000000000010000000000000000100000000000000001000000000000000010000000000000000100000000000000001000000000000000100000000000000000000000000000000>;
P_0x55f319286a40 .param/l "CORDIC_K" 0 3 26, +C4<0000100110110111>;
P_0x55f319286a80 .param/l "CORDIC_STAGES" 0 3 25, +C4<00000000000000000000000000010000>;
P_0x55f319286ac0 .param/l "FFM_OUT_DIM" 0 3 15, +C4<00000000000000000000000000001000>;
P_0x55f319286b00 .param/l "FFM_PROJ_DIM" 0 3 14, +C4<00000000000000000000000000000100>;
P_0x55f319286b40 .param/l "FMAT_FRAC" 0 3 5, +C4<00000000000000000000000000001110>;
P_0x55f319286b80 .param/l "FMAT_MEM_DEPTH" 0 3 20, +C4<00000000000000000000000000001100>;
P_0x55f319286bc0 .param/l "FMAT_WIDTH" 0 3 4, +C4<00000000000000000000000000010000>;
P_0x55f319286c00 .param/l "HIDDEN_DIM" 0 3 16, +C4<00000000000000000000000000100000>;
P_0x55f319286c40 .param/l "IMEM_DEOPTH" 0 3 21, +C4<00000000000000000000000000001000>;
P_0x55f319286c80 .param/l "IN_DIM" 0 3 13, +C4<00000000000000000000000000000011>;
P_0x55f319286cc0 .param/l "NEURON_MEM_DEPTH" 0 3 22, +C4<00000000000000000000000000100000>;
P_0x55f319286d00 .param/l "NUM_PE" 0 3 18, +C4<00000000000000000000000000001000>;
P_0x55f319286d40 .param/l "OUT_DIM" 0 3 17, +C4<00000000000000000000000000000001>;
P_0x55f319286d80 .param/l "OUT_WIDTH" 0 3 11, +C4<00000000000000000000000000001000>;
P_0x55f319286dc0 .param/l "WEIGHT_FRAC" 0 3 7, +C4<00000000000000000000000000001000>;
P_0x55f319286e00 .param/l "WEIGHT_WIDTH" 0 3 6, +C4<00000000000000000000000000001010>;
P_0x55f319286e40 .param/l "WMEM_DEPTH" 0 3 23, +C4<00000000000000000000010100100000>;
enum0x55f318f70430 .enum4 (3)
   "STATE_IDLE" 3'b000,
   "STATE_LOAD_PARAMS" 3'b001,
   "STATE_COMPUTE_FFM" 3'b010,
   "STATE_COMPUTE_MLP" 3'b011,
   "STATE_STREAM_OUT" 3'b100,
   "STATE_DONE" 3'b101
 ;
S_0x55f31916c6a0 .scope module, "tb_siren_block_engine64n" "tb_siren_block_engine64n" 4 4;
 .timescale -9 -12;
P_0x55f319279470 .param/l "BLOCK_SIZE" 1 4 8, +C4<00000000000000000000000000000100>;
P_0x55f3192794b0 .param/l "CLK_PERIOD" 1 4 6, +C4<00000000000000000000000000001010>;
P_0x55f3192794f0 .param/l "TOTAL_NEURONS" 1 4 7, +C4<00000000000000000000000001000000>;
P_0x55f319279530 .param/l "TOTAL_PIXELS" 1 4 9, +C4<00000000000000000000010000000000>;
v0x55f3192d7930_0 .array/port v0x55f3192d7930, 0;
L_0x55f3192eaee0 .functor BUFZ 16, v0x55f3192d7930_0, C4<0000000000000000>, C4<0000000000000000>, C4<0000000000000000>;
v0x55f3192d7930_1 .array/port v0x55f3192d7930, 1;
L_0x55f3192eaf50 .functor BUFZ 16, v0x55f3192d7930_1, C4<0000000000000000>, C4<0000000000000000>, C4<0000000000000000>;
v0x55f3192d7930_2 .array/port v0x55f3192d7930, 2;
L_0x55f3192eafc0 .functor BUFZ 16, v0x55f3192d7930_2, C4<0000000000000000>, C4<0000000000000000>, C4<0000000000000000>;
v0x55f3192d7930_3 .array/port v0x55f3192d7930, 3;
L_0x55f3192eb030 .functor BUFZ 16, v0x55f3192d7930_3, C4<0000000000000000>, C4<0000000000000000>, C4<0000000000000000>;
v0x55f3192d7930_4 .array/port v0x55f3192d7930, 4;
L_0x55f3192eb0a0 .functor BUFZ 16, v0x55f3192d7930_4, C4<0000000000000000>, C4<0000000000000000>, C4<0000000000000000>;
v0x55f3192d7930_5 .array/port v0x55f3192d7930, 5;
L_0x55f3192eb110 .functor BUFZ 16, v0x55f3192d7930_5, C4<0000000000000000>, C4<0000000000000000>, C4<0000000000000000>;
v0x55f3192d7930_6 .array/port v0x55f3192d7930, 6;
L_0x55f3192eb1c0 .functor BUFZ 16, v0x55f3192d7930_6, C4<0000000000000000>, C4<0000000000000000>, C4<0000000000000000>;
v0x55f3192d7930_7 .array/port v0x55f3192d7930, 7;
L_0x55f3192eb230 .functor BUFZ 16, v0x55f3192d7930_7, C4<0000000000000000>, C4<0000000000000000>, C4<0000000000000000>;
v0x55f3192d7930_8 .array/port v0x55f3192d7930, 8;
L_0x55f3192eb2f0 .functor BUFZ 16, v0x55f3192d7930_8, C4<0000000000000000>, C4<0000000000000000>, C4<0000000000000000>;
v0x55f3192d7930_9 .array/port v0x55f3192d7930, 9;
L_0x55f3192eb360 .functor BUFZ 16, v0x55f3192d7930_9, C4<0000000000000000>, C4<0000000000000000>, C4<0000000000000000>;
v0x55f3192d7930_10 .array/port v0x55f3192d7930, 10;
L_0x55f3192eb430 .functor BUFZ 16, v0x55f3192d7930_10, C4<0000000000000000>, C4<0000000000000000>, C4<0000000000000000>;
v0x55f3192d7930_11 .array/port v0x55f3192d7930, 11;
L_0x55f3192eb4a0 .functor BUFZ 16, v0x55f3192d7930_11, C4<0000000000000000>, C4<0000000000000000>, C4<0000000000000000>;
v0x55f3192d7930_12 .array/port v0x55f3192d7930, 12;
L_0x55f3192eb5b0 .functor BUFZ 16, v0x55f3192d7930_12, C4<0000000000000000>, C4<0000000000000000>, C4<0000000000000000>;
v0x55f3192d7930_13 .array/port v0x55f3192d7930, 13;
L_0x55f3192eb620 .functor BUFZ 16, v0x55f3192d7930_13, C4<0000000000000000>, C4<0000000000000000>, C4<0000000000000000>;
v0x55f3192d7930_14 .array/port v0x55f3192d7930, 14;
L_0x55f3192eb540 .functor BUFZ 16, v0x55f3192d7930_14, C4<0000000000000000>, C4<0000000000000000>, C4<0000000000000000>;
v0x55f3192d7930_15 .array/port v0x55f3192d7930, 15;
L_0x55f3192eb7d0 .functor BUFZ 16, v0x55f3192d7930_15, C4<0000000000000000>, C4<0000000000000000>, C4<0000000000000000>;
v0x55f3192d7930_16 .array/port v0x55f3192d7930, 16;
L_0x55f3192eb6f0 .functor BUFZ 16, v0x55f3192d7930_16, C4<0000000000000000>, C4<0000000000000000>, C4<0000000000000000>;
v0x55f3192d7930_17 .array/port v0x55f3192d7930, 17;
L_0x55f3192eb990 .functor BUFZ 16, v0x55f3192d7930_17, C4<0000000000000000>, C4<0000000000000000>, C4<0000000000000000>;
v0x55f3192d7930_18 .array/port v0x55f3192d7930, 18;
L_0x55f3192eb8a0 .functor BUFZ 16, v0x55f3192d7930_18, C4<0000000000000000>, C4<0000000000000000>, C4<0000000000000000>;
v0x55f3192d7930_19 .array/port v0x55f3192d7930, 19;
L_0x55f3192ebb30 .functor BUFZ 16, v0x55f3192d7930_19, C4<0000000000000000>, C4<0000000000000000>, C4<0000000000000000>;
v0x55f3192d7930_20 .array/port v0x55f3192d7930, 20;
L_0x55f3192eba30 .functor BUFZ 16, v0x55f3192d7930_20, C4<0000000000000000>, C4<0000000000000000>, C4<0000000000000000>;
v0x55f3192d7930_21 .array/port v0x55f3192d7930, 21;
L_0x55f3192ebcb0 .functor BUFZ 16, v0x55f3192d7930_21, C4<0000000000000000>, C4<0000000000000000>, C4<0000000000000000>;
v0x55f3192d7930_22 .array/port v0x55f3192d7930, 22;
L_0x55f3192ebbd0 .functor BUFZ 16, v0x55f3192d7930_22, C4<0000000000000000>, C4<0000000000000000>, C4<0000000000000000>;
v0x55f3192d7930_23 .array/port v0x55f3192d7930, 23;
L_0x55f3192ebe40 .functor BUFZ 16, v0x55f3192d7930_23, C4<0000000000000000>, C4<0000000000000000>, C4<0000000000000000>;
v0x55f3192d7930_24 .array/port v0x55f3192d7930, 24;
L_0x55f3192ebd50 .functor BUFZ 16, v0x55f3192d7930_24, C4<0000000000000000>, C4<0000000000000000>, C4<0000000000000000>;
v0x55f3192d7930_25 .array/port v0x55f3192d7930, 25;
L_0x55f3192ebfe0 .functor BUFZ 16, v0x55f3192d7930_25, C4<0000000000000000>, C4<0000000000000000>, C4<0000000000000000>;
v0x55f3192d7930_26 .array/port v0x55f3192d7930, 26;
L_0x55f3192ebee0 .functor BUFZ 16, v0x55f3192d7930_26, C4<0000000000000000>, C4<0000000000000000>, C4<0000000000000000>;
v0x55f3192d7930_27 .array/port v0x55f3192d7930, 27;
L_0x55f3192ec160 .functor BUFZ 16, v0x55f3192d7930_27, C4<0000000000000000>, C4<0000000000000000>, C4<0000000000000000>;
v0x55f3192d7930_28 .array/port v0x55f3192d7930, 28;
L_0x55f3192ec080 .functor BUFZ 16, v0x55f3192d7930_28, C4<0000000000000000>, C4<0000000000000000>, C4<0000000000000000>;
v0x55f3192d7930_29 .array/port v0x55f3192d7930, 29;
L_0x55f3192ec2f0 .functor BUFZ 16, v0x55f3192d7930_29, C4<0000000000000000>, C4<0000000000000000>, C4<0000000000000000>;
v0x55f3192d7930_30 .array/port v0x55f3192d7930, 30;
L_0x55f3192ec200 .functor BUFZ 16, v0x55f3192d7930_30, C4<0000000000000000>, C4<0000000000000000>, C4<0000000000000000>;
v0x55f3192d7930_31 .array/port v0x55f3192d7930, 31;
L_0x55f3192ec490 .functor BUFZ 16, v0x55f3192d7930_31, C4<0000000000000000>, C4<0000000000000000>, C4<0000000000000000>;
v0x55f3192d7930_32 .array/port v0x55f3192d7930, 32;
L_0x55f3192ec390 .functor BUFZ 16, v0x55f3192d7930_32, C4<0000000000000000>, C4<0000000000000000>, C4<0000000000000000>;
v0x55f3192d7930_33 .array/port v0x55f3192d7930, 33;
L_0x55f3192ec640 .functor BUFZ 16, v0x55f3192d7930_33, C4<0000000000000000>, C4<0000000000000000>, C4<0000000000000000>;
v0x55f3192d7930_34 .array/port v0x55f3192d7930, 34;
L_0x55f3192ec530 .functor BUFZ 16, v0x55f3192d7930_34, C4<0000000000000000>, C4<0000000000000000>, C4<0000000000000000>;
v0x55f3192d7930_35 .array/port v0x55f3192d7930, 35;
L_0x55f3192ec7d0 .functor BUFZ 16, v0x55f3192d7930_35, C4<0000000000000000>, C4<0000000000000000>, C4<0000000000000000>;
v0x55f3192d7930_36 .array/port v0x55f3192d7930, 36;
L_0x55f3192ec6b0 .functor BUFZ 16, v0x55f3192d7930_36, C4<0000000000000000>, C4<0000000000000000>, C4<0000000000000000>;
v0x55f3192d7930_37 .array/port v0x55f3192d7930, 37;
L_0x55f3192ec970 .functor BUFZ 16, v0x55f3192d7930_37, C4<0000000000000000>, C4<0000000000000000>, C4<0000000000000000>;
v0x55f3192d7930_38 .array/port v0x55f3192d7930, 38;
L_0x55f3192ec840 .functor BUFZ 16, v0x55f3192d7930_38, C4<0000000000000000>, C4<0000000000000000>, C4<0000000000000000>;
v0x55f3192d7930_39 .array/port v0x55f3192d7930, 39;
L_0x55f3192ecb20 .functor BUFZ 16, v0x55f3192d7930_39, C4<0000000000000000>, C4<0000000000000000>, C4<0000000000000000>;
v0x55f3192d7930_40 .array/port v0x55f3192d7930, 40;
L_0x55f3192ec9e0 .functor BUFZ 16, v0x55f3192d7930_40, C4<0000000000000000>, C4<0000000000000000>, C4<0000000000000000>;
v0x55f3192d7930_41 .array/port v0x55f3192d7930, 41;
L_0x55f3192eca80 .functor BUFZ 16, v0x55f3192d7930_41, C4<0000000000000000>, C4<0000000000000000>, C4<0000000000000000>;
v0x55f3192d7930_42 .array/port v0x55f3192d7930, 42;
L_0x55f3192eccf0 .functor BUFZ 16, v0x55f3192d7930_42, C4<0000000000000000>, C4<0000000000000000>, C4<0000000000000000>;
v0x55f3192d7930_43 .array/port v0x55f3192d7930, 43;
L_0x55f3192ecdc0 .functor BUFZ 16, v0x55f3192d7930_43, C4<0000000000000000>, C4<0000000000000000>, C4<0000000000000000>;
v0x55f3192d7930_44 .array/port v0x55f3192d7930, 44;
L_0x55f3192ecb90 .functor BUFZ 16, v0x55f3192d7930_44, C4<0000000000000000>, C4<0000000000000000>, C4<0000000000000000>;
v0x55f3192d7930_45 .array/port v0x55f3192d7930, 45;
L_0x55f3192ecc60 .functor BUFZ 16, v0x55f3192d7930_45, C4<0000000000000000>, C4<0000000000000000>, C4<0000000000000000>;
v0x55f3192d7930_46 .array/port v0x55f3192d7930, 46;
L_0x55f3192ece60 .functor BUFZ 16, v0x55f3192d7930_46, C4<0000000000000000>, C4<0000000000000000>, C4<0000000000000000>;
v0x55f3192d7930_47 .array/port v0x55f3192d7930, 47;
L_0x55f3192ecf30 .functor BUFZ 16, v0x55f3192d7930_47, C4<0000000000000000>, C4<0000000000000000>, C4<0000000000000000>;
v0x55f3192d7930_48 .array/port v0x55f3192d7930, 48;
L_0x55f3192ed190 .functor BUFZ 16, v0x55f3192d7930_48, C4<0000000000000000>, C4<0000000000000000>, C4<0000000000000000>;
v0x55f3192d7930_49 .array/port v0x55f3192d7930, 49;
L_0x55f3192ed260 .functor BUFZ 16, v0x55f3192d7930_49, C4<0000000000000000>, C4<0000000000000000>, C4<0000000000000000>;
v0x55f3192d7930_50 .array/port v0x55f3192d7930, 50;
L_0x55f3192ed000 .functor BUFZ 16, v0x55f3192d7930_50, C4<0000000000000000>, C4<0000000000000000>, C4<0000000000000000>;
v0x55f3192d7930_51 .array/port v0x55f3192d7930, 51;
L_0x55f3192ed0d0 .functor BUFZ 16, v0x55f3192d7930_51, C4<0000000000000000>, C4<0000000000000000>, C4<0000000000000000>;
v0x55f3192d7930_52 .array/port v0x55f3192d7930, 52;
L_0x55f3192ed4b0 .functor BUFZ 16, v0x55f3192d7930_52, C4<0000000000000000>, C4<0000000000000000>, C4<0000000000000000>;
v0x55f3192d7930_53 .array/port v0x55f3192d7930, 53;
L_0x55f3192ed580 .functor BUFZ 16, v0x55f3192d7930_53, C4<0000000000000000>, C4<0000000000000000>, C4<0000000000000000>;
v0x55f3192d7930_54 .array/port v0x55f3192d7930, 54;
L_0x55f3192ed300 .functor BUFZ 16, v0x55f3192d7930_54, C4<0000000000000000>, C4<0000000000000000>, C4<0000000000000000>;
v0x55f3192d7930_55 .array/port v0x55f3192d7930, 55;
L_0x55f3192ed3d0 .functor BUFZ 16, v0x55f3192d7930_55, C4<0000000000000000>, C4<0000000000000000>, C4<0000000000000000>;
v0x55f3192d7930_56 .array/port v0x55f3192d7930, 56;
L_0x55f3192ed7f0 .functor BUFZ 16, v0x55f3192d7930_56, C4<0000000000000000>, C4<0000000000000000>, C4<0000000000000000>;
v0x55f3192d7930_57 .array/port v0x55f3192d7930, 57;
L_0x55f3192ed890 .functor BUFZ 16, v0x55f3192d7930_57, C4<0000000000000000>, C4<0000000000000000>, C4<0000000000000000>;
v0x55f3192d7930_58 .array/port v0x55f3192d7930, 58;
L_0x55f3192ed620 .functor BUFZ 16, v0x55f3192d7930_58, C4<0000000000000000>, C4<0000000000000000>, C4<0000000000000000>;
v0x55f3192d7930_59 .array/port v0x55f3192d7930, 59;
L_0x55f3192ed6f0 .functor BUFZ 16, v0x55f3192d7930_59, C4<0000000000000000>, C4<0000000000000000>, C4<0000000000000000>;
v0x55f3192d7930_60 .array/port v0x55f3192d7930, 60;
L_0x55f3192edb20 .functor BUFZ 16, v0x55f3192d7930_60, C4<0000000000000000>, C4<0000000000000000>, C4<0000000000000000>;
v0x55f3192d7930_61 .array/port v0x55f3192d7930, 61;
L_0x55f3192edb90 .functor BUFZ 16, v0x55f3192d7930_61, C4<0000000000000000>, C4<0000000000000000>, C4<0000000000000000>;
v0x55f3192d7930_62 .array/port v0x55f3192d7930, 62;
L_0x55f3192ed930 .functor BUFZ 16, v0x55f3192d7930_62, C4<0000000000000000>, C4<0000000000000000>, C4<0000000000000000>;
v0x55f3192d7930_63 .array/port v0x55f3192d7930, 63;
L_0x55f3192eda00 .functor BUFZ 16, v0x55f3192d7930_63, C4<0000000000000000>, C4<0000000000000000>, C4<0000000000000000>;
v0x55f3192d83a0_0 .array/port v0x55f3192d83a0, 0;
L_0x55f3192d8320 .functor BUFZ 16, v0x55f3192d83a0_0, C4<0000000000000000>, C4<0000000000000000>, C4<0000000000000000>;
v0x55f3192d83a0_1 .array/port v0x55f3192d83a0, 1;
L_0x55f3192ede70 .functor BUFZ 16, v0x55f3192d83a0_1, C4<0000000000000000>, C4<0000000000000000>, C4<0000000000000000>;
v0x55f3192d83a0_2 .array/port v0x55f3192d83a0, 2;
L_0x55f3192edc30 .functor BUFZ 16, v0x55f3192d83a0_2, C4<0000000000000000>, C4<0000000000000000>, C4<0000000000000000>;
v0x55f3192d83a0_3 .array/port v0x55f3192d83a0, 3;
L_0x55f3192edd00 .functor BUFZ 16, v0x55f3192d83a0_3, C4<0000000000000000>, C4<0000000000000000>, C4<0000000000000000>;
v0x55f3192d83a0_4 .array/port v0x55f3192d83a0, 4;
L_0x55f3192eddd0 .functor BUFZ 16, v0x55f3192d83a0_4, C4<0000000000000000>, C4<0000000000000000>, C4<0000000000000000>;
v0x55f3192d83a0_5 .array/port v0x55f3192d83a0, 5;
L_0x55f3192ee170 .functor BUFZ 16, v0x55f3192d83a0_5, C4<0000000000000000>, C4<0000000000000000>, C4<0000000000000000>;
v0x55f3192d83a0_6 .array/port v0x55f3192d83a0, 6;
L_0x55f3192edf40 .functor BUFZ 16, v0x55f3192d83a0_6, C4<0000000000000000>, C4<0000000000000000>, C4<0000000000000000>;
v0x55f3192d83a0_7 .array/port v0x55f3192d83a0, 7;
L_0x55f3192ee010 .functor BUFZ 16, v0x55f3192d83a0_7, C4<0000000000000000>, C4<0000000000000000>, C4<0000000000000000>;
v0x55f3192d83a0_8 .array/port v0x55f3192d83a0, 8;
L_0x55f3192ee0e0 .functor BUFZ 16, v0x55f3192d83a0_8, C4<0000000000000000>, C4<0000000000000000>, C4<0000000000000000>;
v0x55f3192d83a0_9 .array/port v0x55f3192d83a0, 9;
L_0x55f3192ee460 .functor BUFZ 16, v0x55f3192d83a0_9, C4<0000000000000000>, C4<0000000000000000>, C4<0000000000000000>;
v0x55f3192d83a0_10 .array/port v0x55f3192d83a0, 10;
L_0x55f3192ee210 .functor BUFZ 16, v0x55f3192d83a0_10, C4<0000000000000000>, C4<0000000000000000>, C4<0000000000000000>;
v0x55f3192d83a0_11 .array/port v0x55f3192d83a0, 11;
L_0x55f3192ee2e0 .functor BUFZ 16, v0x55f3192d83a0_11, C4<0000000000000000>, C4<0000000000000000>, C4<0000000000000000>;
v0x55f3192d83a0_12 .array/port v0x55f3192d83a0, 12;
L_0x55f3192ee3b0 .functor BUFZ 16, v0x55f3192d83a0_12, C4<0000000000000000>, C4<0000000000000000>, C4<0000000000000000>;
v0x55f3192d83a0_13 .array/port v0x55f3192d83a0, 13;
L_0x55f3192d87a0 .functor BUFZ 16, v0x55f3192d83a0_13, C4<0000000000000000>, C4<0000000000000000>, C4<0000000000000000>;
v0x55f3192d83a0_14 .array/port v0x55f3192d83a0, 14;
L_0x55f3192ee530 .functor BUFZ 16, v0x55f3192d83a0_14, C4<0000000000000000>, C4<0000000000000000>, C4<0000000000000000>;
v0x55f3192d83a0_15 .array/port v0x55f3192d83a0, 15;
L_0x55f3192ee600 .functor BUFZ 16, v0x55f3192d83a0_15, C4<0000000000000000>, C4<0000000000000000>, C4<0000000000000000>;
v0x55f3192d83a0_16 .array/port v0x55f3192d83a0, 16;
L_0x55f3192ee6d0 .functor BUFZ 16, v0x55f3192d83a0_16, C4<0000000000000000>, C4<0000000000000000>, C4<0000000000000000>;
v0x55f3192d83a0_17 .array/port v0x55f3192d83a0, 17;
L_0x55f3192d8810 .functor BUFZ 16, v0x55f3192d83a0_17, C4<0000000000000000>, C4<0000000000000000>, C4<0000000000000000>;
v0x55f3192d83a0_18 .array/port v0x55f3192d83a0, 18;
L_0x55f3192ee800 .functor BUFZ 16, v0x55f3192d83a0_18, C4<0000000000000000>, C4<0000000000000000>, C4<0000000000000000>;
v0x55f3192d83a0_19 .array/port v0x55f3192d83a0, 19;
L_0x55f3192ee8d0 .functor BUFZ 16, v0x55f3192d83a0_19, C4<0000000000000000>, C4<0000000000000000>, C4<0000000000000000>;
v0x55f3192d83a0_20 .array/port v0x55f3192d83a0, 20;
L_0x55f3192ee9a0 .functor BUFZ 16, v0x55f3192d83a0_20, C4<0000000000000000>, C4<0000000000000000>, C4<0000000000000000>;
v0x55f3192d83a0_21 .array/port v0x55f3192d83a0, 21;
L_0x55f3192d8890 .functor BUFZ 16, v0x55f3192d83a0_21, C4<0000000000000000>, C4<0000000000000000>, C4<0000000000000000>;
v0x55f3192d83a0_22 .array/port v0x55f3192d83a0, 22;
L_0x55f3192eeaf0 .functor BUFZ 16, v0x55f3192d83a0_22, C4<0000000000000000>, C4<0000000000000000>, C4<0000000000000000>;
v0x55f3192d83a0_23 .array/port v0x55f3192d83a0, 23;
L_0x55f3192eebc0 .functor BUFZ 16, v0x55f3192d83a0_23, C4<0000000000000000>, C4<0000000000000000>, C4<0000000000000000>;
v0x55f3192d83a0_24 .array/port v0x55f3192d83a0, 24;
L_0x55f3192eec90 .functor BUFZ 16, v0x55f3192d83a0_24, C4<0000000000000000>, C4<0000000000000000>, C4<0000000000000000>;
v0x55f3192d83a0_25 .array/port v0x55f3192d83a0, 25;
L_0x55f3192d8910 .functor BUFZ 16, v0x55f3192d83a0_25, C4<0000000000000000>, C4<0000000000000000>, C4<0000000000000000>;
v0x55f3192d83a0_26 .array/port v0x55f3192d83a0, 26;
L_0x55f3192eee00 .functor BUFZ 16, v0x55f3192d83a0_26, C4<0000000000000000>, C4<0000000000000000>, C4<0000000000000000>;
v0x55f3192d83a0_27 .array/port v0x55f3192d83a0, 27;
L_0x55f3192eeed0 .functor BUFZ 16, v0x55f3192d83a0_27, C4<0000000000000000>, C4<0000000000000000>, C4<0000000000000000>;
v0x55f3192d83a0_28 .array/port v0x55f3192d83a0, 28;
L_0x55f3192eefa0 .functor BUFZ 16, v0x55f3192d83a0_28, C4<0000000000000000>, C4<0000000000000000>, C4<0000000000000000>;
v0x55f3192d83a0_29 .array/port v0x55f3192d83a0, 29;
L_0x55f3192d8990 .functor BUFZ 16, v0x55f3192d83a0_29, C4<0000000000000000>, C4<0000000000000000>, C4<0000000000000000>;
v0x55f3192d83a0_30 .array/port v0x55f3192d83a0, 30;
L_0x55f3192ef400 .functor BUFZ 16, v0x55f3192d83a0_30, C4<0000000000000000>, C4<0000000000000000>, C4<0000000000000000>;
v0x55f3192d83a0_31 .array/port v0x55f3192d83a0, 31;
L_0x55f3192ef4d0 .functor BUFZ 16, v0x55f3192d83a0_31, C4<0000000000000000>, C4<0000000000000000>, C4<0000000000000000>;
v0x55f3192d83a0_32 .array/port v0x55f3192d83a0, 32;
L_0x55f3192ef100 .functor BUFZ 16, v0x55f3192d83a0_32, C4<0000000000000000>, C4<0000000000000000>, C4<0000000000000000>;
v0x55f3192d83a0_33 .array/port v0x55f3192d83a0, 33;
L_0x55f3192ef1d0 .functor BUFZ 16, v0x55f3192d83a0_33, C4<0000000000000000>, C4<0000000000000000>, C4<0000000000000000>;
v0x55f3192d83a0_34 .array/port v0x55f3192d83a0, 34;
L_0x55f3192ef2a0 .functor BUFZ 16, v0x55f3192d83a0_34, C4<0000000000000000>, C4<0000000000000000>, C4<0000000000000000>;
v0x55f3192d83a0_35 .array/port v0x55f3192d83a0, 35;
L_0x55f3192d8a50 .functor BUFZ 16, v0x55f3192d83a0_35, C4<0000000000000000>, C4<0000000000000000>, C4<0000000000000000>;
v0x55f3192d83a0_36 .array/port v0x55f3192d83a0, 36;
L_0x55f3192ef8a0 .functor BUFZ 16, v0x55f3192d83a0_36, C4<0000000000000000>, C4<0000000000000000>, C4<0000000000000000>;
v0x55f3192d83a0_37 .array/port v0x55f3192d83a0, 37;
L_0x55f3192ef940 .functor BUFZ 16, v0x55f3192d83a0_37, C4<0000000000000000>, C4<0000000000000000>, C4<0000000000000000>;
v0x55f3192d83a0_38 .array/port v0x55f3192d83a0, 38;
L_0x55f3192ef570 .functor BUFZ 16, v0x55f3192d83a0_38, C4<0000000000000000>, C4<0000000000000000>, C4<0000000000000000>;
v0x55f3192d83a0_39 .array/port v0x55f3192d83a0, 39;
L_0x55f3192ef640 .functor BUFZ 16, v0x55f3192d83a0_39, C4<0000000000000000>, C4<0000000000000000>, C4<0000000000000000>;
v0x55f3192d83a0_40 .array/port v0x55f3192d83a0, 40;
L_0x55f3192ef710 .functor BUFZ 16, v0x55f3192d83a0_40, C4<0000000000000000>, C4<0000000000000000>, C4<0000000000000000>;
v0x55f3192d83a0_41 .array/port v0x55f3192d83a0, 41;
L_0x55f3192ef7e0 .functor BUFZ 16, v0x55f3192d83a0_41, C4<0000000000000000>, C4<0000000000000000>, C4<0000000000000000>;
v0x55f3192d83a0_42 .array/port v0x55f3192d83a0, 42;
L_0x55f3192d8b40 .functor BUFZ 16, v0x55f3192d83a0_42, C4<0000000000000000>, C4<0000000000000000>, C4<0000000000000000>;
v0x55f3192d83a0_43 .array/port v0x55f3192d83a0, 43;
L_0x55f3192efda0 .functor BUFZ 16, v0x55f3192d83a0_43, C4<0000000000000000>, C4<0000000000000000>, C4<0000000000000000>;
v0x55f3192d83a0_44 .array/port v0x55f3192d83a0, 44;
L_0x55f3192ef9e0 .functor BUFZ 16, v0x55f3192d83a0_44, C4<0000000000000000>, C4<0000000000000000>, C4<0000000000000000>;
v0x55f3192d83a0_45 .array/port v0x55f3192d83a0, 45;
L_0x55f3192efab0 .functor BUFZ 16, v0x55f3192d83a0_45, C4<0000000000000000>, C4<0000000000000000>, C4<0000000000000000>;
v0x55f3192d83a0_46 .array/port v0x55f3192d83a0, 46;
L_0x55f3192efb80 .functor BUFZ 16, v0x55f3192d83a0_46, C4<0000000000000000>, C4<0000000000000000>, C4<0000000000000000>;
v0x55f3192d83a0_47 .array/port v0x55f3192d83a0, 47;
L_0x55f3192efc50 .functor BUFZ 16, v0x55f3192d83a0_47, C4<0000000000000000>, C4<0000000000000000>, C4<0000000000000000>;
v0x55f3192d83a0_48 .array/port v0x55f3192d83a0, 48;
L_0x55f3192d8bb0 .functor BUFZ 16, v0x55f3192d83a0_48, C4<0000000000000000>, C4<0000000000000000>, C4<0000000000000000>;
v0x55f3192d83a0_49 .array/port v0x55f3192d83a0, 49;
L_0x55f3192f0230 .functor BUFZ 16, v0x55f3192d83a0_49, C4<0000000000000000>, C4<0000000000000000>, C4<0000000000000000>;
v0x55f3192d83a0_50 .array/port v0x55f3192d83a0, 50;
L_0x55f3192efe70 .functor BUFZ 16, v0x55f3192d83a0_50, C4<0000000000000000>, C4<0000000000000000>, C4<0000000000000000>;
v0x55f3192d83a0_51 .array/port v0x55f3192d83a0, 51;
L_0x55f3192eff40 .functor BUFZ 16, v0x55f3192d83a0_51, C4<0000000000000000>, C4<0000000000000000>, C4<0000000000000000>;
v0x55f3192d83a0_52 .array/port v0x55f3192d83a0, 52;
L_0x55f3192f0010 .functor BUFZ 16, v0x55f3192d83a0_52, C4<0000000000000000>, C4<0000000000000000>, C4<0000000000000000>;
v0x55f3192d83a0_53 .array/port v0x55f3192d83a0, 53;
L_0x55f3192f00e0 .functor BUFZ 16, v0x55f3192d83a0_53, C4<0000000000000000>, C4<0000000000000000>, C4<0000000000000000>;
v0x55f3192d83a0_54 .array/port v0x55f3192d83a0, 54;
L_0x55f3192d8c90 .functor BUFZ 16, v0x55f3192d83a0_54, C4<0000000000000000>, C4<0000000000000000>, C4<0000000000000000>;
v0x55f3192d83a0_55 .array/port v0x55f3192d83a0, 55;
L_0x55f3192f0690 .functor BUFZ 16, v0x55f3192d83a0_55, C4<0000000000000000>, C4<0000000000000000>, C4<0000000000000000>;
v0x55f3192d83a0_56 .array/port v0x55f3192d83a0, 56;
L_0x55f3192f02d0 .functor BUFZ 16, v0x55f3192d83a0_56, C4<0000000000000000>, C4<0000000000000000>, C4<0000000000000000>;
v0x55f3192d83a0_57 .array/port v0x55f3192d83a0, 57;
L_0x55f3192f03a0 .functor BUFZ 16, v0x55f3192d83a0_57, C4<0000000000000000>, C4<0000000000000000>, C4<0000000000000000>;
v0x55f3192d83a0_58 .array/port v0x55f3192d83a0, 58;
L_0x55f3192f0470 .functor BUFZ 16, v0x55f3192d83a0_58, C4<0000000000000000>, C4<0000000000000000>, C4<0000000000000000>;
v0x55f3192d83a0_59 .array/port v0x55f3192d83a0, 59;
L_0x55f3192f0540 .functor BUFZ 16, v0x55f3192d83a0_59, C4<0000000000000000>, C4<0000000000000000>, C4<0000000000000000>;
v0x55f3192d83a0_60 .array/port v0x55f3192d83a0, 60;
L_0x55f3192f0610 .functor BUFZ 16, v0x55f3192d83a0_60, C4<0000000000000000>, C4<0000000000000000>, C4<0000000000000000>;
v0x55f3192d83a0_61 .array/port v0x55f3192d83a0, 61;
L_0x55f3192d8d90 .functor BUFZ 16, v0x55f3192d83a0_61, C4<0000000000000000>, C4<0000000000000000>, C4<0000000000000000>;
v0x55f3192d83a0_62 .array/port v0x55f3192d83a0, 62;
L_0x55f3192f0760 .functor BUFZ 16, v0x55f3192d83a0_62, C4<0000000000000000>, C4<0000000000000000>, C4<0000000000000000>;
v0x55f3192d83a0_63 .array/port v0x55f3192d83a0, 63;
L_0x55f3192f0830 .functor BUFZ 16, v0x55f3192d83a0_63, C4<0000000000000000>, C4<0000000000000000>, C4<0000000000000000>;
v0x55f3192d6020_0 .array/port v0x55f3192d6020, 0;
L_0x55f3192f0900 .functor BUFZ 16, v0x55f3192d6020_0, C4<0000000000000000>, C4<0000000000000000>, C4<0000000000000000>;
v0x55f3192d6020_1 .array/port v0x55f3192d6020, 1;
L_0x55f3192f09d0 .functor BUFZ 16, v0x55f3192d6020_1, C4<0000000000000000>, C4<0000000000000000>, C4<0000000000000000>;
v0x55f3192d6020_2 .array/port v0x55f3192d6020, 2;
L_0x55f3192f0aa0 .functor BUFZ 16, v0x55f3192d6020_2, C4<0000000000000000>, C4<0000000000000000>, C4<0000000000000000>;
v0x55f3192d6020_3 .array/port v0x55f3192d6020, 3;
L_0x55f3192f0fd0 .functor BUFZ 16, v0x55f3192d6020_3, C4<0000000000000000>, C4<0000000000000000>, C4<0000000000000000>;
v0x55f3192d6020_4 .array/port v0x55f3192d6020, 4;
L_0x55f3192f0bb0 .functor BUFZ 16, v0x55f3192d6020_4, C4<0000000000000000>, C4<0000000000000000>, C4<0000000000000000>;
v0x55f3192d6020_5 .array/port v0x55f3192d6020, 5;
L_0x55f3192f0c80 .functor BUFZ 16, v0x55f3192d6020_5, C4<0000000000000000>, C4<0000000000000000>, C4<0000000000000000>;
v0x55f3192d6020_6 .array/port v0x55f3192d6020, 6;
L_0x55f3192f0d50 .functor BUFZ 16, v0x55f3192d6020_6, C4<0000000000000000>, C4<0000000000000000>, C4<0000000000000000>;
v0x55f3192d6020_7 .array/port v0x55f3192d6020, 7;
L_0x55f3192f0e20 .functor BUFZ 16, v0x55f3192d6020_7, C4<0000000000000000>, C4<0000000000000000>, C4<0000000000000000>;
v0x55f3192d6020_8 .array/port v0x55f3192d6020, 8;
L_0x55f3192f0ef0 .functor BUFZ 16, v0x55f3192d6020_8, C4<0000000000000000>, C4<0000000000000000>, C4<0000000000000000>;
v0x55f3192d6020_9 .array/port v0x55f3192d6020, 9;
L_0x55f3192d6350 .functor BUFZ 16, v0x55f3192d6020_9, C4<0000000000000000>, C4<0000000000000000>, C4<0000000000000000>;
v0x55f3192d6020_10 .array/port v0x55f3192d6020, 10;
L_0x55f3192f14a0 .functor BUFZ 16, v0x55f3192d6020_10, C4<0000000000000000>, C4<0000000000000000>, C4<0000000000000000>;
v0x55f3192d6020_11 .array/port v0x55f3192d6020, 11;
L_0x55f3192f1570 .functor BUFZ 16, v0x55f3192d6020_11, C4<0000000000000000>, C4<0000000000000000>, C4<0000000000000000>;
v0x55f3192d6020_12 .array/port v0x55f3192d6020, 12;
L_0x55f3192f1040 .functor BUFZ 16, v0x55f3192d6020_12, C4<0000000000000000>, C4<0000000000000000>, C4<0000000000000000>;
v0x55f3192d6020_13 .array/port v0x55f3192d6020, 13;
L_0x55f3192f1110 .functor BUFZ 16, v0x55f3192d6020_13, C4<0000000000000000>, C4<0000000000000000>, C4<0000000000000000>;
v0x55f3192d6020_14 .array/port v0x55f3192d6020, 14;
L_0x55f3192f11e0 .functor BUFZ 16, v0x55f3192d6020_14, C4<0000000000000000>, C4<0000000000000000>, C4<0000000000000000>;
v0x55f3192d6020_15 .array/port v0x55f3192d6020, 15;
L_0x55f3192f12b0 .functor BUFZ 16, v0x55f3192d6020_15, C4<0000000000000000>, C4<0000000000000000>, C4<0000000000000000>;
v0x55f3192d6020_16 .array/port v0x55f3192d6020, 16;
L_0x55f3192f1380 .functor BUFZ 16, v0x55f3192d6020_16, C4<0000000000000000>, C4<0000000000000000>, C4<0000000000000000>;
v0x55f3192d6020_17 .array/port v0x55f3192d6020, 17;
L_0x55f3192d6470 .functor BUFZ 16, v0x55f3192d6020_17, C4<0000000000000000>, C4<0000000000000000>, C4<0000000000000000>;
v0x55f3192d6020_18 .array/port v0x55f3192d6020, 18;
L_0x55f3192f1ab0 .functor BUFZ 16, v0x55f3192d6020_18, C4<0000000000000000>, C4<0000000000000000>, C4<0000000000000000>;
v0x55f3192d6020_19 .array/port v0x55f3192d6020, 19;
L_0x55f3192f1b50 .functor BUFZ 16, v0x55f3192d6020_19, C4<0000000000000000>, C4<0000000000000000>, C4<0000000000000000>;
v0x55f3192d6020_20 .array/port v0x55f3192d6020, 20;
L_0x55f3192f1610 .functor BUFZ 16, v0x55f3192d6020_20, C4<0000000000000000>, C4<0000000000000000>, C4<0000000000000000>;
v0x55f3192d6020_21 .array/port v0x55f3192d6020, 21;
L_0x55f3192f16e0 .functor BUFZ 16, v0x55f3192d6020_21, C4<0000000000000000>, C4<0000000000000000>, C4<0000000000000000>;
v0x55f3192d6020_22 .array/port v0x55f3192d6020, 22;
L_0x55f3192f17b0 .functor BUFZ 16, v0x55f3192d6020_22, C4<0000000000000000>, C4<0000000000000000>, C4<0000000000000000>;
v0x55f3192d6020_23 .array/port v0x55f3192d6020, 23;
L_0x55f3192f1880 .functor BUFZ 16, v0x55f3192d6020_23, C4<0000000000000000>, C4<0000000000000000>, C4<0000000000000000>;
v0x55f3192d6020_24 .array/port v0x55f3192d6020, 24;
L_0x55f3192f1950 .functor BUFZ 16, v0x55f3192d6020_24, C4<0000000000000000>, C4<0000000000000000>, C4<0000000000000000>;
v0x55f3192d6020_25 .array/port v0x55f3192d6020, 25;
L_0x55f3192f1a20 .functor BUFZ 16, v0x55f3192d6020_25, C4<0000000000000000>, C4<0000000000000000>, C4<0000000000000000>;
v0x55f3192d6020_26 .array/port v0x55f3192d6020, 26;
L_0x55f3192d65b0 .functor BUFZ 16, v0x55f3192d6020_26, C4<0000000000000000>, C4<0000000000000000>, C4<0000000000000000>;
v0x55f3192d6020_27 .array/port v0x55f3192d6020, 27;
L_0x55f3192f2130 .functor BUFZ 16, v0x55f3192d6020_27, C4<0000000000000000>, C4<0000000000000000>, C4<0000000000000000>;
v0x55f3192d6020_28 .array/port v0x55f3192d6020, 28;
L_0x55f3192f1c20 .functor BUFZ 16, v0x55f3192d6020_28, C4<0000000000000000>, C4<0000000000000000>, C4<0000000000000000>;
v0x55f3192d6020_29 .array/port v0x55f3192d6020, 29;
L_0x55f3192f1cf0 .functor BUFZ 16, v0x55f3192d6020_29, C4<0000000000000000>, C4<0000000000000000>, C4<0000000000000000>;
v0x55f3192d6020_30 .array/port v0x55f3192d6020, 30;
L_0x55f3192f1dc0 .functor BUFZ 16, v0x55f3192d6020_30, C4<0000000000000000>, C4<0000000000000000>, C4<0000000000000000>;
v0x55f3192d6020_31 .array/port v0x55f3192d6020, 31;
L_0x55f3192f1e90 .functor BUFZ 16, v0x55f3192d6020_31, C4<0000000000000000>, C4<0000000000000000>, C4<0000000000000000>;
v0x55f3192d6020_32 .array/port v0x55f3192d6020, 32;
L_0x55f3192f1f60 .functor BUFZ 16, v0x55f3192d6020_32, C4<0000000000000000>, C4<0000000000000000>, C4<0000000000000000>;
v0x55f3192d6020_33 .array/port v0x55f3192d6020, 33;
L_0x55f3192f2030 .functor BUFZ 16, v0x55f3192d6020_33, C4<0000000000000000>, C4<0000000000000000>, C4<0000000000000000>;
v0x55f3192d6020_34 .array/port v0x55f3192d6020, 34;
L_0x55f3192d6650 .functor BUFZ 16, v0x55f3192d6020_34, C4<0000000000000000>, C4<0000000000000000>, C4<0000000000000000>;
v0x55f3192d6020_35 .array/port v0x55f3192d6020, 35;
L_0x55f3192f2720 .functor BUFZ 16, v0x55f3192d6020_35, C4<0000000000000000>, C4<0000000000000000>, C4<0000000000000000>;
v0x55f3192d6020_36 .array/port v0x55f3192d6020, 36;
L_0x55f3192f2200 .functor BUFZ 16, v0x55f3192d6020_36, C4<0000000000000000>, C4<0000000000000000>, C4<0000000000000000>;
v0x55f3192d6020_37 .array/port v0x55f3192d6020, 37;
L_0x55f3192f22d0 .functor BUFZ 16, v0x55f3192d6020_37, C4<0000000000000000>, C4<0000000000000000>, C4<0000000000000000>;
v0x55f3192d6020_38 .array/port v0x55f3192d6020, 38;
L_0x55f3192f23a0 .functor BUFZ 16, v0x55f3192d6020_38, C4<0000000000000000>, C4<0000000000000000>, C4<0000000000000000>;
v0x55f3192d6020_39 .array/port v0x55f3192d6020, 39;
L_0x55f3192f2470 .functor BUFZ 16, v0x55f3192d6020_39, C4<0000000000000000>, C4<0000000000000000>, C4<0000000000000000>;
v0x55f3192d6020_40 .array/port v0x55f3192d6020, 40;
L_0x55f3192f2540 .functor BUFZ 16, v0x55f3192d6020_40, C4<0000000000000000>, C4<0000000000000000>, C4<0000000000000000>;
v0x55f3192d6020_41 .array/port v0x55f3192d6020, 41;
L_0x55f3192f2610 .functor BUFZ 16, v0x55f3192d6020_41, C4<0000000000000000>, C4<0000000000000000>, C4<0000000000000000>;
v0x55f3192d6020_42 .array/port v0x55f3192d6020, 42;
L_0x55f3192d6750 .functor BUFZ 16, v0x55f3192d6020_42, C4<0000000000000000>, C4<0000000000000000>, C4<0000000000000000>;
v0x55f3192d6020_43 .array/port v0x55f3192d6020, 43;
L_0x55f3192f2d20 .functor BUFZ 16, v0x55f3192d6020_43, C4<0000000000000000>, C4<0000000000000000>, C4<0000000000000000>;
v0x55f3192d6020_44 .array/port v0x55f3192d6020, 44;
L_0x55f3192f27c0 .functor BUFZ 16, v0x55f3192d6020_44, C4<0000000000000000>, C4<0000000000000000>, C4<0000000000000000>;
v0x55f3192d6020_45 .array/port v0x55f3192d6020, 45;
L_0x55f3192f2890 .functor BUFZ 16, v0x55f3192d6020_45, C4<0000000000000000>, C4<0000000000000000>, C4<0000000000000000>;
v0x55f3192d6020_46 .array/port v0x55f3192d6020, 46;
L_0x55f3192f2960 .functor BUFZ 16, v0x55f3192d6020_46, C4<0000000000000000>, C4<0000000000000000>, C4<0000000000000000>;
v0x55f3192d6020_47 .array/port v0x55f3192d6020, 47;
L_0x55f3192f2a30 .functor BUFZ 16, v0x55f3192d6020_47, C4<0000000000000000>, C4<0000000000000000>, C4<0000000000000000>;
v0x55f3192d6020_48 .array/port v0x55f3192d6020, 48;
L_0x55f3192f2b00 .functor BUFZ 16, v0x55f3192d6020_48, C4<0000000000000000>, C4<0000000000000000>, C4<0000000000000000>;
v0x55f3192d6020_49 .array/port v0x55f3192d6020, 49;
L_0x55f3192f2bd0 .functor BUFZ 16, v0x55f3192d6020_49, C4<0000000000000000>, C4<0000000000000000>, C4<0000000000000000>;
v0x55f3192d6020_50 .array/port v0x55f3192d6020, 50;
L_0x55f3192f2ca0 .functor BUFZ 16, v0x55f3192d6020_50, C4<0000000000000000>, C4<0000000000000000>, C4<0000000000000000>;
v0x55f3192d6020_51 .array/port v0x55f3192d6020, 51;
L_0x55f3192d68b0 .functor BUFZ 16, v0x55f3192d6020_51, C4<0000000000000000>, C4<0000000000000000>, C4<0000000000000000>;
v0x55f3192d6020_52 .array/port v0x55f3192d6020, 52;
L_0x55f3192f2d90 .functor BUFZ 16, v0x55f3192d6020_52, C4<0000000000000000>, C4<0000000000000000>, C4<0000000000000000>;
v0x55f3192d6020_53 .array/port v0x55f3192d6020, 53;
L_0x55f3192f2e60 .functor BUFZ 16, v0x55f3192d6020_53, C4<0000000000000000>, C4<0000000000000000>, C4<0000000000000000>;
v0x55f3192d6020_54 .array/port v0x55f3192d6020, 54;
L_0x55f3192f2f30 .functor BUFZ 16, v0x55f3192d6020_54, C4<0000000000000000>, C4<0000000000000000>, C4<0000000000000000>;
v0x55f3192d6020_55 .array/port v0x55f3192d6020, 55;
L_0x55f3192f3000 .functor BUFZ 16, v0x55f3192d6020_55, C4<0000000000000000>, C4<0000000000000000>, C4<0000000000000000>;
v0x55f3192d6020_56 .array/port v0x55f3192d6020, 56;
L_0x55f3192f30d0 .functor BUFZ 16, v0x55f3192d6020_56, C4<0000000000000000>, C4<0000000000000000>, C4<0000000000000000>;
v0x55f3192d6020_57 .array/port v0x55f3192d6020, 57;
L_0x55f3192f31a0 .functor BUFZ 16, v0x55f3192d6020_57, C4<0000000000000000>, C4<0000000000000000>, C4<0000000000000000>;
v0x55f3192d6020_58 .array/port v0x55f3192d6020, 58;
L_0x55f3192f3270 .functor BUFZ 16, v0x55f3192d6020_58, C4<0000000000000000>, C4<0000000000000000>, C4<0000000000000000>;
v0x55f3192d6020_59 .array/port v0x55f3192d6020, 59;
L_0x55f3192d6980 .functor BUFZ 16, v0x55f3192d6020_59, C4<0000000000000000>, C4<0000000000000000>, C4<0000000000000000>;
v0x55f3192d6020_60 .array/port v0x55f3192d6020, 60;
L_0x55f3192f3950 .functor BUFZ 16, v0x55f3192d6020_60, C4<0000000000000000>, C4<0000000000000000>, C4<0000000000000000>;
v0x55f3192d6020_61 .array/port v0x55f3192d6020, 61;
L_0x55f3192f39f0 .functor BUFZ 16, v0x55f3192d6020_61, C4<0000000000000000>, C4<0000000000000000>, C4<0000000000000000>;
v0x55f3192d6020_62 .array/port v0x55f3192d6020, 62;
L_0x55f3192f3360 .functor BUFZ 16, v0x55f3192d6020_62, C4<0000000000000000>, C4<0000000000000000>, C4<0000000000000000>;
v0x55f3192d6020_63 .array/port v0x55f3192d6020, 63;
L_0x55f3192f3430 .functor BUFZ 16, v0x55f3192d6020_63, C4<0000000000000000>, C4<0000000000000000>, C4<0000000000000000>;
v0x55f3192d8e70_0 .array/port v0x55f3192d8e70, 0;
L_0x55f3192f3500 .functor BUFZ 16, v0x55f3192d8e70_0, C4<0000000000000000>, C4<0000000000000000>, C4<0000000000000000>;
v0x55f3192d8e70_1 .array/port v0x55f3192d8e70, 1;
L_0x55f3192f35d0 .functor BUFZ 16, v0x55f3192d8e70_1, C4<0000000000000000>, C4<0000000000000000>, C4<0000000000000000>;
v0x55f3192d8e70_2 .array/port v0x55f3192d8e70, 2;
L_0x55f3192f36a0 .functor BUFZ 16, v0x55f3192d8e70_2, C4<0000000000000000>, C4<0000000000000000>, C4<0000000000000000>;
v0x55f3192d8e70_3 .array/port v0x55f3192d8e70, 3;
L_0x55f3192f3770 .functor BUFZ 16, v0x55f3192d8e70_3, C4<0000000000000000>, C4<0000000000000000>, C4<0000000000000000>;
v0x55f3192d8e70_4 .array/port v0x55f3192d8e70, 4;
L_0x55f3192f3840 .functor BUFZ 16, v0x55f3192d8e70_4, C4<0000000000000000>, C4<0000000000000000>, C4<0000000000000000>;
v0x55f3192d8e70_5 .array/port v0x55f3192d8e70, 5;
L_0x55f3192d6a90 .functor BUFZ 16, v0x55f3192d8e70_5, C4<0000000000000000>, C4<0000000000000000>, C4<0000000000000000>;
v0x55f3192d8e70_6 .array/port v0x55f3192d8e70, 6;
L_0x55f3192d9170 .functor BUFZ 16, v0x55f3192d8e70_6, C4<0000000000000000>, C4<0000000000000000>, C4<0000000000000000>;
v0x55f3192d8e70_7 .array/port v0x55f3192d8e70, 7;
L_0x55f3192f4160 .functor BUFZ 16, v0x55f3192d8e70_7, C4<0000000000000000>, C4<0000000000000000>, C4<0000000000000000>;
v0x55f3192d8e70_8 .array/port v0x55f3192d8e70, 8;
L_0x55f3192f3ac0 .functor BUFZ 16, v0x55f3192d8e70_8, C4<0000000000000000>, C4<0000000000000000>, C4<0000000000000000>;
v0x55f3192d8e70_9 .array/port v0x55f3192d8e70, 9;
L_0x55f3192f3b90 .functor BUFZ 16, v0x55f3192d8e70_9, C4<0000000000000000>, C4<0000000000000000>, C4<0000000000000000>;
v0x55f3192d8e70_10 .array/port v0x55f3192d8e70, 10;
L_0x55f3192f3c60 .functor BUFZ 16, v0x55f3192d8e70_10, C4<0000000000000000>, C4<0000000000000000>, C4<0000000000000000>;
v0x55f3192d8e70_11 .array/port v0x55f3192d8e70, 11;
L_0x55f3192f3d30 .functor BUFZ 16, v0x55f3192d8e70_11, C4<0000000000000000>, C4<0000000000000000>, C4<0000000000000000>;
v0x55f3192d8e70_12 .array/port v0x55f3192d8e70, 12;
L_0x55f3192f3e00 .functor BUFZ 16, v0x55f3192d8e70_12, C4<0000000000000000>, C4<0000000000000000>, C4<0000000000000000>;
v0x55f3192d8e70_13 .array/port v0x55f3192d8e70, 13;
L_0x55f3192f3ed0 .functor BUFZ 16, v0x55f3192d8e70_13, C4<0000000000000000>, C4<0000000000000000>, C4<0000000000000000>;
v0x55f3192d8e70_14 .array/port v0x55f3192d8e70, 14;
L_0x55f3192f3fa0 .functor BUFZ 16, v0x55f3192d8e70_14, C4<0000000000000000>, C4<0000000000000000>, C4<0000000000000000>;
v0x55f3192d8e70_15 .array/port v0x55f3192d8e70, 15;
L_0x55f3192f4070 .functor BUFZ 16, v0x55f3192d8e70_15, C4<0000000000000000>, C4<0000000000000000>, C4<0000000000000000>;
v0x55f3192d8e70_16 .array/port v0x55f3192d8e70, 16;
L_0x55f3192d9280 .functor BUFZ 16, v0x55f3192d8e70_16, C4<0000000000000000>, C4<0000000000000000>, C4<0000000000000000>;
v0x55f3192d8e70_17 .array/port v0x55f3192d8e70, 17;
L_0x55f3192f48c0 .functor BUFZ 16, v0x55f3192d8e70_17, C4<0000000000000000>, C4<0000000000000000>, C4<0000000000000000>;
v0x55f3192d8e70_18 .array/port v0x55f3192d8e70, 18;
L_0x55f3192f4200 .functor BUFZ 16, v0x55f3192d8e70_18, C4<0000000000000000>, C4<0000000000000000>, C4<0000000000000000>;
v0x55f3192d8e70_19 .array/port v0x55f3192d8e70, 19;
L_0x55f3192f42d0 .functor BUFZ 16, v0x55f3192d8e70_19, C4<0000000000000000>, C4<0000000000000000>, C4<0000000000000000>;
v0x55f3192d8e70_20 .array/port v0x55f3192d8e70, 20;
L_0x55f3192f43a0 .functor BUFZ 16, v0x55f3192d8e70_20, C4<0000000000000000>, C4<0000000000000000>, C4<0000000000000000>;
v0x55f3192d8e70_21 .array/port v0x55f3192d8e70, 21;
L_0x55f3192f4470 .functor BUFZ 16, v0x55f3192d8e70_21, C4<0000000000000000>, C4<0000000000000000>, C4<0000000000000000>;
v0x55f3192d8e70_22 .array/port v0x55f3192d8e70, 22;
L_0x55f3192f4540 .functor BUFZ 16, v0x55f3192d8e70_22, C4<0000000000000000>, C4<0000000000000000>, C4<0000000000000000>;
v0x55f3192d8e70_23 .array/port v0x55f3192d8e70, 23;
L_0x55f3192f4610 .functor BUFZ 16, v0x55f3192d8e70_23, C4<0000000000000000>, C4<0000000000000000>, C4<0000000000000000>;
v0x55f3192d8e70_24 .array/port v0x55f3192d8e70, 24;
L_0x55f3192f46e0 .functor BUFZ 16, v0x55f3192d8e70_24, C4<0000000000000000>, C4<0000000000000000>, C4<0000000000000000>;
v0x55f3192d8e70_25 .array/port v0x55f3192d8e70, 25;
L_0x55f3192f47b0 .functor BUFZ 16, v0x55f3192d8e70_25, C4<0000000000000000>, C4<0000000000000000>, C4<0000000000000000>;
v0x55f3192d8e70_26 .array/port v0x55f3192d8e70, 26;
L_0x55f3192d9360 .functor BUFZ 16, v0x55f3192d8e70_26, C4<0000000000000000>, C4<0000000000000000>, C4<0000000000000000>;
v0x55f3192d8e70_27 .array/port v0x55f3192d8e70, 27;
L_0x55f3192d9430 .functor BUFZ 16, v0x55f3192d8e70_27, C4<0000000000000000>, C4<0000000000000000>, C4<0000000000000000>;
v0x55f3192d8e70_28 .array/port v0x55f3192d8e70, 28;
L_0x55f3192f4960 .functor BUFZ 16, v0x55f3192d8e70_28, C4<0000000000000000>, C4<0000000000000000>, C4<0000000000000000>;
v0x55f3192d8e70_29 .array/port v0x55f3192d8e70, 29;
L_0x55f3192f4a30 .functor BUFZ 16, v0x55f3192d8e70_29, C4<0000000000000000>, C4<0000000000000000>, C4<0000000000000000>;
v0x55f3192d8e70_30 .array/port v0x55f3192d8e70, 30;
L_0x55f3192f4b00 .functor BUFZ 16, v0x55f3192d8e70_30, C4<0000000000000000>, C4<0000000000000000>, C4<0000000000000000>;
v0x55f3192d8e70_31 .array/port v0x55f3192d8e70, 31;
L_0x55f3192f4bd0 .functor BUFZ 16, v0x55f3192d8e70_31, C4<0000000000000000>, C4<0000000000000000>, C4<0000000000000000>;
v0x55f3192d8e70_32 .array/port v0x55f3192d8e70, 32;
L_0x55f3192f4ca0 .functor BUFZ 16, v0x55f3192d8e70_32, C4<0000000000000000>, C4<0000000000000000>, C4<0000000000000000>;
v0x55f3192d8e70_33 .array/port v0x55f3192d8e70, 33;
L_0x55f3192f4d70 .functor BUFZ 16, v0x55f3192d8e70_33, C4<0000000000000000>, C4<0000000000000000>, C4<0000000000000000>;
v0x55f3192d8e70_34 .array/port v0x55f3192d8e70, 34;
L_0x55f3192f4e40 .functor BUFZ 16, v0x55f3192d8e70_34, C4<0000000000000000>, C4<0000000000000000>, C4<0000000000000000>;
v0x55f3192d8e70_35 .array/port v0x55f3192d8e70, 35;
L_0x55f3192f4f10 .functor BUFZ 16, v0x55f3192d8e70_35, C4<0000000000000000>, C4<0000000000000000>, C4<0000000000000000>;
v0x55f3192d8e70_36 .array/port v0x55f3192d8e70, 36;
L_0x55f3192d94a0 .functor BUFZ 16, v0x55f3192d8e70_36, C4<0000000000000000>, C4<0000000000000000>, C4<0000000000000000>;
v0x55f3192d8e70_37 .array/port v0x55f3192d8e70, 37;
L_0x55f3192d9570 .functor BUFZ 16, v0x55f3192d8e70_37, C4<0000000000000000>, C4<0000000000000000>, C4<0000000000000000>;
v0x55f3192d8e70_38 .array/port v0x55f3192d8e70, 38;
L_0x55f3192f57e0 .functor BUFZ 16, v0x55f3192d8e70_38, C4<0000000000000000>, C4<0000000000000000>, C4<0000000000000000>;
v0x55f3192d8e70_39 .array/port v0x55f3192d8e70, 39;
L_0x55f3192f58b0 .functor BUFZ 16, v0x55f3192d8e70_39, C4<0000000000000000>, C4<0000000000000000>, C4<0000000000000000>;
v0x55f3192d8e70_40 .array/port v0x55f3192d8e70, 40;
L_0x55f3192f50a0 .functor BUFZ 16, v0x55f3192d8e70_40, C4<0000000000000000>, C4<0000000000000000>, C4<0000000000000000>;
v0x55f3192d8e70_41 .array/port v0x55f3192d8e70, 41;
L_0x55f3192f5170 .functor BUFZ 16, v0x55f3192d8e70_41, C4<0000000000000000>, C4<0000000000000000>, C4<0000000000000000>;
v0x55f3192d8e70_42 .array/port v0x55f3192d8e70, 42;
L_0x55f3192f5240 .functor BUFZ 16, v0x55f3192d8e70_42, C4<0000000000000000>, C4<0000000000000000>, C4<0000000000000000>;
v0x55f3192d8e70_43 .array/port v0x55f3192d8e70, 43;
L_0x55f3192f5310 .functor BUFZ 16, v0x55f3192d8e70_43, C4<0000000000000000>, C4<0000000000000000>, C4<0000000000000000>;
v0x55f3192d8e70_44 .array/port v0x55f3192d8e70, 44;
L_0x55f3192f53e0 .functor BUFZ 16, v0x55f3192d8e70_44, C4<0000000000000000>, C4<0000000000000000>, C4<0000000000000000>;
v0x55f3192d8e70_45 .array/port v0x55f3192d8e70, 45;
L_0x55f3192f54b0 .functor BUFZ 16, v0x55f3192d8e70_45, C4<0000000000000000>, C4<0000000000000000>, C4<0000000000000000>;
v0x55f3192d8e70_46 .array/port v0x55f3192d8e70, 46;
L_0x55f3192f5580 .functor BUFZ 16, v0x55f3192d8e70_46, C4<0000000000000000>, C4<0000000000000000>, C4<0000000000000000>;
v0x55f3192d8e70_47 .array/port v0x55f3192d8e70, 47;
L_0x55f3192f5650 .functor BUFZ 16, v0x55f3192d8e70_47, C4<0000000000000000>, C4<0000000000000000>, C4<0000000000000000>;
v0x55f3192d8e70_48 .array/port v0x55f3192d8e70, 48;
L_0x55f3192f5720 .functor BUFZ 16, v0x55f3192d8e70_48, C4<0000000000000000>, C4<0000000000000000>, C4<0000000000000000>;
v0x55f3192d8e70_49 .array/port v0x55f3192d8e70, 49;
L_0x55f3192d9650 .functor BUFZ 16, v0x55f3192d8e70_49, C4<0000000000000000>, C4<0000000000000000>, C4<0000000000000000>;
v0x55f3192d8e70_50 .array/port v0x55f3192d8e70, 50;
L_0x55f3192f60f0 .functor BUFZ 16, v0x55f3192d8e70_50, C4<0000000000000000>, C4<0000000000000000>, C4<0000000000000000>;
v0x55f3192d8e70_51 .array/port v0x55f3192d8e70, 51;
L_0x55f3192f6160 .functor BUFZ 16, v0x55f3192d8e70_51, C4<0000000000000000>, C4<0000000000000000>, C4<0000000000000000>;
v0x55f3192d8e70_52 .array/port v0x55f3192d8e70, 52;
L_0x55f3192f5950 .functor BUFZ 16, v0x55f3192d8e70_52, C4<0000000000000000>, C4<0000000000000000>, C4<0000000000000000>;
v0x55f3192d8e70_53 .array/port v0x55f3192d8e70, 53;
L_0x55f3192f5a20 .functor BUFZ 16, v0x55f3192d8e70_53, C4<0000000000000000>, C4<0000000000000000>, C4<0000000000000000>;
v0x55f3192d8e70_54 .array/port v0x55f3192d8e70, 54;
L_0x55f3192f5af0 .functor BUFZ 16, v0x55f3192d8e70_54, C4<0000000000000000>, C4<0000000000000000>, C4<0000000000000000>;
v0x55f3192d8e70_55 .array/port v0x55f3192d8e70, 55;
L_0x55f3192f5bc0 .functor BUFZ 16, v0x55f3192d8e70_55, C4<0000000000000000>, C4<0000000000000000>, C4<0000000000000000>;
v0x55f3192d8e70_56 .array/port v0x55f3192d8e70, 56;
L_0x55f3192f5c90 .functor BUFZ 16, v0x55f3192d8e70_56, C4<0000000000000000>, C4<0000000000000000>, C4<0000000000000000>;
v0x55f3192d8e70_57 .array/port v0x55f3192d8e70, 57;
L_0x55f3192f5d60 .functor BUFZ 16, v0x55f3192d8e70_57, C4<0000000000000000>, C4<0000000000000000>, C4<0000000000000000>;
v0x55f3192d8e70_58 .array/port v0x55f3192d8e70, 58;
L_0x55f3192f5e30 .functor BUFZ 16, v0x55f3192d8e70_58, C4<0000000000000000>, C4<0000000000000000>, C4<0000000000000000>;
v0x55f3192d8e70_59 .array/port v0x55f3192d8e70, 59;
L_0x55f3192f5f00 .functor BUFZ 16, v0x55f3192d8e70_59, C4<0000000000000000>, C4<0000000000000000>, C4<0000000000000000>;
v0x55f3192d8e70_60 .array/port v0x55f3192d8e70, 60;
L_0x55f3192f5fd0 .functor BUFZ 16, v0x55f3192d8e70_60, C4<0000000000000000>, C4<0000000000000000>, C4<0000000000000000>;
v0x55f3192d8e70_61 .array/port v0x55f3192d8e70, 61;
L_0x55f3192d9780 .functor BUFZ 16, v0x55f3192d8e70_61, C4<0000000000000000>, C4<0000000000000000>, C4<0000000000000000>;
v0x55f3192d8e70_62 .array/port v0x55f3192d8e70, 62;
L_0x55f3192d9850 .functor BUFZ 16, v0x55f3192d8e70_62, C4<0000000000000000>, C4<0000000000000000>, C4<0000000000000000>;
v0x55f3192d8e70_63 .array/port v0x55f3192d8e70, 63;
L_0x55f3192f6a30 .functor BUFZ 16, v0x55f3192d8e70_63, C4<0000000000000000>, C4<0000000000000000>, C4<0000000000000000>;
v0x55f3192d6020 .array/s "b1_mem", 63 0, 15 0;
v0x55f3192d6b10_0 .var/s "b2_bias", 15 0;
v0x55f3192d6bd0_0 .net "busy", 0 0, L_0x55f3192eacb0;  1 drivers
v0x55f3192d6c70_0 .var "clk", 0 0;
v0x55f3192d6d10_0 .var/s "coord_x", 15 0;
v0x55f3192d6db0_0 .var/s "coord_y", 15 0;
v0x55f3192d6e80 .array "raw_b2", 0 0, 15 0;
v0x55f3192d6f20 .array "raw_coords", 2047 0, 15 0;
v0x55f3192d6fc0_0 .var/2s "raw_count", 31 0;
v0x55f3192d70a0_0 .var/2s "raw_file", 31 0;
v0x55f3192d7180_0 .net/s "raw_pixel_out", 15 0, v0x55f3192ce800_0;  1 drivers
v0x55f3192d7240_0 .net "raw_pixel_valid", 0 0, L_0x55f3192eada0;  1 drivers
v0x55f3192d7330 .array "raw_w1", 127 0, 15 0;
v0x55f3192d73f0_0 .var "rst_in", 0 0;
v0x55f3192d7490_0 .var/2s "sharp_count", 31 0;
v0x55f3192d7570_0 .var/2s "sharp_file", 31 0;
v0x55f3192d7650_0 .net "sharp_frame_done", 0 0, L_0x55f3192f78e0;  1 drivers
v0x55f3192d76f0_0 .net/s "sharp_pixel_out", 15 0, v0x55f3192d4ca0_0;  1 drivers
v0x55f3192d7790_0 .net "sharp_pixel_valid", 0 0, L_0x55f3192f7780;  1 drivers
v0x55f3192d7860_0 .var "start_eval", 0 0;
v0x55f3192d7930 .array/s "w1_x_mem", 63 0, 15 0;
v0x55f3192d83a0 .array/s "w1_y_mem", 63 0, 15 0;
v0x55f3192d8e70 .array/s "w2_mem", 63 0, 15 0;
v0x55f3192d9940_0 .var/2s "wait_cycles", 31 0;
E_0x55f318f99c80 .event posedge, v0x55f3192d4230_0;
S_0x55f319168ba0 .scope begin, "$ivl_for_loop10" "$ivl_for_loop10" 4 88, 4 88 0, S_0x55f31916c6a0;
 .timescale -9 -12;
v0x55f319130c30_0 .var/2s "n", 31 0;
S_0x55f319159250 .scope begin, "$ivl_for_loop11" "$ivl_for_loop11" 4 130, 4 130 0, S_0x55f31916c6a0;
 .timescale -9 -12;
v0x55f31912cc90_0 .var/2s "p", 31 0;
E_0x55f318f9af60 .event posedge, v0x55f319282510_0;
S_0x55f319155350 .scope module, "dut_engine" "siren_block_engine" 4 40, 5 4 0, S_0x55f31916c6a0;
 .timescale -9 -12;
    .port_info 0 /INPUT 1 "clk";
    .port_info 1 /INPUT 1 "rst_in";
    .port_info 2 /INPUT 1 "start_eval";
    .port_info 3 /INPUT 16 "coord_x";
    .port_info 4 /INPUT 16 "coord_y";
    .port_info 5 /INPUT 1024 "w1_x_mem";
    .port_info 6 /INPUT 1024 "w1_y_mem";
    .port_info 7 /INPUT 1024 "b1_mem";
    .port_info 8 /INPUT 1024 "w2_mem";
    .port_info 9 /INPUT 16 "b2_bias";
    .port_info 10 /OUTPUT 1 "busy";
    .port_info 11 /OUTPUT 1 "pixel_valid_out";
    .port_info 12 /OUTPUT 16 "pixel_out";
P_0x55f31927c210 .param/l "ACC_WIDTH" 0 5 12, +C4<00000000000000000000000000101000>;
P_0x55f31927c250 .param/l "BLOCK_SIZE" 0 5 7, +C4<00000000000000000000000000000100>;
P_0x55f31927c290 .param/l "DATA_WIDTH" 0 5 10, +C4<00000000000000000000000000010000>;
P_0x55f31927c2d0 .param/l "NUM_PASSES" 0 5 8, +C4<00000000000000000000000000010000>;
P_0x55f31927c310 .param/l "PASS_WIDTH" 0 5 9, +C4<00000000000000000000000000000100>;
P_0x55f31927c350 .param/l "PROD_WIDTH" 0 5 11, +C4<00000000000000000000000000100000>;
P_0x55f31927c390 .param/l "TOTAL_NEURONS" 0 5 6, +C4<00000000000000000000000001000000>;
enum0x55f31901a830 .enum4 (2)
   "ST_IDLE" 2'b00,
   "ST_FEED" 2'b01,
   "ST_DRAIN" 2'b10,
   "ST_FINALIZE" 2'b11
 ;
L_0x55f3192eac40 .functor BUFZ 1, L_0x55f319128c80, C4<0>, C4<0>, C4<0>;
L_0x7f9672c765b8 .functor BUFT 1, C4<00>, C4<0>, C4<0>, C4<0>;
v0x55f3192cc740_0 .net/2u *"_ivl_3", 1 0, L_0x7f9672c765b8;  1 drivers
L_0x7f9672c76600 .functor BUFT 1, C4<11>, C4<0>, C4<0>, C4<0>;
v0x55f3192cc840_0 .net/2u *"_ivl_7", 1 0, L_0x7f9672c76600;  1 drivers
v0x55f3192cc920_0 .var/s "acc_reg", 39 0;
v0x55f3192cc9e0 .array "b1_mem", 63 0;
v0x55f3192cc9e0_0 .net/s v0x55f3192cc9e0 0, 15 0, L_0x55f3192f0900; 1 drivers
v0x55f3192cc9e0_1 .net/s v0x55f3192cc9e0 1, 15 0, L_0x55f3192f09d0; 1 drivers
v0x55f3192cc9e0_2 .net/s v0x55f3192cc9e0 2, 15 0, L_0x55f3192f0aa0; 1 drivers
v0x55f3192cc9e0_3 .net/s v0x55f3192cc9e0 3, 15 0, L_0x55f3192f0fd0; 1 drivers
v0x55f3192cc9e0_4 .net/s v0x55f3192cc9e0 4, 15 0, L_0x55f3192f0bb0; 1 drivers
v0x55f3192cc9e0_5 .net/s v0x55f3192cc9e0 5, 15 0, L_0x55f3192f0c80; 1 drivers
v0x55f3192cc9e0_6 .net/s v0x55f3192cc9e0 6, 15 0, L_0x55f3192f0d50; 1 drivers
v0x55f3192cc9e0_7 .net/s v0x55f3192cc9e0 7, 15 0, L_0x55f3192f0e20; 1 drivers
v0x55f3192cc9e0_8 .net/s v0x55f3192cc9e0 8, 15 0, L_0x55f3192f0ef0; 1 drivers
v0x55f3192cc9e0_9 .net/s v0x55f3192cc9e0 9, 15 0, L_0x55f3192d6350; 1 drivers
v0x55f3192cc9e0_10 .net/s v0x55f3192cc9e0 10, 15 0, L_0x55f3192f14a0; 1 drivers
v0x55f3192cc9e0_11 .net/s v0x55f3192cc9e0 11, 15 0, L_0x55f3192f1570; 1 drivers
v0x55f3192cc9e0_12 .net/s v0x55f3192cc9e0 12, 15 0, L_0x55f3192f1040; 1 drivers
v0x55f3192cc9e0_13 .net/s v0x55f3192cc9e0 13, 15 0, L_0x55f3192f1110; 1 drivers
v0x55f3192cc9e0_14 .net/s v0x55f3192cc9e0 14, 15 0, L_0x55f3192f11e0; 1 drivers
v0x55f3192cc9e0_15 .net/s v0x55f3192cc9e0 15, 15 0, L_0x55f3192f12b0; 1 drivers
v0x55f3192cc9e0_16 .net/s v0x55f3192cc9e0 16, 15 0, L_0x55f3192f1380; 1 drivers
v0x55f3192cc9e0_17 .net/s v0x55f3192cc9e0 17, 15 0, L_0x55f3192d6470; 1 drivers
v0x55f3192cc9e0_18 .net/s v0x55f3192cc9e0 18, 15 0, L_0x55f3192f1ab0; 1 drivers
v0x55f3192cc9e0_19 .net/s v0x55f3192cc9e0 19, 15 0, L_0x55f3192f1b50; 1 drivers
v0x55f3192cc9e0_20 .net/s v0x55f3192cc9e0 20, 15 0, L_0x55f3192f1610; 1 drivers
v0x55f3192cc9e0_21 .net/s v0x55f3192cc9e0 21, 15 0, L_0x55f3192f16e0; 1 drivers
v0x55f3192cc9e0_22 .net/s v0x55f3192cc9e0 22, 15 0, L_0x55f3192f17b0; 1 drivers
v0x55f3192cc9e0_23 .net/s v0x55f3192cc9e0 23, 15 0, L_0x55f3192f1880; 1 drivers
v0x55f3192cc9e0_24 .net/s v0x55f3192cc9e0 24, 15 0, L_0x55f3192f1950; 1 drivers
v0x55f3192cc9e0_25 .net/s v0x55f3192cc9e0 25, 15 0, L_0x55f3192f1a20; 1 drivers
v0x55f3192cc9e0_26 .net/s v0x55f3192cc9e0 26, 15 0, L_0x55f3192d65b0; 1 drivers
v0x55f3192cc9e0_27 .net/s v0x55f3192cc9e0 27, 15 0, L_0x55f3192f2130; 1 drivers
v0x55f3192cc9e0_28 .net/s v0x55f3192cc9e0 28, 15 0, L_0x55f3192f1c20; 1 drivers
v0x55f3192cc9e0_29 .net/s v0x55f3192cc9e0 29, 15 0, L_0x55f3192f1cf0; 1 drivers
v0x55f3192cc9e0_30 .net/s v0x55f3192cc9e0 30, 15 0, L_0x55f3192f1dc0; 1 drivers
v0x55f3192cc9e0_31 .net/s v0x55f3192cc9e0 31, 15 0, L_0x55f3192f1e90; 1 drivers
v0x55f3192cc9e0_32 .net/s v0x55f3192cc9e0 32, 15 0, L_0x55f3192f1f60; 1 drivers
v0x55f3192cc9e0_33 .net/s v0x55f3192cc9e0 33, 15 0, L_0x55f3192f2030; 1 drivers
v0x55f3192cc9e0_34 .net/s v0x55f3192cc9e0 34, 15 0, L_0x55f3192d6650; 1 drivers
v0x55f3192cc9e0_35 .net/s v0x55f3192cc9e0 35, 15 0, L_0x55f3192f2720; 1 drivers
v0x55f3192cc9e0_36 .net/s v0x55f3192cc9e0 36, 15 0, L_0x55f3192f2200; 1 drivers
v0x55f3192cc9e0_37 .net/s v0x55f3192cc9e0 37, 15 0, L_0x55f3192f22d0; 1 drivers
v0x55f3192cc9e0_38 .net/s v0x55f3192cc9e0 38, 15 0, L_0x55f3192f23a0; 1 drivers
v0x55f3192cc9e0_39 .net/s v0x55f3192cc9e0 39, 15 0, L_0x55f3192f2470; 1 drivers
v0x55f3192cc9e0_40 .net/s v0x55f3192cc9e0 40, 15 0, L_0x55f3192f2540; 1 drivers
v0x55f3192cc9e0_41 .net/s v0x55f3192cc9e0 41, 15 0, L_0x55f3192f2610; 1 drivers
v0x55f3192cc9e0_42 .net/s v0x55f3192cc9e0 42, 15 0, L_0x55f3192d6750; 1 drivers
v0x55f3192cc9e0_43 .net/s v0x55f3192cc9e0 43, 15 0, L_0x55f3192f2d20; 1 drivers
v0x55f3192cc9e0_44 .net/s v0x55f3192cc9e0 44, 15 0, L_0x55f3192f27c0; 1 drivers
v0x55f3192cc9e0_45 .net/s v0x55f3192cc9e0 45, 15 0, L_0x55f3192f2890; 1 drivers
v0x55f3192cc9e0_46 .net/s v0x55f3192cc9e0 46, 15 0, L_0x55f3192f2960; 1 drivers
v0x55f3192cc9e0_47 .net/s v0x55f3192cc9e0 47, 15 0, L_0x55f3192f2a30; 1 drivers
v0x55f3192cc9e0_48 .net/s v0x55f3192cc9e0 48, 15 0, L_0x55f3192f2b00; 1 drivers
v0x55f3192cc9e0_49 .net/s v0x55f3192cc9e0 49, 15 0, L_0x55f3192f2bd0; 1 drivers
v0x55f3192cc9e0_50 .net/s v0x55f3192cc9e0 50, 15 0, L_0x55f3192f2ca0; 1 drivers
v0x55f3192cc9e0_51 .net/s v0x55f3192cc9e0 51, 15 0, L_0x55f3192d68b0; 1 drivers
v0x55f3192cc9e0_52 .net/s v0x55f3192cc9e0 52, 15 0, L_0x55f3192f2d90; 1 drivers
v0x55f3192cc9e0_53 .net/s v0x55f3192cc9e0 53, 15 0, L_0x55f3192f2e60; 1 drivers
v0x55f3192cc9e0_54 .net/s v0x55f3192cc9e0 54, 15 0, L_0x55f3192f2f30; 1 drivers
v0x55f3192cc9e0_55 .net/s v0x55f3192cc9e0 55, 15 0, L_0x55f3192f3000; 1 drivers
v0x55f3192cc9e0_56 .net/s v0x55f3192cc9e0 56, 15 0, L_0x55f3192f30d0; 1 drivers
v0x55f3192cc9e0_57 .net/s v0x55f3192cc9e0 57, 15 0, L_0x55f3192f31a0; 1 drivers
v0x55f3192cc9e0_58 .net/s v0x55f3192cc9e0 58, 15 0, L_0x55f3192f3270; 1 drivers
v0x55f3192cc9e0_59 .net/s v0x55f3192cc9e0 59, 15 0, L_0x55f3192d6980; 1 drivers
v0x55f3192cc9e0_60 .net/s v0x55f3192cc9e0 60, 15 0, L_0x55f3192f3950; 1 drivers
v0x55f3192cc9e0_61 .net/s v0x55f3192cc9e0 61, 15 0, L_0x55f3192f39f0; 1 drivers
v0x55f3192cc9e0_62 .net/s v0x55f3192cc9e0 62, 15 0, L_0x55f3192f3360; 1 drivers
v0x55f3192cc9e0_63 .net/s v0x55f3192cc9e0 63, 15 0, L_0x55f3192f3430; 1 drivers
v0x55f3192cd2a0 .array/s "b1_mux", 3 0, 15 0;
v0x55f3192cd430_0 .net/s "b2_bias", 15 0, v0x55f3192d6b10_0;  1 drivers
v0x55f3192cd510_0 .var/s "block_sum_q12", 18 0;
v0x55f3192cd5f0_0 .net "busy", 0 0, L_0x55f3192eacb0;  alias, 1 drivers
v0x55f3192cd6b0_0 .net "clk", 0 0, v0x55f3192d6c70_0;  1 drivers
v0x55f3192cd7e0_0 .net/s "coord_x", 15 0, v0x55f3192d6d10_0;  1 drivers
v0x55f3192cd8c0_0 .var/s "coord_x_latched", 15 0;
v0x55f3192cd9a0_0 .net/s "coord_y", 15 0, v0x55f3192d6db0_0;  1 drivers
v0x55f3192cda80_0 .var/s "coord_y_latched", 15 0;
v0x55f3192cdb60_0 .var "drain_started", 0 0;
v0x55f3192cdc20_0 .var "feed_cycle_cnt", 4 0;
v0x55f3192cdd00_0 .var/s "final_sum", 39 0;
v0x55f3192cdde0 .array/s "l1_affine_sum", 3 0, 33 0;
v0x55f3192cdea0 .array/s "l1_prod_x", 3 0, 31 0;
v0x55f3192cdfe0 .array/s "l1_prod_y", 3 0, 31 0;
v0x55f3192ce120 .array/s "l2_prod_q", 3 0, 15 0;
v0x55f3192ce260 .array/s "l2_prod_raw", 3 0, 31 0;
v0x55f3192ce3a0 .array "lane_sel_idx", 3 0, 5 0;
v0x55f3192ce4e0 .array "neuron_act_out", 3 0;
v0x55f3192ce4e0_0 .net/s v0x55f3192ce4e0 0, 15 0, L_0x55f319120e80; 1 drivers
v0x55f3192ce4e0_1 .net/s v0x55f3192ce4e0 1, 15 0, L_0x55f3192823c0; 1 drivers
v0x55f3192ce4e0_2 .net/s v0x55f3192ce4e0 2, 15 0, L_0x55f318fbdf70; 1 drivers
v0x55f3192ce4e0_3 .net/s v0x55f3192ce4e0 3, 15 0, L_0x55f3192eaa50; 1 drivers
v0x55f3192ce5a0 .array "neuron_valid_lanes", 3 0;
v0x55f3192ce5a0_0 .net v0x55f3192ce5a0 0, 0 0, L_0x55f319128c80; 1 drivers
v0x55f3192ce5a0_1 .net v0x55f3192ce5a0 1, 0 0, L_0x55f319281be0; 1 drivers
v0x55f3192ce5a0_2 .net v0x55f3192ce5a0 2, 0 0, L_0x55f318fc6de0; 1 drivers
v0x55f3192ce5a0_3 .net v0x55f3192ce5a0 3, 0 0, L_0x55f3192ea920; 1 drivers
v0x55f3192ce640_0 .var "pass_issue_cnt", 3 0;
v0x55f3192ce720_0 .var "pass_retire_cnt", 4 0;
v0x55f3192ce800_0 .var/s "pixel_out", 15 0;
v0x55f3192ce8e0_0 .net "pixel_valid_out", 0 0, L_0x55f3192eada0;  alias, 1 drivers
v0x55f3192ce9a0_0 .net "rst_in", 0 0, v0x55f3192d73f0_0;  1 drivers
v0x55f3192cea40_0 .net "start_eval", 0 0, v0x55f3192d7860_0;  1 drivers
v0x55f3192ceb00_0 .var "state_d", 1 0;
v0x55f3192cebe0_0 .var "state_q", 1 0;
v0x55f3192cecc0 .array/s "tile_affine_q", 3 0, 15 0;
v0x55f3192cee70_0 .var "tile_valid_in", 0 0;
v0x55f3192cef10_0 .net "tile_valid_out", 0 0, L_0x55f3192eac40;  1 drivers
v0x55f3192cefd0_0 .var/s "tree_sum_01", 17 0;
v0x55f3192cf0b0_0 .var/s "tree_sum_23", 17 0;
v0x55f3192cf190 .array "w1_x_mem", 63 0;
v0x55f3192cf190_0 .net/s v0x55f3192cf190 0, 15 0, L_0x55f3192eaee0; 1 drivers
v0x55f3192cf190_1 .net/s v0x55f3192cf190 1, 15 0, L_0x55f3192eaf50; 1 drivers
v0x55f3192cf190_2 .net/s v0x55f3192cf190 2, 15 0, L_0x55f3192eafc0; 1 drivers
v0x55f3192cf190_3 .net/s v0x55f3192cf190 3, 15 0, L_0x55f3192eb030; 1 drivers
v0x55f3192cf190_4 .net/s v0x55f3192cf190 4, 15 0, L_0x55f3192eb0a0; 1 drivers
v0x55f3192cf190_5 .net/s v0x55f3192cf190 5, 15 0, L_0x55f3192eb110; 1 drivers
v0x55f3192cf190_6 .net/s v0x55f3192cf190 6, 15 0, L_0x55f3192eb1c0; 1 drivers
v0x55f3192cf190_7 .net/s v0x55f3192cf190 7, 15 0, L_0x55f3192eb230; 1 drivers
v0x55f3192cf190_8 .net/s v0x55f3192cf190 8, 15 0, L_0x55f3192eb2f0; 1 drivers
v0x55f3192cf190_9 .net/s v0x55f3192cf190 9, 15 0, L_0x55f3192eb360; 1 drivers
v0x55f3192cf190_10 .net/s v0x55f3192cf190 10, 15 0, L_0x55f3192eb430; 1 drivers
v0x55f3192cf190_11 .net/s v0x55f3192cf190 11, 15 0, L_0x55f3192eb4a0; 1 drivers
v0x55f3192cf190_12 .net/s v0x55f3192cf190 12, 15 0, L_0x55f3192eb5b0; 1 drivers
v0x55f3192cf190_13 .net/s v0x55f3192cf190 13, 15 0, L_0x55f3192eb620; 1 drivers
v0x55f3192cf190_14 .net/s v0x55f3192cf190 14, 15 0, L_0x55f3192eb540; 1 drivers
v0x55f3192cf190_15 .net/s v0x55f3192cf190 15, 15 0, L_0x55f3192eb7d0; 1 drivers
v0x55f3192cf190_16 .net/s v0x55f3192cf190 16, 15 0, L_0x55f3192eb6f0; 1 drivers
v0x55f3192cf190_17 .net/s v0x55f3192cf190 17, 15 0, L_0x55f3192eb990; 1 drivers
v0x55f3192cf190_18 .net/s v0x55f3192cf190 18, 15 0, L_0x55f3192eb8a0; 1 drivers
v0x55f3192cf190_19 .net/s v0x55f3192cf190 19, 15 0, L_0x55f3192ebb30; 1 drivers
v0x55f3192cf190_20 .net/s v0x55f3192cf190 20, 15 0, L_0x55f3192eba30; 1 drivers
v0x55f3192cf190_21 .net/s v0x55f3192cf190 21, 15 0, L_0x55f3192ebcb0; 1 drivers
v0x55f3192cf190_22 .net/s v0x55f3192cf190 22, 15 0, L_0x55f3192ebbd0; 1 drivers
v0x55f3192cf190_23 .net/s v0x55f3192cf190 23, 15 0, L_0x55f3192ebe40; 1 drivers
v0x55f3192cf190_24 .net/s v0x55f3192cf190 24, 15 0, L_0x55f3192ebd50; 1 drivers
v0x55f3192cf190_25 .net/s v0x55f3192cf190 25, 15 0, L_0x55f3192ebfe0; 1 drivers
v0x55f3192cf190_26 .net/s v0x55f3192cf190 26, 15 0, L_0x55f3192ebee0; 1 drivers
v0x55f3192cf190_27 .net/s v0x55f3192cf190 27, 15 0, L_0x55f3192ec160; 1 drivers
v0x55f3192cf190_28 .net/s v0x55f3192cf190 28, 15 0, L_0x55f3192ec080; 1 drivers
v0x55f3192cf190_29 .net/s v0x55f3192cf190 29, 15 0, L_0x55f3192ec2f0; 1 drivers
v0x55f3192cf190_30 .net/s v0x55f3192cf190 30, 15 0, L_0x55f3192ec200; 1 drivers
v0x55f3192cf190_31 .net/s v0x55f3192cf190 31, 15 0, L_0x55f3192ec490; 1 drivers
v0x55f3192cf190_32 .net/s v0x55f3192cf190 32, 15 0, L_0x55f3192ec390; 1 drivers
v0x55f3192cf190_33 .net/s v0x55f3192cf190 33, 15 0, L_0x55f3192ec640; 1 drivers
v0x55f3192cf190_34 .net/s v0x55f3192cf190 34, 15 0, L_0x55f3192ec530; 1 drivers
v0x55f3192cf190_35 .net/s v0x55f3192cf190 35, 15 0, L_0x55f3192ec7d0; 1 drivers
v0x55f3192cf190_36 .net/s v0x55f3192cf190 36, 15 0, L_0x55f3192ec6b0; 1 drivers
v0x55f3192cf190_37 .net/s v0x55f3192cf190 37, 15 0, L_0x55f3192ec970; 1 drivers
v0x55f3192cf190_38 .net/s v0x55f3192cf190 38, 15 0, L_0x55f3192ec840; 1 drivers
v0x55f3192cf190_39 .net/s v0x55f3192cf190 39, 15 0, L_0x55f3192ecb20; 1 drivers
v0x55f3192cf190_40 .net/s v0x55f3192cf190 40, 15 0, L_0x55f3192ec9e0; 1 drivers
v0x55f3192cf190_41 .net/s v0x55f3192cf190 41, 15 0, L_0x55f3192eca80; 1 drivers
v0x55f3192cf190_42 .net/s v0x55f3192cf190 42, 15 0, L_0x55f3192eccf0; 1 drivers
v0x55f3192cf190_43 .net/s v0x55f3192cf190 43, 15 0, L_0x55f3192ecdc0; 1 drivers
v0x55f3192cf190_44 .net/s v0x55f3192cf190 44, 15 0, L_0x55f3192ecb90; 1 drivers
v0x55f3192cf190_45 .net/s v0x55f3192cf190 45, 15 0, L_0x55f3192ecc60; 1 drivers
v0x55f3192cf190_46 .net/s v0x55f3192cf190 46, 15 0, L_0x55f3192ece60; 1 drivers
v0x55f3192cf190_47 .net/s v0x55f3192cf190 47, 15 0, L_0x55f3192ecf30; 1 drivers
v0x55f3192cf190_48 .net/s v0x55f3192cf190 48, 15 0, L_0x55f3192ed190; 1 drivers
v0x55f3192cf190_49 .net/s v0x55f3192cf190 49, 15 0, L_0x55f3192ed260; 1 drivers
v0x55f3192cf190_50 .net/s v0x55f3192cf190 50, 15 0, L_0x55f3192ed000; 1 drivers
v0x55f3192cf190_51 .net/s v0x55f3192cf190 51, 15 0, L_0x55f3192ed0d0; 1 drivers
v0x55f3192cf190_52 .net/s v0x55f3192cf190 52, 15 0, L_0x55f3192ed4b0; 1 drivers
v0x55f3192cf190_53 .net/s v0x55f3192cf190 53, 15 0, L_0x55f3192ed580; 1 drivers
v0x55f3192cf190_54 .net/s v0x55f3192cf190 54, 15 0, L_0x55f3192ed300; 1 drivers
v0x55f3192cf190_55 .net/s v0x55f3192cf190 55, 15 0, L_0x55f3192ed3d0; 1 drivers
v0x55f3192cf190_56 .net/s v0x55f3192cf190 56, 15 0, L_0x55f3192ed7f0; 1 drivers
v0x55f3192cf190_57 .net/s v0x55f3192cf190 57, 15 0, L_0x55f3192ed890; 1 drivers
v0x55f3192cf190_58 .net/s v0x55f3192cf190 58, 15 0, L_0x55f3192ed620; 1 drivers
v0x55f3192cf190_59 .net/s v0x55f3192cf190 59, 15 0, L_0x55f3192ed6f0; 1 drivers
v0x55f3192cf190_60 .net/s v0x55f3192cf190 60, 15 0, L_0x55f3192edb20; 1 drivers
v0x55f3192cf190_61 .net/s v0x55f3192cf190 61, 15 0, L_0x55f3192edb90; 1 drivers
v0x55f3192cf190_62 .net/s v0x55f3192cf190 62, 15 0, L_0x55f3192ed930; 1 drivers
v0x55f3192cf190_63 .net/s v0x55f3192cf190 63, 15 0, L_0x55f3192eda00; 1 drivers
v0x55f3192cfc60 .array/s "w1_x_mux", 3 0, 15 0;
v0x55f3192cfda0 .array "w1_y_mem", 63 0;
v0x55f3192cfda0_0 .net/s v0x55f3192cfda0 0, 15 0, L_0x55f3192d8320; 1 drivers
v0x55f3192cfda0_1 .net/s v0x55f3192cfda0 1, 15 0, L_0x55f3192ede70; 1 drivers
v0x55f3192cfda0_2 .net/s v0x55f3192cfda0 2, 15 0, L_0x55f3192edc30; 1 drivers
v0x55f3192cfda0_3 .net/s v0x55f3192cfda0 3, 15 0, L_0x55f3192edd00; 1 drivers
v0x55f3192cfda0_4 .net/s v0x55f3192cfda0 4, 15 0, L_0x55f3192eddd0; 1 drivers
v0x55f3192cfda0_5 .net/s v0x55f3192cfda0 5, 15 0, L_0x55f3192ee170; 1 drivers
v0x55f3192cfda0_6 .net/s v0x55f3192cfda0 6, 15 0, L_0x55f3192edf40; 1 drivers
v0x55f3192cfda0_7 .net/s v0x55f3192cfda0 7, 15 0, L_0x55f3192ee010; 1 drivers
v0x55f3192cfda0_8 .net/s v0x55f3192cfda0 8, 15 0, L_0x55f3192ee0e0; 1 drivers
v0x55f3192cfda0_9 .net/s v0x55f3192cfda0 9, 15 0, L_0x55f3192ee460; 1 drivers
v0x55f3192cfda0_10 .net/s v0x55f3192cfda0 10, 15 0, L_0x55f3192ee210; 1 drivers
v0x55f3192cfda0_11 .net/s v0x55f3192cfda0 11, 15 0, L_0x55f3192ee2e0; 1 drivers
v0x55f3192cfda0_12 .net/s v0x55f3192cfda0 12, 15 0, L_0x55f3192ee3b0; 1 drivers
v0x55f3192cfda0_13 .net/s v0x55f3192cfda0 13, 15 0, L_0x55f3192d87a0; 1 drivers
v0x55f3192cfda0_14 .net/s v0x55f3192cfda0 14, 15 0, L_0x55f3192ee530; 1 drivers
v0x55f3192cfda0_15 .net/s v0x55f3192cfda0 15, 15 0, L_0x55f3192ee600; 1 drivers
v0x55f3192cfda0_16 .net/s v0x55f3192cfda0 16, 15 0, L_0x55f3192ee6d0; 1 drivers
v0x55f3192cfda0_17 .net/s v0x55f3192cfda0 17, 15 0, L_0x55f3192d8810; 1 drivers
v0x55f3192cfda0_18 .net/s v0x55f3192cfda0 18, 15 0, L_0x55f3192ee800; 1 drivers
v0x55f3192cfda0_19 .net/s v0x55f3192cfda0 19, 15 0, L_0x55f3192ee8d0; 1 drivers
v0x55f3192cfda0_20 .net/s v0x55f3192cfda0 20, 15 0, L_0x55f3192ee9a0; 1 drivers
v0x55f3192cfda0_21 .net/s v0x55f3192cfda0 21, 15 0, L_0x55f3192d8890; 1 drivers
v0x55f3192cfda0_22 .net/s v0x55f3192cfda0 22, 15 0, L_0x55f3192eeaf0; 1 drivers
v0x55f3192cfda0_23 .net/s v0x55f3192cfda0 23, 15 0, L_0x55f3192eebc0; 1 drivers
v0x55f3192cfda0_24 .net/s v0x55f3192cfda0 24, 15 0, L_0x55f3192eec90; 1 drivers
v0x55f3192cfda0_25 .net/s v0x55f3192cfda0 25, 15 0, L_0x55f3192d8910; 1 drivers
v0x55f3192cfda0_26 .net/s v0x55f3192cfda0 26, 15 0, L_0x55f3192eee00; 1 drivers
v0x55f3192cfda0_27 .net/s v0x55f3192cfda0 27, 15 0, L_0x55f3192eeed0; 1 drivers
v0x55f3192cfda0_28 .net/s v0x55f3192cfda0 28, 15 0, L_0x55f3192eefa0; 1 drivers
v0x55f3192cfda0_29 .net/s v0x55f3192cfda0 29, 15 0, L_0x55f3192d8990; 1 drivers
v0x55f3192cfda0_30 .net/s v0x55f3192cfda0 30, 15 0, L_0x55f3192ef400; 1 drivers
v0x55f3192cfda0_31 .net/s v0x55f3192cfda0 31, 15 0, L_0x55f3192ef4d0; 1 drivers
v0x55f3192cfda0_32 .net/s v0x55f3192cfda0 32, 15 0, L_0x55f3192ef100; 1 drivers
v0x55f3192cfda0_33 .net/s v0x55f3192cfda0 33, 15 0, L_0x55f3192ef1d0; 1 drivers
v0x55f3192cfda0_34 .net/s v0x55f3192cfda0 34, 15 0, L_0x55f3192ef2a0; 1 drivers
v0x55f3192cfda0_35 .net/s v0x55f3192cfda0 35, 15 0, L_0x55f3192d8a50; 1 drivers
v0x55f3192cfda0_36 .net/s v0x55f3192cfda0 36, 15 0, L_0x55f3192ef8a0; 1 drivers
v0x55f3192cfda0_37 .net/s v0x55f3192cfda0 37, 15 0, L_0x55f3192ef940; 1 drivers
v0x55f3192cfda0_38 .net/s v0x55f3192cfda0 38, 15 0, L_0x55f3192ef570; 1 drivers
v0x55f3192cfda0_39 .net/s v0x55f3192cfda0 39, 15 0, L_0x55f3192ef640; 1 drivers
v0x55f3192cfda0_40 .net/s v0x55f3192cfda0 40, 15 0, L_0x55f3192ef710; 1 drivers
v0x55f3192cfda0_41 .net/s v0x55f3192cfda0 41, 15 0, L_0x55f3192ef7e0; 1 drivers
v0x55f3192cfda0_42 .net/s v0x55f3192cfda0 42, 15 0, L_0x55f3192d8b40; 1 drivers
v0x55f3192cfda0_43 .net/s v0x55f3192cfda0 43, 15 0, L_0x55f3192efda0; 1 drivers
v0x55f3192cfda0_44 .net/s v0x55f3192cfda0 44, 15 0, L_0x55f3192ef9e0; 1 drivers
v0x55f3192cfda0_45 .net/s v0x55f3192cfda0 45, 15 0, L_0x55f3192efab0; 1 drivers
v0x55f3192cfda0_46 .net/s v0x55f3192cfda0 46, 15 0, L_0x55f3192efb80; 1 drivers
v0x55f3192cfda0_47 .net/s v0x55f3192cfda0 47, 15 0, L_0x55f3192efc50; 1 drivers
v0x55f3192cfda0_48 .net/s v0x55f3192cfda0 48, 15 0, L_0x55f3192d8bb0; 1 drivers
v0x55f3192cfda0_49 .net/s v0x55f3192cfda0 49, 15 0, L_0x55f3192f0230; 1 drivers
v0x55f3192cfda0_50 .net/s v0x55f3192cfda0 50, 15 0, L_0x55f3192efe70; 1 drivers
v0x55f3192cfda0_51 .net/s v0x55f3192cfda0 51, 15 0, L_0x55f3192eff40; 1 drivers
v0x55f3192cfda0_52 .net/s v0x55f3192cfda0 52, 15 0, L_0x55f3192f0010; 1 drivers
v0x55f3192cfda0_53 .net/s v0x55f3192cfda0 53, 15 0, L_0x55f3192f00e0; 1 drivers
v0x55f3192cfda0_54 .net/s v0x55f3192cfda0 54, 15 0, L_0x55f3192d8c90; 1 drivers
v0x55f3192cfda0_55 .net/s v0x55f3192cfda0 55, 15 0, L_0x55f3192f0690; 1 drivers
v0x55f3192cfda0_56 .net/s v0x55f3192cfda0 56, 15 0, L_0x55f3192f02d0; 1 drivers
v0x55f3192cfda0_57 .net/s v0x55f3192cfda0 57, 15 0, L_0x55f3192f03a0; 1 drivers
v0x55f3192cfda0_58 .net/s v0x55f3192cfda0 58, 15 0, L_0x55f3192f0470; 1 drivers
v0x55f3192cfda0_59 .net/s v0x55f3192cfda0 59, 15 0, L_0x55f3192f0540; 1 drivers
v0x55f3192cfda0_60 .net/s v0x55f3192cfda0 60, 15 0, L_0x55f3192f0610; 1 drivers
v0x55f3192cfda0_61 .net/s v0x55f3192cfda0 61, 15 0, L_0x55f3192d8d90; 1 drivers
v0x55f3192cfda0_62 .net/s v0x55f3192cfda0 62, 15 0, L_0x55f3192f0760; 1 drivers
v0x55f3192cfda0_63 .net/s v0x55f3192cfda0 63, 15 0, L_0x55f3192f0830; 1 drivers
v0x55f3192d0870 .array/s "w1_y_mux", 3 0, 15 0;
v0x55f3192d09b0 .array/s "w2_current", 3 0, 15 0;
v0x55f3192d0af0 .array "w2_mem", 63 0;
v0x55f3192d0af0_0 .net/s v0x55f3192d0af0 0, 15 0, L_0x55f3192f3500; 1 drivers
v0x55f3192d0af0_1 .net/s v0x55f3192d0af0 1, 15 0, L_0x55f3192f35d0; 1 drivers
v0x55f3192d0af0_2 .net/s v0x55f3192d0af0 2, 15 0, L_0x55f3192f36a0; 1 drivers
v0x55f3192d0af0_3 .net/s v0x55f3192d0af0 3, 15 0, L_0x55f3192f3770; 1 drivers
v0x55f3192d0af0_4 .net/s v0x55f3192d0af0 4, 15 0, L_0x55f3192f3840; 1 drivers
v0x55f3192d0af0_5 .net/s v0x55f3192d0af0 5, 15 0, L_0x55f3192d6a90; 1 drivers
v0x55f3192d0af0_6 .net/s v0x55f3192d0af0 6, 15 0, L_0x55f3192d9170; 1 drivers
v0x55f3192d0af0_7 .net/s v0x55f3192d0af0 7, 15 0, L_0x55f3192f4160; 1 drivers
v0x55f3192d0af0_8 .net/s v0x55f3192d0af0 8, 15 0, L_0x55f3192f3ac0; 1 drivers
v0x55f3192d0af0_9 .net/s v0x55f3192d0af0 9, 15 0, L_0x55f3192f3b90; 1 drivers
v0x55f3192d0af0_10 .net/s v0x55f3192d0af0 10, 15 0, L_0x55f3192f3c60; 1 drivers
v0x55f3192d0af0_11 .net/s v0x55f3192d0af0 11, 15 0, L_0x55f3192f3d30; 1 drivers
v0x55f3192d0af0_12 .net/s v0x55f3192d0af0 12, 15 0, L_0x55f3192f3e00; 1 drivers
v0x55f3192d0af0_13 .net/s v0x55f3192d0af0 13, 15 0, L_0x55f3192f3ed0; 1 drivers
v0x55f3192d0af0_14 .net/s v0x55f3192d0af0 14, 15 0, L_0x55f3192f3fa0; 1 drivers
v0x55f3192d0af0_15 .net/s v0x55f3192d0af0 15, 15 0, L_0x55f3192f4070; 1 drivers
v0x55f3192d0af0_16 .net/s v0x55f3192d0af0 16, 15 0, L_0x55f3192d9280; 1 drivers
v0x55f3192d0af0_17 .net/s v0x55f3192d0af0 17, 15 0, L_0x55f3192f48c0; 1 drivers
v0x55f3192d0af0_18 .net/s v0x55f3192d0af0 18, 15 0, L_0x55f3192f4200; 1 drivers
v0x55f3192d0af0_19 .net/s v0x55f3192d0af0 19, 15 0, L_0x55f3192f42d0; 1 drivers
v0x55f3192d0af0_20 .net/s v0x55f3192d0af0 20, 15 0, L_0x55f3192f43a0; 1 drivers
v0x55f3192d0af0_21 .net/s v0x55f3192d0af0 21, 15 0, L_0x55f3192f4470; 1 drivers
v0x55f3192d0af0_22 .net/s v0x55f3192d0af0 22, 15 0, L_0x55f3192f4540; 1 drivers
v0x55f3192d0af0_23 .net/s v0x55f3192d0af0 23, 15 0, L_0x55f3192f4610; 1 drivers
v0x55f3192d0af0_24 .net/s v0x55f3192d0af0 24, 15 0, L_0x55f3192f46e0; 1 drivers
v0x55f3192d0af0_25 .net/s v0x55f3192d0af0 25, 15 0, L_0x55f3192f47b0; 1 drivers
v0x55f3192d0af0_26 .net/s v0x55f3192d0af0 26, 15 0, L_0x55f3192d9360; 1 drivers
v0x55f3192d0af0_27 .net/s v0x55f3192d0af0 27, 15 0, L_0x55f3192d9430; 1 drivers
v0x55f3192d0af0_28 .net/s v0x55f3192d0af0 28, 15 0, L_0x55f3192f4960; 1 drivers
v0x55f3192d0af0_29 .net/s v0x55f3192d0af0 29, 15 0, L_0x55f3192f4a30; 1 drivers
v0x55f3192d0af0_30 .net/s v0x55f3192d0af0 30, 15 0, L_0x55f3192f4b00; 1 drivers
v0x55f3192d0af0_31 .net/s v0x55f3192d0af0 31, 15 0, L_0x55f3192f4bd0; 1 drivers
v0x55f3192d0af0_32 .net/s v0x55f3192d0af0 32, 15 0, L_0x55f3192f4ca0; 1 drivers
v0x55f3192d0af0_33 .net/s v0x55f3192d0af0 33, 15 0, L_0x55f3192f4d70; 1 drivers
v0x55f3192d0af0_34 .net/s v0x55f3192d0af0 34, 15 0, L_0x55f3192f4e40; 1 drivers
v0x55f3192d0af0_35 .net/s v0x55f3192d0af0 35, 15 0, L_0x55f3192f4f10; 1 drivers
v0x55f3192d0af0_36 .net/s v0x55f3192d0af0 36, 15 0, L_0x55f3192d94a0; 1 drivers
v0x55f3192d0af0_37 .net/s v0x55f3192d0af0 37, 15 0, L_0x55f3192d9570; 1 drivers
v0x55f3192d0af0_38 .net/s v0x55f3192d0af0 38, 15 0, L_0x55f3192f57e0; 1 drivers
v0x55f3192d0af0_39 .net/s v0x55f3192d0af0 39, 15 0, L_0x55f3192f58b0; 1 drivers
v0x55f3192d0af0_40 .net/s v0x55f3192d0af0 40, 15 0, L_0x55f3192f50a0; 1 drivers
v0x55f3192d0af0_41 .net/s v0x55f3192d0af0 41, 15 0, L_0x55f3192f5170; 1 drivers
v0x55f3192d0af0_42 .net/s v0x55f3192d0af0 42, 15 0, L_0x55f3192f5240; 1 drivers
v0x55f3192d0af0_43 .net/s v0x55f3192d0af0 43, 15 0, L_0x55f3192f5310; 1 drivers
v0x55f3192d0af0_44 .net/s v0x55f3192d0af0 44, 15 0, L_0x55f3192f53e0; 1 drivers
v0x55f3192d0af0_45 .net/s v0x55f3192d0af0 45, 15 0, L_0x55f3192f54b0; 1 drivers
v0x55f3192d0af0_46 .net/s v0x55f3192d0af0 46, 15 0, L_0x55f3192f5580; 1 drivers
v0x55f3192d0af0_47 .net/s v0x55f3192d0af0 47, 15 0, L_0x55f3192f5650; 1 drivers
v0x55f3192d0af0_48 .net/s v0x55f3192d0af0 48, 15 0, L_0x55f3192f5720; 1 drivers
v0x55f3192d0af0_49 .net/s v0x55f3192d0af0 49, 15 0, L_0x55f3192d9650; 1 drivers
v0x55f3192d0af0_50 .net/s v0x55f3192d0af0 50, 15 0, L_0x55f3192f60f0; 1 drivers
v0x55f3192d0af0_51 .net/s v0x55f3192d0af0 51, 15 0, L_0x55f3192f6160; 1 drivers
v0x55f3192d0af0_52 .net/s v0x55f3192d0af0 52, 15 0, L_0x55f3192f5950; 1 drivers
v0x55f3192d0af0_53 .net/s v0x55f3192d0af0 53, 15 0, L_0x55f3192f5a20; 1 drivers
v0x55f3192d0af0_54 .net/s v0x55f3192d0af0 54, 15 0, L_0x55f3192f5af0; 1 drivers
v0x55f3192d0af0_55 .net/s v0x55f3192d0af0 55, 15 0, L_0x55f3192f5bc0; 1 drivers
v0x55f3192d0af0_56 .net/s v0x55f3192d0af0 56, 15 0, L_0x55f3192f5c90; 1 drivers
v0x55f3192d0af0_57 .net/s v0x55f3192d0af0 57, 15 0, L_0x55f3192f5d60; 1 drivers
v0x55f3192d0af0_58 .net/s v0x55f3192d0af0 58, 15 0, L_0x55f3192f5e30; 1 drivers
v0x55f3192d0af0_59 .net/s v0x55f3192d0af0 59, 15 0, L_0x55f3192f5f00; 1 drivers
v0x55f3192d0af0_60 .net/s v0x55f3192d0af0 60, 15 0, L_0x55f3192f5fd0; 1 drivers
v0x55f3192d0af0_61 .net/s v0x55f3192d0af0 61, 15 0, L_0x55f3192d9780; 1 drivers
v0x55f3192d0af0_62 .net/s v0x55f3192d0af0 62, 15 0, L_0x55f3192d9850; 1 drivers
v0x55f3192d0af0_63 .net/s v0x55f3192d0af0 63, 15 0, L_0x55f3192f6a30; 1 drivers
v0x55f3192d15c0 .array/s "w2_mux", 3 0, 15 0;
v0x55f3192d1680 .array/s "w2_pass_reg", 63 0, 15 0;
E_0x55f318f9a180 .event anyedge, v0x55f3192cc920_0, v0x55f3192cd430_0;
E_0x55f318f9cd60 .event anyedge, v0x55f3192cebe0_0, v0x55f3192cea40_0, v0x55f3192cdc20_0, v0x55f3192ce720_0;
E_0x55f318f9b450/0 .event anyedge, v0x55f318fc6ca0_0, v0x55f31928d010_0, v0x55f3192aa7b0_0, v0x55f3192c8f50_0;
v0x55f3192d09b0_0 .array/port v0x55f3192d09b0, 0;
v0x55f3192d09b0_1 .array/port v0x55f3192d09b0, 1;
v0x55f3192d09b0_2 .array/port v0x55f3192d09b0, 2;
v0x55f3192d09b0_3 .array/port v0x55f3192d09b0, 3;
E_0x55f318f9b450/1 .event anyedge, v0x55f3192d09b0_0, v0x55f3192d09b0_1, v0x55f3192d09b0_2, v0x55f3192d09b0_3;
v0x55f3192ce260_0 .array/port v0x55f3192ce260, 0;
v0x55f3192ce260_1 .array/port v0x55f3192ce260, 1;
v0x55f3192ce260_2 .array/port v0x55f3192ce260, 2;
v0x55f3192ce260_3 .array/port v0x55f3192ce260, 3;
E_0x55f318f9b450/2 .event anyedge, v0x55f3192ce260_0, v0x55f3192ce260_1, v0x55f3192ce260_2, v0x55f3192ce260_3;
v0x55f3192ce120_0 .array/port v0x55f3192ce120, 0;
v0x55f3192ce120_1 .array/port v0x55f3192ce120, 1;
v0x55f3192ce120_2 .array/port v0x55f3192ce120, 2;
v0x55f3192ce120_3 .array/port v0x55f3192ce120, 3;
E_0x55f318f9b450/3 .event anyedge, v0x55f3192ce120_0, v0x55f3192ce120_1, v0x55f3192ce120_2, v0x55f3192ce120_3;
E_0x55f318f9b450 .event/or E_0x55f318f9b450/0, E_0x55f318f9b450/1, E_0x55f318f9b450/2, E_0x55f318f9b450/3;
v0x55f3192d1680_0 .array/port v0x55f3192d1680, 0;
v0x55f3192d1680_1 .array/port v0x55f3192d1680, 1;
v0x55f3192d1680_2 .array/port v0x55f3192d1680, 2;
E_0x55f318f9c4c0/0 .event anyedge, v0x55f3192ce720_0, v0x55f3192d1680_0, v0x55f3192d1680_1, v0x55f3192d1680_2;
v0x55f3192d1680_3 .array/port v0x55f3192d1680, 3;
v0x55f3192d1680_4 .array/port v0x55f3192d1680, 4;
v0x55f3192d1680_5 .array/port v0x55f3192d1680, 5;
v0x55f3192d1680_6 .array/port v0x55f3192d1680, 6;
E_0x55f318f9c4c0/1 .event anyedge, v0x55f3192d1680_3, v0x55f3192d1680_4, v0x55f3192d1680_5, v0x55f3192d1680_6;
v0x55f3192d1680_7 .array/port v0x55f3192d1680, 7;
v0x55f3192d1680_8 .array/port v0x55f3192d1680, 8;
v0x55f3192d1680_9 .array/port v0x55f3192d1680, 9;
v0x55f3192d1680_10 .array/port v0x55f3192d1680, 10;
E_0x55f318f9c4c0/2 .event anyedge, v0x55f3192d1680_7, v0x55f3192d1680_8, v0x55f3192d1680_9, v0x55f3192d1680_10;
v0x55f3192d1680_11 .array/port v0x55f3192d1680, 11;
v0x55f3192d1680_12 .array/port v0x55f3192d1680, 12;
v0x55f3192d1680_13 .array/port v0x55f3192d1680, 13;
v0x55f3192d1680_14 .array/port v0x55f3192d1680, 14;
E_0x55f318f9c4c0/3 .event anyedge, v0x55f3192d1680_11, v0x55f3192d1680_12, v0x55f3192d1680_13, v0x55f3192d1680_14;
v0x55f3192d1680_15 .array/port v0x55f3192d1680, 15;
v0x55f3192d1680_16 .array/port v0x55f3192d1680, 16;
v0x55f3192d1680_17 .array/port v0x55f3192d1680, 17;
v0x55f3192d1680_18 .array/port v0x55f3192d1680, 18;
E_0x55f318f9c4c0/4 .event anyedge, v0x55f3192d1680_15, v0x55f3192d1680_16, v0x55f3192d1680_17, v0x55f3192d1680_18;
v0x55f3192d1680_19 .array/port v0x55f3192d1680, 19;
v0x55f3192d1680_20 .array/port v0x55f3192d1680, 20;
v0x55f3192d1680_21 .array/port v0x55f3192d1680, 21;
v0x55f3192d1680_22 .array/port v0x55f3192d1680, 22;
E_0x55f318f9c4c0/5 .event anyedge, v0x55f3192d1680_19, v0x55f3192d1680_20, v0x55f3192d1680_21, v0x55f3192d1680_22;
v0x55f3192d1680_23 .array/port v0x55f3192d1680, 23;
v0x55f3192d1680_24 .array/port v0x55f3192d1680, 24;
v0x55f3192d1680_25 .array/port v0x55f3192d1680, 25;
v0x55f3192d1680_26 .array/port v0x55f3192d1680, 26;
E_0x55f318f9c4c0/6 .event anyedge, v0x55f3192d1680_23, v0x55f3192d1680_24, v0x55f3192d1680_25, v0x55f3192d1680_26;
v0x55f3192d1680_27 .array/port v0x55f3192d1680, 27;
v0x55f3192d1680_28 .array/port v0x55f3192d1680, 28;
v0x55f3192d1680_29 .array/port v0x55f3192d1680, 29;
v0x55f3192d1680_30 .array/port v0x55f3192d1680, 30;
E_0x55f318f9c4c0/7 .event anyedge, v0x55f3192d1680_27, v0x55f3192d1680_28, v0x55f3192d1680_29, v0x55f3192d1680_30;
v0x55f3192d1680_31 .array/port v0x55f3192d1680, 31;
v0x55f3192d1680_32 .array/port v0x55f3192d1680, 32;
v0x55f3192d1680_33 .array/port v0x55f3192d1680, 33;
v0x55f3192d1680_34 .array/port v0x55f3192d1680, 34;
E_0x55f318f9c4c0/8 .event anyedge, v0x55f3192d1680_31, v0x55f3192d1680_32, v0x55f3192d1680_33, v0x55f3192d1680_34;
v0x55f3192d1680_35 .array/port v0x55f3192d1680, 35;
v0x55f3192d1680_36 .array/port v0x55f3192d1680, 36;
v0x55f3192d1680_37 .array/port v0x55f3192d1680, 37;
v0x55f3192d1680_38 .array/port v0x55f3192d1680, 38;
E_0x55f318f9c4c0/9 .event anyedge, v0x55f3192d1680_35, v0x55f3192d1680_36, v0x55f3192d1680_37, v0x55f3192d1680_38;
v0x55f3192d1680_39 .array/port v0x55f3192d1680, 39;
v0x55f3192d1680_40 .array/port v0x55f3192d1680, 40;
v0x55f3192d1680_41 .array/port v0x55f3192d1680, 41;
v0x55f3192d1680_42 .array/port v0x55f3192d1680, 42;
E_0x55f318f9c4c0/10 .event anyedge, v0x55f3192d1680_39, v0x55f3192d1680_40, v0x55f3192d1680_41, v0x55f3192d1680_42;
v0x55f3192d1680_43 .array/port v0x55f3192d1680, 43;
v0x55f3192d1680_44 .array/port v0x55f3192d1680, 44;
v0x55f3192d1680_45 .array/port v0x55f3192d1680, 45;
v0x55f3192d1680_46 .array/port v0x55f3192d1680, 46;
E_0x55f318f9c4c0/11 .event anyedge, v0x55f3192d1680_43, v0x55f3192d1680_44, v0x55f3192d1680_45, v0x55f3192d1680_46;
v0x55f3192d1680_47 .array/port v0x55f3192d1680, 47;
v0x55f3192d1680_48 .array/port v0x55f3192d1680, 48;
v0x55f3192d1680_49 .array/port v0x55f3192d1680, 49;
v0x55f3192d1680_50 .array/port v0x55f3192d1680, 50;
E_0x55f318f9c4c0/12 .event anyedge, v0x55f3192d1680_47, v0x55f3192d1680_48, v0x55f3192d1680_49, v0x55f3192d1680_50;
v0x55f3192d1680_51 .array/port v0x55f3192d1680, 51;
v0x55f3192d1680_52 .array/port v0x55f3192d1680, 52;
v0x55f3192d1680_53 .array/port v0x55f3192d1680, 53;
v0x55f3192d1680_54 .array/port v0x55f3192d1680, 54;
E_0x55f318f9c4c0/13 .event anyedge, v0x55f3192d1680_51, v0x55f3192d1680_52, v0x55f3192d1680_53, v0x55f3192d1680_54;
v0x55f3192d1680_55 .array/port v0x55f3192d1680, 55;
v0x55f3192d1680_56 .array/port v0x55f3192d1680, 56;
v0x55f3192d1680_57 .array/port v0x55f3192d1680, 57;
v0x55f3192d1680_58 .array/port v0x55f3192d1680, 58;
E_0x55f318f9c4c0/14 .event anyedge, v0x55f3192d1680_55, v0x55f3192d1680_56, v0x55f3192d1680_57, v0x55f3192d1680_58;
v0x55f3192d1680_59 .array/port v0x55f3192d1680, 59;
v0x55f3192d1680_60 .array/port v0x55f3192d1680, 60;
v0x55f3192d1680_61 .array/port v0x55f3192d1680, 61;
v0x55f3192d1680_62 .array/port v0x55f3192d1680, 62;
E_0x55f318f9c4c0/15 .event anyedge, v0x55f3192d1680_59, v0x55f3192d1680_60, v0x55f3192d1680_61, v0x55f3192d1680_62;
v0x55f3192d1680_63 .array/port v0x55f3192d1680, 63;
E_0x55f318f9c4c0/16 .event anyedge, v0x55f3192d1680_63;
E_0x55f318f9c4c0 .event/or E_0x55f318f9c4c0/0, E_0x55f318f9c4c0/1, E_0x55f318f9c4c0/2, E_0x55f318f9c4c0/3, E_0x55f318f9c4c0/4, E_0x55f318f9c4c0/5, E_0x55f318f9c4c0/6, E_0x55f318f9c4c0/7, E_0x55f318f9c4c0/8, E_0x55f318f9c4c0/9, E_0x55f318f9c4c0/10, E_0x55f318f9c4c0/11, E_0x55f318f9c4c0/12, E_0x55f318f9c4c0/13, E_0x55f318f9c4c0/14, E_0x55f318f9c4c0/15, E_0x55f318f9c4c0/16;
v0x55f3192cfc60_0 .array/port v0x55f3192cfc60, 0;
v0x55f3192cfc60_1 .array/port v0x55f3192cfc60, 1;
v0x55f3192cfc60_2 .array/port v0x55f3192cfc60, 2;
E_0x55f318f9a6d0/0 .event anyedge, v0x55f3192cd8c0_0, v0x55f3192cfc60_0, v0x55f3192cfc60_1, v0x55f3192cfc60_2;
v0x55f3192cfc60_3 .array/port v0x55f3192cfc60, 3;
v0x55f3192d0870_0 .array/port v0x55f3192d0870, 0;
v0x55f3192d0870_1 .array/port v0x55f3192d0870, 1;
E_0x55f318f9a6d0/1 .event anyedge, v0x55f3192cfc60_3, v0x55f3192cda80_0, v0x55f3192d0870_0, v0x55f3192d0870_1;
v0x55f3192d0870_2 .array/port v0x55f3192d0870, 2;
v0x55f3192d0870_3 .array/port v0x55f3192d0870, 3;
v0x55f3192cd2a0_0 .array/port v0x55f3192cd2a0, 0;
v0x55f3192cd2a0_1 .array/port v0x55f3192cd2a0, 1;
E_0x55f318f9a6d0/2 .event anyedge, v0x55f3192d0870_2, v0x55f3192d0870_3, v0x55f3192cd2a0_0, v0x55f3192cd2a0_1;
v0x55f3192cd2a0_2 .array/port v0x55f3192cd2a0, 2;
v0x55f3192cd2a0_3 .array/port v0x55f3192cd2a0, 3;
v0x55f3192cdea0_0 .array/port v0x55f3192cdea0, 0;
v0x55f3192cdea0_1 .array/port v0x55f3192cdea0, 1;
E_0x55f318f9a6d0/3 .event anyedge, v0x55f3192cd2a0_2, v0x55f3192cd2a0_3, v0x55f3192cdea0_0, v0x55f3192cdea0_1;
v0x55f3192cdea0_2 .array/port v0x55f3192cdea0, 2;
v0x55f3192cdea0_3 .array/port v0x55f3192cdea0, 3;
v0x55f3192cdfe0_0 .array/port v0x55f3192cdfe0, 0;
v0x55f3192cdfe0_1 .array/port v0x55f3192cdfe0, 1;
E_0x55f318f9a6d0/4 .event anyedge, v0x55f3192cdea0_2, v0x55f3192cdea0_3, v0x55f3192cdfe0_0, v0x55f3192cdfe0_1;
v0x55f3192cdfe0_2 .array/port v0x55f3192cdfe0, 2;
v0x55f3192cdfe0_3 .array/port v0x55f3192cdfe0, 3;
E_0x55f318f9a6d0/5 .event anyedge, v0x55f3192cdfe0_2, v0x55f3192cdfe0_3;
E_0x55f318f9a6d0 .event/or E_0x55f318f9a6d0/0, E_0x55f318f9a6d0/1, E_0x55f318f9a6d0/2, E_0x55f318f9a6d0/3, E_0x55f318f9a6d0/4, E_0x55f318f9a6d0/5;
v0x55f3192ce3a0_0 .array/port v0x55f3192ce3a0, 0;
v0x55f3192ce3a0_1 .array/port v0x55f3192ce3a0, 1;
v0x55f3192ce3a0_2 .array/port v0x55f3192ce3a0, 2;
E_0x55f318f9d1b0/0 .event anyedge, v0x55f3192ce640_0, v0x55f3192ce3a0_0, v0x55f3192ce3a0_1, v0x55f3192ce3a0_2;
v0x55f3192ce3a0_3 .array/port v0x55f3192ce3a0, 3;
E_0x55f318f9d1b0/1 .event anyedge, v0x55f3192ce3a0_3, v0x55f3192cf190_0, v0x55f3192cf190_1, v0x55f3192cf190_2;
E_0x55f318f9d1b0/2 .event anyedge, v0x55f3192cf190_3, v0x55f3192cf190_4, v0x55f3192cf190_5, v0x55f3192cf190_6;
E_0x55f318f9d1b0/3 .event anyedge, v0x55f3192cf190_7, v0x55f3192cf190_8, v0x55f3192cf190_9, v0x55f3192cf190_10;
E_0x55f318f9d1b0/4 .event anyedge, v0x55f3192cf190_11, v0x55f3192cf190_12, v0x55f3192cf190_13, v0x55f3192cf190_14;
E_0x55f318f9d1b0/5 .event anyedge, v0x55f3192cf190_15, v0x55f3192cf190_16, v0x55f3192cf190_17, v0x55f3192cf190_18;
E_0x55f318f9d1b0/6 .event anyedge, v0x55f3192cf190_19, v0x55f3192cf190_20, v0x55f3192cf190_21, v0x55f3192cf190_22;
E_0x55f318f9d1b0/7 .event anyedge, v0x55f3192cf190_23, v0x55f3192cf190_24, v0x55f3192cf190_25, v0x55f3192cf190_26;
E_0x55f318f9d1b0/8 .event anyedge, v0x55f3192cf190_27, v0x55f3192cf190_28, v0x55f3192cf190_29, v0x55f3192cf190_30;
E_0x55f318f9d1b0/9 .event anyedge, v0x55f3192cf190_31, v0x55f3192cf190_32, v0x55f3192cf190_33, v0x55f3192cf190_34;
E_0x55f318f9d1b0/10 .event anyedge, v0x55f3192cf190_35, v0x55f3192cf190_36, v0x55f3192cf190_37, v0x55f3192cf190_38;
E_0x55f318f9d1b0/11 .event anyedge, v0x55f3192cf190_39, v0x55f3192cf190_40, v0x55f3192cf190_41, v0x55f3192cf190_42;
E_0x55f318f9d1b0/12 .event anyedge, v0x55f3192cf190_43, v0x55f3192cf190_44, v0x55f3192cf190_45, v0x55f3192cf190_46;
E_0x55f318f9d1b0/13 .event anyedge, v0x55f3192cf190_47, v0x55f3192cf190_48, v0x55f3192cf190_49, v0x55f3192cf190_50;
E_0x55f318f9d1b0/14 .event anyedge, v0x55f3192cf190_51, v0x55f3192cf190_52, v0x55f3192cf190_53, v0x55f3192cf190_54;
E_0x55f318f9d1b0/15 .event anyedge, v0x55f3192cf190_55, v0x55f3192cf190_56, v0x55f3192cf190_57, v0x55f3192cf190_58;
E_0x55f318f9d1b0/16 .event anyedge, v0x55f3192cf190_59, v0x55f3192cf190_60, v0x55f3192cf190_61, v0x55f3192cf190_62;
E_0x55f318f9d1b0/17 .event anyedge, v0x55f3192cf190_63, v0x55f3192cfda0_0, v0x55f3192cfda0_1, v0x55f3192cfda0_2;
E_0x55f318f9d1b0/18 .event anyedge, v0x55f3192cfda0_3, v0x55f3192cfda0_4, v0x55f3192cfda0_5, v0x55f3192cfda0_6;
E_0x55f318f9d1b0/19 .event anyedge, v0x55f3192cfda0_7, v0x55f3192cfda0_8, v0x55f3192cfda0_9, v0x55f3192cfda0_10;
E_0x55f318f9d1b0/20 .event anyedge, v0x55f3192cfda0_11, v0x55f3192cfda0_12, v0x55f3192cfda0_13, v0x55f3192cfda0_14;
E_0x55f318f9d1b0/21 .event anyedge, v0x55f3192cfda0_15, v0x55f3192cfda0_16, v0x55f3192cfda0_17, v0x55f3192cfda0_18;
E_0x55f318f9d1b0/22 .event anyedge, v0x55f3192cfda0_19, v0x55f3192cfda0_20, v0x55f3192cfda0_21, v0x55f3192cfda0_22;
E_0x55f318f9d1b0/23 .event anyedge, v0x55f3192cfda0_23, v0x55f3192cfda0_24, v0x55f3192cfda0_25, v0x55f3192cfda0_26;
E_0x55f318f9d1b0/24 .event anyedge, v0x55f3192cfda0_27, v0x55f3192cfda0_28, v0x55f3192cfda0_29, v0x55f3192cfda0_30;
E_0x55f318f9d1b0/25 .event anyedge, v0x55f3192cfda0_31, v0x55f3192cfda0_32, v0x55f3192cfda0_33, v0x55f3192cfda0_34;
E_0x55f318f9d1b0/26 .event anyedge, v0x55f3192cfda0_35, v0x55f3192cfda0_36, v0x55f3192cfda0_37, v0x55f3192cfda0_38;
E_0x55f318f9d1b0/27 .event anyedge, v0x55f3192cfda0_39, v0x55f3192cfda0_40, v0x55f3192cfda0_41, v0x55f3192cfda0_42;
E_0x55f318f9d1b0/28 .event anyedge, v0x55f3192cfda0_43, v0x55f3192cfda0_44, v0x55f3192cfda0_45, v0x55f3192cfda0_46;
E_0x55f318f9d1b0/29 .event anyedge, v0x55f3192cfda0_47, v0x55f3192cfda0_48, v0x55f3192cfda0_49, v0x55f3192cfda0_50;
E_0x55f318f9d1b0/30 .event anyedge, v0x55f3192cfda0_51, v0x55f3192cfda0_52, v0x55f3192cfda0_53, v0x55f3192cfda0_54;
E_0x55f318f9d1b0/31 .event anyedge, v0x55f3192cfda0_55, v0x55f3192cfda0_56, v0x55f3192cfda0_57, v0x55f3192cfda0_58;
E_0x55f318f9d1b0/32 .event anyedge, v0x55f3192cfda0_59, v0x55f3192cfda0_60, v0x55f3192cfda0_61, v0x55f3192cfda0_62;
E_0x55f318f9d1b0/33 .event anyedge, v0x55f3192cfda0_63, v0x55f3192cc9e0_0, v0x55f3192cc9e0_1, v0x55f3192cc9e0_2;
E_0x55f318f9d1b0/34 .event anyedge, v0x55f3192cc9e0_3, v0x55f3192cc9e0_4, v0x55f3192cc9e0_5, v0x55f3192cc9e0_6;
E_0x55f318f9d1b0/35 .event anyedge, v0x55f3192cc9e0_7, v0x55f3192cc9e0_8, v0x55f3192cc9e0_9, v0x55f3192cc9e0_10;
E_0x55f318f9d1b0/36 .event anyedge, v0x55f3192cc9e0_11, v0x55f3192cc9e0_12, v0x55f3192cc9e0_13, v0x55f3192cc9e0_14;
E_0x55f318f9d1b0/37 .event anyedge, v0x55f3192cc9e0_15, v0x55f3192cc9e0_16, v0x55f3192cc9e0_17, v0x55f3192cc9e0_18;
E_0x55f318f9d1b0/38 .event anyedge, v0x55f3192cc9e0_19, v0x55f3192cc9e0_20, v0x55f3192cc9e0_21, v0x55f3192cc9e0_22;
E_0x55f318f9d1b0/39 .event anyedge, v0x55f3192cc9e0_23, v0x55f3192cc9e0_24, v0x55f3192cc9e0_25, v0x55f3192cc9e0_26;
E_0x55f318f9d1b0/40 .event anyedge, v0x55f3192cc9e0_27, v0x55f3192cc9e0_28, v0x55f3192cc9e0_29, v0x55f3192cc9e0_30;
E_0x55f318f9d1b0/41 .event anyedge, v0x55f3192cc9e0_31, v0x55f3192cc9e0_32, v0x55f3192cc9e0_33, v0x55f3192cc9e0_34;
E_0x55f318f9d1b0/42 .event anyedge, v0x55f3192cc9e0_35, v0x55f3192cc9e0_36, v0x55f3192cc9e0_37, v0x55f3192cc9e0_38;
E_0x55f318f9d1b0/43 .event anyedge, v0x55f3192cc9e0_39, v0x55f3192cc9e0_40, v0x55f3192cc9e0_41, v0x55f3192cc9e0_42;
E_0x55f318f9d1b0/44 .event anyedge, v0x55f3192cc9e0_43, v0x55f3192cc9e0_44, v0x55f3192cc9e0_45, v0x55f3192cc9e0_46;
E_0x55f318f9d1b0/45 .event anyedge, v0x55f3192cc9e0_47, v0x55f3192cc9e0_48, v0x55f3192cc9e0_49, v0x55f3192cc9e0_50;
E_0x55f318f9d1b0/46 .event anyedge, v0x55f3192cc9e0_51, v0x55f3192cc9e0_52, v0x55f3192cc9e0_53, v0x55f3192cc9e0_54;
E_0x55f318f9d1b0/47 .event anyedge, v0x55f3192cc9e0_55, v0x55f3192cc9e0_56, v0x55f3192cc9e0_57, v0x55f3192cc9e0_58;
E_0x55f318f9d1b0/48 .event anyedge, v0x55f3192cc9e0_59, v0x55f3192cc9e0_60, v0x55f3192cc9e0_61, v0x55f3192cc9e0_62;
E_0x55f318f9d1b0/49 .event anyedge, v0x55f3192cc9e0_63, v0x55f3192d0af0_0, v0x55f3192d0af0_1, v0x55f3192d0af0_2;
E_0x55f318f9d1b0/50 .event anyedge, v0x55f3192d0af0_3, v0x55f3192d0af0_4, v0x55f3192d0af0_5, v0x55f3192d0af0_6;
E_0x55f318f9d1b0/51 .event anyedge, v0x55f3192d0af0_7, v0x55f3192d0af0_8, v0x55f3192d0af0_9, v0x55f3192d0af0_10;
E_0x55f318f9d1b0/52 .event anyedge, v0x55f3192d0af0_11, v0x55f3192d0af0_12, v0x55f3192d0af0_13, v0x55f3192d0af0_14;
E_0x55f318f9d1b0/53 .event anyedge, v0x55f3192d0af0_15, v0x55f3192d0af0_16, v0x55f3192d0af0_17, v0x55f3192d0af0_18;
E_0x55f318f9d1b0/54 .event anyedge, v0x55f3192d0af0_19, v0x55f3192d0af0_20, v0x55f3192d0af0_21, v0x55f3192d0af0_22;
E_0x55f318f9d1b0/55 .event anyedge, v0x55f3192d0af0_23, v0x55f3192d0af0_24, v0x55f3192d0af0_25, v0x55f3192d0af0_26;
E_0x55f318f9d1b0/56 .event anyedge, v0x55f3192d0af0_27, v0x55f3192d0af0_28, v0x55f3192d0af0_29, v0x55f3192d0af0_30;
E_0x55f318f9d1b0/57 .event anyedge, v0x55f3192d0af0_31, v0x55f3192d0af0_32, v0x55f3192d0af0_33, v0x55f3192d0af0_34;
E_0x55f318f9d1b0/58 .event anyedge, v0x55f3192d0af0_35, v0x55f3192d0af0_36, v0x55f3192d0af0_37, v0x55f3192d0af0_38;
E_0x55f318f9d1b0/59 .event anyedge, v0x55f3192d0af0_39, v0x55f3192d0af0_40, v0x55f3192d0af0_41, v0x55f3192d0af0_42;
E_0x55f318f9d1b0/60 .event anyedge, v0x55f3192d0af0_43, v0x55f3192d0af0_44, v0x55f3192d0af0_45, v0x55f3192d0af0_46;
E_0x55f318f9d1b0/61 .event anyedge, v0x55f3192d0af0_47, v0x55f3192d0af0_48, v0x55f3192d0af0_49, v0x55f3192d0af0_50;
E_0x55f318f9d1b0/62 .event anyedge, v0x55f3192d0af0_51, v0x55f3192d0af0_52, v0x55f3192d0af0_53, v0x55f3192d0af0_54;
E_0x55f318f9d1b0/63 .event anyedge, v0x55f3192d0af0_55, v0x55f3192d0af0_56, v0x55f3192d0af0_57, v0x55f3192d0af0_58;
E_0x55f318f9d1b0/64 .event anyedge, v0x55f3192d0af0_59, v0x55f3192d0af0_60, v0x55f3192d0af0_61, v0x55f3192d0af0_62;
E_0x55f318f9d1b0/65 .event anyedge, v0x55f3192d0af0_63;
E_0x55f318f9d1b0 .event/or E_0x55f318f9d1b0/0, E_0x55f318f9d1b0/1, E_0x55f318f9d1b0/2, E_0x55f318f9d1b0/3, E_0x55f318f9d1b0/4, E_0x55f318f9d1b0/5, E_0x55f318f9d1b0/6, E_0x55f318f9d1b0/7, E_0x55f318f9d1b0/8, E_0x55f318f9d1b0/9, E_0x55f318f9d1b0/10, E_0x55f318f9d1b0/11, E_0x55f318f9d1b0/12, E_0x55f318f9d1b0/13, E_0x55f318f9d1b0/14, E_0x55f318f9d1b0/15, E_0x55f318f9d1b0/16, E_0x55f318f9d1b0/17, E_0x55f318f9d1b0/18, E_0x55f318f9d1b0/19, E_0x55f318f9d1b0/20, E_0x55f318f9d1b0/21, E_0x55f318f9d1b0/22, E_0x55f318f9d1b0/23, E_0x55f318f9d1b0/24, E_0x55f318f9d1b0/25, E_0x55f318f9d1b0/26, E_0x55f318f9d1b0/27, E_0x55f318f9d1b0/28, E_0x55f318f9d1b0/29, E_0x55f318f9d1b0/30, E_0x55f318f9d1b0/31, E_0x55f318f9d1b0/32, E_0x55f318f9d1b0/33, E_0x55f318f9d1b0/34, E_0x55f318f9d1b0/35, E_0x55f318f9d1b0/36, E_0x55f318f9d1b0/37, E_0x55f318f9d1b0/38, E_0x55f318f9d1b0/39, E_0x55f318f9d1b0/40, E_0x55f318f9d1b0/41, E_0x55f318f9d1b0/42, E_0x55f318f9d1b0/43, E_0x55f318f9d1b0/44, E_0x55f318f9d1b0/45, E_0x55f318f9d1b0/46, E_0x55f318f9d1b0/47, E_0x55f318f9d1b0/48, E_0x55f318f9d1b0/49, E_0x55f318f9d1b0/50, E_0x55f318f9d1b0/51, E_0x55f318f9d1b0/52, E_0x55f318f9d1b0/53, E_0x55f318f9d1b0/54, E_0x55f318f9d1b0/55, E_0x55f318f9d1b0/56, E_0x55f318f9d1b0/57, E_0x55f318f9d1b0/58, E_0x55f318f9d1b0/59, E_0x55f318f9d1b0/60, E_0x55f318f9d1b0/61, E_0x55f318f9d1b0/62, E_0x55f318f9d1b0/63, E_0x55f318f9d1b0/64, E_0x55f318f9d1b0/65;
L_0x55f3192eacb0 .cmp/ne 2, v0x55f3192cebe0_0, L_0x7f9672c765b8;
L_0x55f3192eada0 .cmp/eq 2, v0x55f3192cebe0_0, L_0x7f9672c76600;
S_0x55f319151450 .scope begin, "$ivl_for_loop0" "$ivl_for_loop0" 5 80, 5 80 0, S_0x55f319155350;
 .timescale -9 -12;
v0x55f31912cd30_0 .var/2s "l", 31 0;
S_0x55f31914d550 .scope begin, "$ivl_for_loop1" "$ivl_for_loop1" 5 93, 5 93 0, S_0x55f319155350;
 .timescale -9 -12;
v0x55f319128d90_0 .var/2s "l", 31 0;
S_0x55f319149650 .scope begin, "$ivl_for_loop2" "$ivl_for_loop2" 5 105, 5 105 0, S_0x55f319155350;
 .timescale -9 -12;
v0x55f319128e30_0 .var/2s "l", 31 0;
S_0x55f319145750 .scope begin, "$ivl_for_loop3" "$ivl_for_loop3" 5 108, 5 108 0, S_0x55f319155350;
 .timescale -9 -12;
v0x55f319124e90_0 .var/2s "l", 31 0;
S_0x55f319141850 .scope begin, "$ivl_for_loop4" "$ivl_for_loop4" 5 123, 5 123 0, S_0x55f319155350;
 .timescale -9 -12;
v0x55f319120f90_0 .var/2s "p", 31 0;
S_0x55f31913d950 .scope begin, "$ivl_for_loop5" "$ivl_for_loop5" 5 124, 5 124 0, S_0x55f319141850;
 .timescale -9 -12;
v0x55f319124f30_0 .var/2s "l", 31 0;
S_0x55f319139860 .scope begin, "$ivl_for_loop6" "$ivl_for_loop6" 5 129, 5 129 0, S_0x55f319155350;
 .timescale -9 -12;
v0x55f319121030_0 .var/2s "l", 31 0;
S_0x55f319135960 .scope begin, "$ivl_for_loop7" "$ivl_for_loop7" 5 161, 5 161 0, S_0x55f319155350;
 .timescale -9 -12;
v0x55f31911c690_0 .var/2s "l", 31 0;
S_0x55f319131a60 .scope begin, "$ivl_for_loop8" "$ivl_for_loop8" 5 165, 5 165 0, S_0x55f319155350;
 .timescale -9 -12;
v0x55f31911c730_0 .var/2s "l", 31 0;
S_0x55f31912db60 .scope begin, "$ivl_for_loop9" "$ivl_for_loop9" 5 175, 5 175 0, S_0x55f319155350;
 .timescale -9 -12;
v0x55f319119ad0_0 .var/2s "l", 31 0;
S_0x55f319129c60 .scope generate, "gen_physical_neurons[0]" "gen_physical_neurons[0]" 5 140, 5 140 0, S_0x55f319155350;
 .timescale -9 -12;
P_0x55f319144d20 .param/l "lane_i" 1 5 140, +C4<00>;
S_0x55f3191744a0 .scope module, "sn" "siren_neuron" 5 141, 6 2 0, S_0x55f319129c60;
 .timescale -9 -12;
    .port_info 0 /INPUT 1 "clk";
    .port_info 1 /INPUT 1 "rst_in";
    .port_info 2 /INPUT 1 "valid_in";
    .port_info 3 /INPUT 1 "clr_acc";
    .port_info 4 /INPUT 16 "a_in";
    .port_info 5 /INPUT 16 "w_in";
    .port_info 6 /INPUT 16 "bias_in";
    .port_info 7 /OUTPUT 1 "valid_out";
    .port_info 8 /OUTPUT 16 "act_out";
    .port_info 9 /OUTPUT 16 "cos_out";
L_0x7f9672c760f0 .functor BUFT 1, C4<0000000000000000>, C4<0>, C4<0>, C4<0>;
v0x55f3191ae8a0_0 .net/s "a_in", 15 0, L_0x7f9672c760f0;  1 drivers
v0x55f3191b1460_0 .net/s "act_out", 15 0, L_0x55f319120e80;  alias, 1 drivers
v0x55f3192cecc0_0 .array/port v0x55f3192cecc0, 0;
v0x55f3191b1500_0 .net/s "bias_in", 15 0, v0x55f3192cecc0_0;  1 drivers
v0x55f3191b5d60_0 .net "clk", 0 0, v0x55f3192d6c70_0;  alias, 1 drivers
L_0x7f9672c760a8 .functor BUFT 1, C4<0>, C4<0>, C4<0>, C4<0>;
v0x55f3191b5e00_0 .net "clr_acc", 0 0, L_0x7f9672c760a8;  1 drivers
v0x55f3191b9c60_0 .net/s "cos_out", 15 0, L_0x55f319124d80;  1 drivers
v0x55f3191bdb60_0 .net/s "mac_result", 15 0, v0x55f319281cf0_0;  1 drivers
v0x55f3191bdc00_0 .net "rst_in", 0 0, v0x55f3192d73f0_0;  alias, 1 drivers
v0x55f3191c1a60_0 .net/s "scaled_result", 15 0, v0x55f31919ac70_0;  1 drivers
v0x55f3191c5960_0 .net "valid_in", 0 0, v0x55f3192cee70_0;  1 drivers
v0x55f3191c5a00_0 .net "valid_out", 0 0, L_0x55f319128c80;  alias, 1 drivers
L_0x7f9672c76138 .functor BUFT 1, C4<0000000000000000>, C4<0>, C4<0>, C4<0>;
v0x55f3191c9860_0 .net/s "w_in", 15 0, L_0x7f9672c76138;  1 drivers
v0x55f3191c9900_0 .net "wire_mac", 0 0, v0x55f31914cd80_0;  1 drivers
v0x55f3191cd760_0 .net "wire_scaler", 0 0, v0x55f3191aa7a0_0;  1 drivers
S_0x55f3191bea30 .scope module, "mac" "mac_unit" 6 20, 7 4 0, S_0x55f3191744a0;
 .timescale -9 -12;
    .port_info 0 /INPUT 1 "clk";
    .port_info 1 /INPUT 1 "rst_in";
    .port_info 2 /INPUT 1 "valid_in";
    .port_info 3 /INPUT 1 "clr_acc";
    .port_info 4 /INPUT 16 "a_in";
    .port_info 5 /INPUT 16 "w_in";
    .port_info 6 /INPUT 16 "bias_in";
    .port_info 7 /OUTPUT 1 "valid_out";
    .port_info 8 /OUTPUT 1 "ovf_flag";
    .port_info 9 /OUTPUT 16 "acc_out";
v0x55f319119b70_0 .net/s "a_in", 15 0, L_0x7f9672c760f0;  alias, 1 drivers
v0x55f319281cf0_0 .var/s "acc_out", 15 0;
v0x55f319281fd0_0 .net/s "bias_in", 15 0, v0x55f3192cecc0_0;  alias, 1 drivers
v0x55f319282510_0 .net "clk", 0 0, v0x55f3192d6c70_0;  alias, 1 drivers
v0x55f319145bd0_0 .net "clr_acc", 0 0, L_0x7f9672c760a8;  alias, 1 drivers
v0x55f319148910_0 .var/s "current_acc", 32 0;
v0x55f319148b70_0 .var/s "mult_q", 31 0;
v0x55f319148e80_0 .var/s "mult_raw", 31 0;
v0x55f319149120_0 .var "ovf_flag", 0 0;
v0x55f319149ad0_0 .net "rst_in", 0 0, v0x55f3192d73f0_0;  alias, 1 drivers
v0x55f31914c810_0 .var/s "sum_stage", 32 0;
v0x55f31914ca70_0 .net "valid_in", 0 0, v0x55f3192cee70_0;  alias, 1 drivers
v0x55f31914cd80_0 .var "valid_out", 0 0;
v0x55f31914d020_0 .net/s "w_in", 15 0, L_0x7f9672c76138;  alias, 1 drivers
E_0x55f318f9b9a0/0 .event negedge, v0x55f319149ad0_0;
E_0x55f318f9b9a0/1 .event posedge, v0x55f319282510_0;
E_0x55f318f9b9a0 .event/or E_0x55f318f9b9a0/0, E_0x55f318f9b9a0/1;
E_0x55f318f9c910/0 .event anyedge, v0x55f319119b70_0, v0x55f31914d020_0, v0x55f319145bd0_0, v0x55f319281fd0_0;
E_0x55f318f9c910/1 .event anyedge, v0x55f319281cf0_0;
E_0x55f318f9c910 .event/or E_0x55f318f9c910/0, E_0x55f318f9c910/1;
S_0x55f3191bab30 .scope module, "siren_act" "siren_act_unit" 6 24, 8 3 0, S_0x55f3191744a0;
 .timescale -9 -12;
    .port_info 0 /INPUT 1 "clk";
    .port_info 1 /INPUT 1 "rst_in";
    .port_info 2 /INPUT 1 "valid_in";
    .port_info 3 /INPUT 16 "angle_in";
    .port_info 4 /OUTPUT 1 "valid_out";
    .port_info 5 /OUTPUT 16 "sin_out";
    .port_info 6 /OUTPUT 16 "cos_out";
v0x55f31916f770_0 .net/s "angle_in", 15 0, v0x55f31919ac70_0;  alias, 1 drivers
v0x55f3191735d0_0 .net "clk", 0 0, v0x55f3192d6c70_0;  alias, 1 drivers
v0x55f319173670_0 .net/s "cos_out", 15 0, L_0x55f319124d80;  alias, 1 drivers
v0x55f3191774d0_0 .net "folder_valid", 0 0, v0x55f319158770_0;  1 drivers
v0x55f31917b3d0_0 .net/s "phase_folded", 15 0, v0x55f319154e20_0;  1 drivers
v0x55f31917f2d0_0 .net "rst_in", 0 0, v0x55f3192d73f0_0;  alias, 1 drivers
v0x55f31917f370_0 .net/s "sin_out", 15 0, L_0x55f319120e80;  alias, 1 drivers
v0x55f3191831d0_0 .net "valid_in", 0 0, v0x55f3191aa7a0_0;  alias, 1 drivers
v0x55f319183270_0 .net "valid_out", 0 0, L_0x55f319128c80;  alias, 1 drivers
S_0x55f3191b6c30 .scope module, "phase_f" "phase_folder" 8 16, 9 4 0, S_0x55f3191bab30;
 .timescale -9 -12;
    .port_info 0 /INPUT 1 "clk";
    .port_info 1 /INPUT 1 "rst_in";
    .port_info 2 /INPUT 1 "valid_in";
    .port_info 3 /INPUT 16 "angle_in";
    .port_info 4 /OUTPUT 1 "valid_out_folded";
    .port_info 5 /OUTPUT 16 "phase_out_folded";
P_0x55f319150710 .param/l "CONST_2PI" 1 9 13, +C4<00000000000000000110010010001000>;
P_0x55f319150750 .param/l "CONST_HALF_PI" 1 9 15, +C4<00000000000000000001100100100010>;
P_0x55f319150790 .param/l "CONST_PI" 1 9 14, +C4<00000000000000000011001001000100>;
v0x55f319150f20_0 .var/s "angle_32", 31 0;
v0x55f3191518d0_0 .net/s "angle_in", 15 0, v0x55f31919ac70_0;  alias, 1 drivers
v0x55f319154610_0 .var/s "centered", 31 0;
v0x55f319154870_0 .net "clk", 0 0, v0x55f3192d6c70_0;  alias, 1 drivers
v0x55f319154b80_0 .var/s "folded", 31 0;
v0x55f319154e20_0 .var/s "phase_out_folded", 15 0;
v0x55f3191557d0_0 .net "rst_in", 0 0, v0x55f3192d73f0_0;  alias, 1 drivers
v0x55f319158510_0 .net "valid_in", 0 0, v0x55f3191aa7a0_0;  alias, 1 drivers
v0x55f319158770_0 .var "valid_out_folded", 0 0;
E_0x55f318f9bf80 .event anyedge, v0x55f3191518d0_0, v0x55f319150f20_0, v0x55f319154610_0;
S_0x55f3191b3130 .scope module, "u_cordic" "cordic_wrapper" 8 18, 10 4 0, S_0x55f3191bab30;
 .timescale -9 -12;
    .port_info 0 /INPUT 1 "clk";
    .port_info 1 /INPUT 1 "rst_in";
    .port_info 2 /INPUT 1 "valid_in";
    .port_info 3 /INPUT 16 "phase_in";
    .port_info 4 /OUTPUT 1 "valid_out";
    .port_info 5 /OUTPUT 16 "sin_out";
    .port_info 6 /OUTPUT 16 "cos_out";
L_0x55f319134980 .functor BUFZ 16, v0x55f319154e20_0, C4<0000000000000000>, C4<0000000000000000>, C4<0000000000000000>;
L_0x55f31912cb80 .functor BUFZ 1, v0x55f319158770_0, C4<0>, C4<0>, C4<0>;
L_0x55f319128c80 .functor BUFZ 1, v0x55f319230c30_0, C4<0>, C4<0>, C4<0>;
L_0x55f319124d80 .functor BUFZ 16, v0x55f319233ee0_0, C4<0000000000000000>, C4<0000000000000000>, C4<0000000000000000>;
L_0x55f319120e80 .functor BUFZ 16, v0x55f319237ad0_0, C4<0000000000000000>, C4<0000000000000000>, C4<0000000000000000>;
v0x55f31923aca0_0 .net "clk", 0 0, v0x55f3192d6c70_0;  alias, 1 drivers
v0x55f319239250_0 .net/s "cos_out", 15 0, L_0x55f319124d80;  alias, 1 drivers
v0x55f31923c590_0 .net/s "phase_in", 15 0, v0x55f319154e20_0;  alias, 1 drivers
v0x55f31923c850_0 .net "rst_in", 0 0, v0x55f3192d73f0_0;  alias, 1 drivers
v0x55f318fc6ca0_0 .net/s "sin_out", 15 0, L_0x55f319120e80;  alias, 1 drivers
v0x55f319134a90_0 .net "valid_in", 0 0, v0x55f319158770_0;  alias, 1 drivers
v0x55f319134b30_0 .net "valid_out", 0 0, L_0x55f319128c80;  alias, 1 drivers
v0x55f319138990 .array "valid_pipe", 16 0;
v0x55f319138990_0 .net v0x55f319138990 0, 0 0, L_0x55f31912cb80; 1 drivers
v0x55f319138990_1 .net v0x55f319138990 1, 0 0, v0x55f319167250_0; 1 drivers
v0x55f319138990_2 .net v0x55f319138990 2, 0 0, v0x55f319173bb0_0; 1 drivers
v0x55f319138990_3 .net v0x55f319138990 3, 0 0, v0x55f31917fbc0_0; 1 drivers
v0x55f319138990_4 .net v0x55f319138990 4, 0 0, v0x55f31918c510_0; 1 drivers
v0x55f319138990_5 .net v0x55f319138990 5, 0 0, v0x55f31919af50_0; 1 drivers
v0x55f319138990_6 .net v0x55f319138990 6, 0 0, v0x55f3191a6180_0; 1 drivers
v0x55f319138990_7 .net v0x55f319138990 7, 0 0, v0x55f3191bb1a0_0; 1 drivers
v0x55f319138990_8 .net v0x55f319138990 8, 0 0, v0x55f3191c9be0_0; 1 drivers
v0x55f319138990_9 .net v0x55f319138990 9, 0 0, v0x55f3191d5b40_0; 1 drivers
v0x55f319138990_10 .net v0x55f319138990 10, 0 0, v0x55f3191e1b50_0; 1 drivers
v0x55f319138990_11 .net v0x55f319138990 11, 0 0, v0x55f3191ee4a0_0; 1 drivers
v0x55f319138990_12 .net v0x55f319138990 12, 0 0, v0x55f319201830_0; 1 drivers
v0x55f319138990_13 .net v0x55f319138990 13, 0 0, v0x55f319210270_0; 1 drivers
v0x55f319138990_14 .net v0x55f319138990 14, 0 0, v0x55f31921c1d0_0; 1 drivers
v0x55f319138990_15 .net v0x55f319138990 15, 0 0, v0x55f318fa2280_0; 1 drivers
v0x55f319138990_16 .net v0x55f319138990 16, 0 0, v0x55f319230c30_0; 1 drivers
L_0x7f9672c76018 .functor BUFT 1, C4<0000100110110111>, C4<0>, C4<0>, C4<0>;
v0x55f31913c890 .array "x_pipe", 16 0;
v0x55f31913c890_0 .net/s v0x55f31913c890 0, 15 0, L_0x7f9672c76018; 1 drivers
v0x55f31913c890_1 .net/s v0x55f31913c890 1, 15 0, v0x55f3191680f0_0; 1 drivers
v0x55f31913c890_2 .net/s v0x55f31913c890 2, 15 0, v0x55f319174b10_0; 1 drivers
v0x55f31913c890_3 .net/s v0x55f31913c890 3, 15 0, v0x55f319183550_0; 1 drivers
v0x55f31913c890_4 .net/s v0x55f31913c890 4, 15 0, v0x55f31918f7c0_0; 1 drivers
v0x55f31913c890_5 .net/s v0x55f31913c890 5, 15 0, v0x55f31919b760_0; 1 drivers
v0x55f31913c890_6 .net/s v0x55f31913c890 6, 15 0, v0x55f3191a7a70_0; 1 drivers
v0x55f31913c890_7 .net/s v0x55f31913c890 7, 15 0, v0x55f3191be450_0; 1 drivers
v0x55f31913c890_8 .net/s v0x55f31913c890 8, 15 0, v0x55f3191ca3f0_0; 1 drivers
v0x55f31913c890_9 .net/s v0x55f31913c890 9, 15 0, v0x55f3191d6aa0_0; 1 drivers
v0x55f31913c890_10 .net/s v0x55f31913c890 10, 15 0, v0x55f3191e54e0_0; 1 drivers
v0x55f31913c890_11 .net/s v0x55f31913c890 11, 15 0, v0x55f3191f0710_0; 1 drivers
v0x55f31913c890_12 .net/s v0x55f31913c890 12, 15 0, v0x55f319204ae0_0; 1 drivers
v0x55f31913c890_13 .net/s v0x55f31913c890 13, 15 0, v0x55f319210a80_0; 1 drivers
v0x55f31913c890_14 .net/s v0x55f31913c890 14, 15 0, v0x55f31921d130_0; 1 drivers
v0x55f31913c890_15 .net/s v0x55f31913c890 15, 15 0, v0x55f319227c70_0; 1 drivers
v0x55f31913c890_16 .net/s v0x55f31913c890 16, 15 0, v0x55f319233ee0_0; 1 drivers
L_0x7f9672c76060 .functor BUFT 1, C4<0000000000000000>, C4<0>, C4<0>, C4<0>;
v0x55f31914c490 .array "y_pipe", 16 0;
v0x55f31914c490_0 .net/s v0x55f31914c490 0, 15 0, L_0x7f9672c76060; 1 drivers
v0x55f31914c490_1 .net/s v0x55f31914c490 1, 15 0, v0x55f31916c0c0_0; 1 drivers
v0x55f31914c490_2 .net/s v0x55f31914c490 2, 15 0, v0x55f319178060_0; 1 drivers
v0x55f31914c490_3 .net/s v0x55f31914c490 3, 15 0, v0x55f319184710_0; 1 drivers
v0x55f31914c490_4 .net/s v0x55f31914c490 4, 15 0, v0x55f3191933b0_0; 1 drivers
v0x55f31914c490_5 .net/s v0x55f31914c490 5, 15 0, v0x55f31919f3c0_0; 1 drivers
v0x55f31914c490_6 .net/s v0x55f31914c490 6, 15 0, v0x55f3191b2680_0; 1 drivers
v0x55f31914c490_7 .net/s v0x55f31914c490 7, 15 0, v0x55f3191c2040_0; 1 drivers
v0x55f31914c490_8 .net/s v0x55f31914c490 8, 15 0, v0x55f3191ce050_0; 1 drivers
v0x55f31914c490_9 .net/s v0x55f31914c490 9, 15 0, v0x55f3191d9ff0_0; 1 drivers
v0x55f31914c490_10 .net/s v0x55f31914c490 10, 15 0, v0x55f3191e66a0_0; 1 drivers
v0x55f31914c490_11 .net/s v0x55f31914c490 11, 15 0, v0x55f3191fbd70_0; 1 drivers
v0x55f31914c490_12 .net/s v0x55f31914c490 12, 15 0, v0x55f3192086d0_0; 1 drivers
v0x55f31914c490_13 .net/s v0x55f31914c490 13, 15 0, v0x55f3192146e0_0; 1 drivers
v0x55f31914c490_14 .net/s v0x55f31914c490 14, 15 0, v0x55f319220680_0; 1 drivers
v0x55f31914c490_15 .net/s v0x55f31914c490 15, 15 0, v0x55f319228e30_0; 1 drivers
v0x55f31914c490_16 .net/s v0x55f31914c490 16, 15 0, v0x55f319237ad0_0; 1 drivers
v0x55f319160170 .array "z_pipe", 16 0;
v0x55f319160170_0 .net/s v0x55f319160170 0, 15 0, L_0x55f319134980; 1 drivers
v0x55f319160170_1 .net/s v0x55f319160170 1, 15 0, v0x55f31916fcb0_0; 1 drivers
v0x55f319160170_2 .net/s v0x55f319160170 2, 15 0, v0x55f31917bcc0_0; 1 drivers
v0x55f319160170_3 .net/s v0x55f319160170 3, 15 0, v0x55f319187c60_0; 1 drivers
v0x55f319160170_4 .net/s v0x55f319160170 4, 15 0, v0x55f319197050_0; 1 drivers
v0x55f319160170_5 .net/s v0x55f319160170 5, 15 0, v0x55f3191a2fb0_0; 1 drivers
v0x55f319160170_6 .net/s v0x55f319160170 6, 15 0, v0x55f3191b6650_0; 1 drivers
v0x55f319160170_7 .net/s v0x55f319160170 7, 15 0, v0x55f3191c5ce0_0; 1 drivers
v0x55f319160170_8 .net/s v0x55f319160170 8, 15 0, v0x55f3191d1c40_0; 1 drivers
v0x55f319160170_9 .net/s v0x55f319160170 9, 15 0, v0x55f3191ddc50_0; 1 drivers
v0x55f319160170_10 .net/s v0x55f319160170 10, 15 0, v0x55f3191e9bf0_0; 1 drivers
v0x55f319160170_11 .net/s v0x55f319160170 11, 15 0, v0x55f3191fd180_0; 1 drivers
v0x55f319160170_12 .net/s v0x55f319160170 12, 15 0, v0x55f31920c370_0; 1 drivers
v0x55f319160170_13 .net/s v0x55f319160170 13, 15 0, v0x55f3192182d0_0; 1 drivers
v0x55f319160170_14 .net/s v0x55f319160170 14, 15 0, v0x55f3192242e0_0; 1 drivers
v0x55f319160170_15 .net/s v0x55f319160170 15, 15 0, v0x55f31922c380_0; 1 drivers
v0x55f319160170_16 .net/s v0x55f319160170 16, 15 0, v0x55f31923a550_0; 1 drivers
S_0x55f3191a3a90 .scope generate, "gen_cordic_stages[0]" "gen_cordic_stages[0]" 10 26, 10 26 0, S_0x55f3191b3130;
 .timescale -9 -12;
P_0x55f319154f00 .param/l "i" 1 10 26, +C4<00>;
S_0x55f31919fb90 .scope module, "u_stage" "cordic_stage" 10 31, 11 4 0, S_0x55f3191a3a90;
 .timescale -9 -12;
    .port_info 0 /INPUT 1 "clk";
    .port_info 1 /INPUT 1 "rst_n";
    .port_info 2 /INPUT 1 "valid_in";
    .port_info 3 /INPUT 16 "x_in";
    .port_info 4 /INPUT 16 "y_in";
    .port_info 5 /INPUT 16 "z_in";
    .port_info 6 /OUTPUT 1 "valid_out";
    .port_info 7 /OUTPUT 16 "x_out";
    .port_info 8 /OUTPUT 16 "y_out";
    .port_info 9 /OUTPUT 16 "z_out";
P_0x55f3191596d0 .param/l "ATAN_VAL" 0 11 8, +C4<0000110010010001>;
P_0x55f319159710 .param/l "DATA_WIDTH" 0 11 6, +C4<00000000000000000000000000010000>;
P_0x55f319159750 .param/l "STAGE_IDX" 0 11 7, +C4<00000000000000000000000000000000>;
v0x55f31915b1f0_0 .net "clk", 0 0, v0x55f3192d6c70_0;  alias, 1 drivers
v0x55f31915b940_0 .net "rst_n", 0 0, v0x55f3192d73f0_0;  alias, 1 drivers
v0x55f319159ef0_0 .net "valid_in", 0 0, L_0x55f31912cb80;  alias, 1 drivers
v0x55f319167250_0 .var "valid_out", 0 0;
v0x55f3191676e0_0 .net/s "x_in", 15 0, L_0x7f9672c76018;  alias, 1 drivers
v0x55f319167c20_0 .var/s "x_next", 15 0;
v0x55f3191680f0_0 .var/s "x_out", 15 0;
v0x55f319168660_0 .var/s "x_shift", 15 0;
v0x55f31916bb50_0 .net/s "y_in", 15 0, L_0x7f9672c76060;  alias, 1 drivers
v0x55f31916bdb0_0 .var/s "y_next", 15 0;
v0x55f31916c0c0_0 .var/s "y_out", 15 0;
v0x55f31916c360_0 .var/s "y_shift", 15 0;
v0x55f31916cd10_0 .net/s "z_in", 15 0, L_0x55f319134980;  alias, 1 drivers
v0x55f31916fa50_0 .var/s "z_next", 15 0;
v0x55f31916fcb0_0 .var/s "z_out", 15 0;
E_0x55f319283b90 .event anyedge, v0x55f3191676e0_0, v0x55f31916bb50_0, v0x55f31916cd10_0;
S_0x55f31919bc90 .scope generate, "gen_cordic_stages[1]" "gen_cordic_stages[1]" 10 26, 10 26 0, S_0x55f3191b3130;
 .timescale -9 -12;
P_0x55f31916c1a0 .param/l "i" 1 10 26, +C4<01>;
S_0x55f319197d90 .scope module, "u_stage" "cordic_stage" 10 31, 11 4 0, S_0x55f31919bc90;
 .timescale -9 -12;
    .port_info 0 /INPUT 1 "clk";
    .port_info 1 /INPUT 1 "rst_n";
    .port_info 2 /INPUT 1 "valid_in";
    .port_info 3 /INPUT 16 "x_in";
    .port_info 4 /INPUT 16 "y_in";
    .port_info 5 /INPUT 16 "z_in";
    .port_info 6 /OUTPUT 1 "valid_out";
    .port_info 7 /OUTPUT 16 "x_out";
    .port_info 8 /OUTPUT 16 "y_out";
    .port_info 9 /OUTPUT 16 "z_out";
P_0x55f31916ffc0 .param/l "ATAN_VAL" 0 11 8, +C4<0000011101101011>;
P_0x55f319170000 .param/l "DATA_WIDTH" 0 11 6, +C4<00000000000000000000000000010000>;
P_0x55f319170040 .param/l "STAGE_IDX" 0 11 7, +C4<00000000000000000000000000000001>;
v0x55f319170260_0 .net "clk", 0 0, v0x55f3192d6c70_0;  alias, 1 drivers
v0x55f319170c10_0 .net "rst_n", 0 0, v0x55f3192d73f0_0;  alias, 1 drivers
v0x55f319173950_0 .net "valid_in", 0 0, v0x55f319167250_0;  alias, 1 drivers
v0x55f319173bb0_0 .var "valid_out", 0 0;
v0x55f319173ec0_0 .net/s "x_in", 15 0, v0x55f3191680f0_0;  alias, 1 drivers
v0x55f319174160_0 .var/s "x_next", 15 0;
v0x55f319174b10_0 .var/s "x_out", 15 0;
v0x55f319177850_0 .var/s "x_shift", 15 0;
v0x55f319177ab0_0 .net/s "y_in", 15 0, v0x55f31916c0c0_0;  alias, 1 drivers
v0x55f319177dc0_0 .var/s "y_next", 15 0;
v0x55f319178060_0 .var/s "y_out", 15 0;
v0x55f319178a10_0 .var/s "y_shift", 15 0;
v0x55f31917b750_0 .net/s "z_in", 15 0, v0x55f31916fcb0_0;  alias, 1 drivers
v0x55f31917b9b0_0 .var/s "z_next", 15 0;
v0x55f31917bcc0_0 .var/s "z_out", 15 0;
E_0x55f3191700b0 .event anyedge, v0x55f3191680f0_0, v0x55f31916c0c0_0, v0x55f31916fcb0_0;
S_0x55f319193e90 .scope generate, "gen_cordic_stages[2]" "gen_cordic_stages[2]" 10 26, 10 26 0, S_0x55f3191b3130;
 .timescale -9 -12;
P_0x55f31917bda0 .param/l "i" 1 10 26, +C4<010>;
S_0x55f31918ff90 .scope module, "u_stage" "cordic_stage" 10 31, 11 4 0, S_0x55f319193e90;
 .timescale -9 -12;
    .port_info 0 /INPUT 1 "clk";
    .port_info 1 /INPUT 1 "rst_n";
    .port_info 2 /INPUT 1 "valid_in";
    .port_info 3 /INPUT 16 "x_in";
    .port_info 4 /INPUT 16 "y_in";
    .port_info 5 /INPUT 16 "z_in";
    .port_info 6 /OUTPUT 1 "valid_out";
    .port_info 7 /OUTPUT 16 "x_out";
    .port_info 8 /OUTPUT 16 "y_out";
    .port_info 9 /OUTPUT 16 "z_out";
P_0x55f31917bf60 .param/l "ATAN_VAL" 0 11 8, +C4<0000001111101011>;
P_0x55f31917bfa0 .param/l "DATA_WIDTH" 0 11 6, +C4<00000000000000000000000000010000>;
P_0x55f31917bfe0 .param/l "STAGE_IDX" 0 11 7, +C4<00000000000000000000000000000010>;
v0x55f31917c930_0 .net "clk", 0 0, v0x55f3192d6c70_0;  alias, 1 drivers
v0x55f31917f650_0 .net "rst_n", 0 0, v0x55f3192d73f0_0;  alias, 1 drivers
v0x55f31917f8b0_0 .net "valid_in", 0 0, v0x55f319173bb0_0;  alias, 1 drivers
v0x55f31917fbc0_0 .var "valid_out", 0 0;
v0x55f31917fe60_0 .net/s "x_in", 15 0, v0x55f319174b10_0;  alias, 1 drivers
v0x55f319180810_0 .var/s "x_next", 15 0;
v0x55f319183550_0 .var/s "x_out", 15 0;
v0x55f3191837b0_0 .var/s "x_shift", 15 0;
v0x55f319183ac0_0 .net/s "y_in", 15 0, v0x55f319178060_0;  alias, 1 drivers
v0x55f319183d60_0 .var/s "y_next", 15 0;
v0x55f319184710_0 .var/s "y_out", 15 0;
v0x55f319187450_0 .var/s "y_shift", 15 0;
v0x55f3191876b0_0 .net/s "z_in", 15 0, v0x55f31917bcc0_0;  alias, 1 drivers
v0x55f3191879c0_0 .var/s "z_next", 15 0;
v0x55f319187c60_0 .var/s "z_out", 15 0;
E_0x55f31917baa0 .event anyedge, v0x55f319174b10_0, v0x55f319178060_0, v0x55f31917bcc0_0;
S_0x55f31918c090 .scope generate, "gen_cordic_stages[3]" "gen_cordic_stages[3]" 10 26, 10 26 0, S_0x55f3191b3130;
 .timescale -9 -12;
P_0x55f319159ba0 .param/l "i" 1 10 26, +C4<011>;
S_0x55f319188190 .scope module, "u_stage" "cordic_stage" 10 31, 11 4 0, S_0x55f31918c090;
 .timescale -9 -12;
    .port_info 0 /INPUT 1 "clk";
    .port_info 1 /INPUT 1 "rst_n";
    .port_info 2 /INPUT 1 "valid_in";
    .port_info 3 /INPUT 16 "x_in";
    .port_info 4 /INPUT 16 "y_in";
    .port_info 5 /INPUT 16 "z_in";
    .port_info 6 /OUTPUT 1 "valid_out";
    .port_info 7 /OUTPUT 16 "x_out";
    .port_info 8 /OUTPUT 16 "y_out";
    .port_info 9 /OUTPUT 16 "z_out";
P_0x55f319188610 .param/l "ATAN_VAL" 0 11 8, +C4<0000000111111101>;
P_0x55f319188650 .param/l "DATA_WIDTH" 0 11 6, +C4<00000000000000000000000000010000>;
P_0x55f319188690 .param/l "STAGE_IDX" 0 11 7, +C4<00000000000000000000000000000011>;
v0x55f31918b5b0_0 .net "clk", 0 0, v0x55f3192d6c70_0;  alias, 1 drivers
v0x55f31918b8c0_0 .net "rst_n", 0 0, v0x55f3192d73f0_0;  alias, 1 drivers
v0x55f31918bb60_0 .net "valid_in", 0 0, v0x55f31917fbc0_0;  alias, 1 drivers
v0x55f31918c510_0 .var "valid_out", 0 0;
v0x55f31918f250_0 .net/s "x_in", 15 0, v0x55f319183550_0;  alias, 1 drivers
v0x55f31918f4b0_0 .var/s "x_next", 15 0;
v0x55f31918f7c0_0 .var/s "x_out", 15 0;
v0x55f31918fa60_0 .var/s "x_shift", 15 0;
v0x55f319190410_0 .net/s "y_in", 15 0, v0x55f319184710_0;  alias, 1 drivers
v0x55f319193150_0 .var/s "y_next", 15 0;
v0x55f3191933b0_0 .var/s "y_out", 15 0;
v0x55f3191936c0_0 .var/s "y_shift", 15 0;
v0x55f319193960_0 .net/s "z_in", 15 0, v0x55f319187c60_0;  alias, 1 drivers
v0x55f319194310_0 .var/s "z_next", 15 0;
v0x55f319197050_0 .var/s "z_out", 15 0;
E_0x55f31918b3d0 .event anyedge, v0x55f319183550_0, v0x55f319184710_0, v0x55f319187c60_0;
S_0x55f3191840a0 .scope generate, "gen_cordic_stages[4]" "gen_cordic_stages[4]" 10 26, 10 26 0, S_0x55f3191b3130;
 .timescale -9 -12;
P_0x55f3191937a0 .param/l "i" 1 10 26, +C4<0100>;
S_0x55f3191801a0 .scope module, "u_stage" "cordic_stage" 10 31, 11 4 0, S_0x55f3191840a0;
 .timescale -9 -12;
    .port_info 0 /INPUT 1 "clk";
    .port_info 1 /INPUT 1 "rst_n";
    .port_info 2 /INPUT 1 "valid_in";
    .port_info 3 /INPUT 16 "x_in";
    .port_info 4 /INPUT 16 "y_in";
    .port_info 5 /INPUT 16 "z_in";
    .port_info 6 /OUTPUT 1 "valid_out";
    .port_info 7 /OUTPUT 16 "x_out";
    .port_info 8 /OUTPUT 16 "y_out";
    .port_info 9 /OUTPUT 16 "z_out";
P_0x55f3191972b0 .param/l "ATAN_VAL" 0 11 8, +C4<0000000100000000>;
P_0x55f3191972f0 .param/l "DATA_WIDTH" 0 11 6, +C4<00000000000000000000000000010000>;
P_0x55f319197330 .param/l "STAGE_IDX" 0 11 7, +C4<00000000000000000000000000000100>;
v0x55f3191975c0_0 .net "clk", 0 0, v0x55f3192d6c70_0;  alias, 1 drivers
v0x55f319197860_0 .net "rst_n", 0 0, v0x55f3192d73f0_0;  alias, 1 drivers
v0x55f319198210_0 .net "valid_in", 0 0, v0x55f31918c510_0;  alias, 1 drivers
v0x55f31919af50_0 .var "valid_out", 0 0;
v0x55f31919b1b0_0 .net/s "x_in", 15 0, v0x55f31918f7c0_0;  alias, 1 drivers
v0x55f31919b4c0_0 .var/s "x_next", 15 0;
v0x55f31919b760_0 .var/s "x_out", 15 0;
v0x55f31919c110_0 .var/s "x_shift", 15 0;
v0x55f31919ee50_0 .net/s "y_in", 15 0, v0x55f3191933b0_0;  alias, 1 drivers
v0x55f31919f0b0_0 .var/s "y_next", 15 0;
v0x55f31919f3c0_0 .var/s "y_out", 15 0;
v0x55f31919f660_0 .var/s "y_shift", 15 0;
v0x55f3191a0010_0 .net/s "z_in", 15 0, v0x55f319197050_0;  alias, 1 drivers
v0x55f3191a2d50_0 .var/s "z_next", 15 0;
v0x55f3191a2fb0_0 .var/s "z_out", 15 0;
E_0x55f31918c5b0 .event anyedge, v0x55f31918f7c0_0, v0x55f3191933b0_0, v0x55f319197050_0;
S_0x55f31917c2a0 .scope generate, "gen_cordic_stages[5]" "gen_cordic_stages[5]" 10 26, 10 26 0, S_0x55f3191b3130;
 .timescale -9 -12;
P_0x55f31919f4a0 .param/l "i" 1 10 26, +C4<0101>;
S_0x55f3191783a0 .scope module, "u_stage" "cordic_stage" 10 31, 11 4 0, S_0x55f31917c2a0;
 .timescale -9 -12;
    .port_info 0 /INPUT 1 "clk";
    .port_info 1 /INPUT 1 "rst_n";
    .port_info 2 /INPUT 1 "valid_in";
    .port_info 3 /INPUT 16 "x_in";
    .port_info 4 /INPUT 16 "y_in";
    .port_info 5 /INPUT 16 "z_in";
    .port_info 6 /OUTPUT 1 "valid_out";
    .port_info 7 /OUTPUT 16 "x_out";
    .port_info 8 /OUTPUT 16 "y_out";
    .port_info 9 /OUTPUT 16 "z_out";
P_0x55f3191a32c0 .param/l "ATAN_VAL" 0 11 8, +C4<0000000010000000>;
P_0x55f3191a3300 .param/l "DATA_WIDTH" 0 11 6, +C4<00000000000000000000000000010000>;
P_0x55f3191a3340 .param/l "STAGE_IDX" 0 11 7, +C4<00000000000000000000000000000101>;
v0x55f3191a3f10_0 .net "clk", 0 0, v0x55f3192d6c70_0;  alias, 1 drivers
v0x55f3191a4320_0 .net "rst_n", 0 0, v0x55f3192d73f0_0;  alias, 1 drivers
v0x55f3191a5a30_0 .net "valid_in", 0 0, v0x55f31919af50_0;  alias, 1 drivers
v0x55f3191a6180_0 .var "valid_out", 0 0;
v0x55f3191a4730_0 .net/s "x_in", 15 0, v0x55f31919b760_0;  alias, 1 drivers
v0x55f3191a7890_0 .var/s "x_next", 15 0;
v0x55f3191a7a70_0 .var/s "x_out", 15 0;
v0x55f3191b17e0_0 .var/s "x_shift", 15 0;
v0x55f3191b1c70_0 .net/s "y_in", 15 0, v0x55f31919f3c0_0;  alias, 1 drivers
v0x55f3191b21b0_0 .var/s "y_next", 15 0;
v0x55f3191b2680_0 .var/s "y_out", 15 0;
v0x55f3191b2bf0_0 .var/s "y_shift", 15 0;
v0x55f3191b60e0_0 .net/s "z_in", 15 0, v0x55f3191a2fb0_0;  alias, 1 drivers
v0x55f3191b6340_0 .var/s "z_next", 15 0;
v0x55f3191b6650_0 .var/s "z_out", 15 0;
E_0x55f3191a2e10 .event anyedge, v0x55f31919b760_0, v0x55f31919f3c0_0, v0x55f3191a2fb0_0;
S_0x55f3191c2930 .scope generate, "gen_cordic_stages[6]" "gen_cordic_stages[6]" 10 26, 10 26 0, S_0x55f3191b3130;
 .timescale -9 -12;
P_0x55f3191b6730 .param/l "i" 1 10 26, +C4<0110>;
S_0x55f31920cec0 .scope module, "u_stage" "cordic_stage" 10 31, 11 4 0, S_0x55f3191c2930;
 .timescale -9 -12;
    .port_info 0 /INPUT 1 "clk";
    .port_info 1 /INPUT 1 "rst_n";
    .port_info 2 /INPUT 1 "valid_in";
    .port_info 3 /INPUT 16 "x_in";
    .port_info 4 /INPUT 16 "y_in";
    .port_info 5 /INPUT 16 "z_in";
    .port_info 6 /OUTPUT 1 "valid_out";
    .port_info 7 /OUTPUT 16 "x_out";
    .port_info 8 /OUTPUT 16 "y_out";
    .port_info 9 /OUTPUT 16 "z_out";
P_0x55f3191b68f0 .param/l "ATAN_VAL" 0 11 8, +C4<0000000001000000>;
P_0x55f3191b6930 .param/l "DATA_WIDTH" 0 11 6, +C4<00000000000000000000000000010000>;
P_0x55f3191b6970 .param/l "STAGE_IDX" 0 11 7, +C4<00000000000000000000000000000110>;
v0x55f3191b72a0_0 .net "clk", 0 0, v0x55f3192d6c70_0;  alias, 1 drivers
v0x55f3191ba240_0 .net "rst_n", 0 0, v0x55f3192d73f0_0;  alias, 1 drivers
v0x55f3191ba7f0_0 .net "valid_in", 0 0, v0x55f3191a6180_0;  alias, 1 drivers
v0x55f3191bb1a0_0 .var "valid_out", 0 0;
v0x55f3191bdee0_0 .net/s "x_in", 15 0, v0x55f3191a7a70_0;  alias, 1 drivers
v0x55f3191be140_0 .var/s "x_next", 15 0;
v0x55f3191be450_0 .var/s "x_out", 15 0;
v0x55f3191be6f0_0 .var/s "x_shift", 15 0;
v0x55f3191bf0a0_0 .net/s "y_in", 15 0, v0x55f3191b2680_0;  alias, 1 drivers
v0x55f3191c1de0_0 .var/s "y_next", 15 0;
v0x55f3191c2040_0 .var/s "y_out", 15 0;
v0x55f3191c2350_0 .var/s "y_shift", 15 0;
v0x55f3191c25f0_0 .net/s "z_in", 15 0, v0x55f3191b6650_0;  alias, 1 drivers
v0x55f3191c2fa0_0 .var/s "z_next", 15 0;
v0x55f3191c5ce0_0 .var/s "z_out", 15 0;
E_0x55f3191a6270 .event anyedge, v0x55f3191a7a70_0, v0x55f3191b2680_0, v0x55f3191b6650_0;
S_0x55f319208fc0 .scope generate, "gen_cordic_stages[7]" "gen_cordic_stages[7]" 10 26, 10 26 0, S_0x55f3191b3130;
 .timescale -9 -12;
P_0x55f3191b7360 .param/l "i" 1 10 26, +C4<0111>;
S_0x55f3192050c0 .scope module, "u_stage" "cordic_stage" 10 31, 11 4 0, S_0x55f319208fc0;
 .timescale -9 -12;
    .port_info 0 /INPUT 1 "clk";
    .port_info 1 /INPUT 1 "rst_n";
    .port_info 2 /INPUT 1 "valid_in";
    .port_info 3 /INPUT 16 "x_in";
    .port_info 4 /INPUT 16 "y_in";
    .port_info 5 /INPUT 16 "z_in";
    .port_info 6 /OUTPUT 1 "valid_out";
    .port_info 7 /OUTPUT 16 "x_out";
    .port_info 8 /OUTPUT 16 "y_out";
    .port_info 9 /OUTPUT 16 "z_out";
P_0x55f3191c5f40 .param/l "ATAN_VAL" 0 11 8, +C4<0000000000100000>;
P_0x55f3191c5f80 .param/l "DATA_WIDTH" 0 11 6, +C4<00000000000000000000000000010000>;
P_0x55f3191c5fc0 .param/l "STAGE_IDX" 0 11 7, +C4<00000000000000000000000000000111>;
v0x55f3191c6250_0 .net "clk", 0 0, v0x55f3192d6c70_0;  alias, 1 drivers
v0x55f3191c64f0_0 .net "rst_n", 0 0, v0x55f3192d73f0_0;  alias, 1 drivers
v0x55f3191c6ea0_0 .net "valid_in", 0 0, v0x55f3191bb1a0_0;  alias, 1 drivers
v0x55f3191c9be0_0 .var "valid_out", 0 0;
v0x55f3191c9e40_0 .net/s "x_in", 15 0, v0x55f3191be450_0;  alias, 1 drivers
v0x55f3191ca150_0 .var/s "x_next", 15 0;
v0x55f3191ca3f0_0 .var/s "x_out", 15 0;
v0x55f3191cada0_0 .var/s "x_shift", 15 0;
v0x55f3191cdae0_0 .net/s "y_in", 15 0, v0x55f3191c2040_0;  alias, 1 drivers
v0x55f3191cdd40_0 .var/s "y_next", 15 0;
v0x55f3191ce050_0 .var/s "y_out", 15 0;
v0x55f3191ce2f0_0 .var/s "y_shift", 15 0;
v0x55f3191ceca0_0 .net/s "z_in", 15 0, v0x55f3191c5ce0_0;  alias, 1 drivers
v0x55f3191d19e0_0 .var/s "z_next", 15 0;
v0x55f3191d1c40_0 .var/s "z_out", 15 0;
E_0x55f3191ba310 .event anyedge, v0x55f3191be450_0, v0x55f3191c2040_0, v0x55f3191c5ce0_0;
S_0x55f3192011c0 .scope generate, "gen_cordic_stages[8]" "gen_cordic_stages[8]" 10 26, 10 26 0, S_0x55f3191b3130;
 .timescale -9 -12;
P_0x55f319193490 .param/l "i" 1 10 26, +C4<01000>;
S_0x55f3191fd6c0 .scope module, "u_stage" "cordic_stage" 10 31, 11 4 0, S_0x55f3192011c0;
 .timescale -9 -12;
    .port_info 0 /INPUT 1 "clk";
    .port_info 1 /INPUT 1 "rst_n";
    .port_info 2 /INPUT 1 "valid_in";
    .port_info 3 /INPUT 16 "x_in";
    .port_info 4 /INPUT 16 "y_in";
    .port_info 5 /INPUT 16 "z_in";
    .port_info 6 /OUTPUT 1 "valid_out";
    .port_info 7 /OUTPUT 16 "x_out";
    .port_info 8 /OUTPUT 16 "y_out";
    .port_info 9 /OUTPUT 16 "z_out";
P_0x55f3191d1f50 .param/l "ATAN_VAL" 0 11 8, +C4<0000000000010000>;
P_0x55f3191d1f90 .param/l "DATA_WIDTH" 0 11 6, +C4<00000000000000000000000000010000>;
P_0x55f3191d1fd0 .param/l "STAGE_IDX" 0 11 7, +C4<00000000000000000000000000001000>;
v0x55f3191d21f0_0 .net "clk", 0 0, v0x55f3192d6c70_0;  alias, 1 drivers
v0x55f3191d2ba0_0 .net "rst_n", 0 0, v0x55f3192d73f0_0;  alias, 1 drivers
v0x55f3191d58e0_0 .net "valid_in", 0 0, v0x55f3191c9be0_0;  alias, 1 drivers
v0x55f3191d5b40_0 .var "valid_out", 0 0;
v0x55f3191d5e50_0 .net/s "x_in", 15 0, v0x55f3191ca3f0_0;  alias, 1 drivers
v0x55f3191d60f0_0 .var/s "x_next", 15 0;
v0x55f3191d6aa0_0 .var/s "x_out", 15 0;
v0x55f3191d97e0_0 .var/s "x_shift", 15 0;
v0x55f3191d9a40_0 .net/s "y_in", 15 0, v0x55f3191ce050_0;  alias, 1 drivers
v0x55f3191d9d50_0 .var/s "y_next", 15 0;
v0x55f3191d9ff0_0 .var/s "y_out", 15 0;
v0x55f3191da9a0_0 .var/s "y_shift", 15 0;
v0x55f3191dd6e0_0 .net/s "z_in", 15 0, v0x55f3191d1c40_0;  alias, 1 drivers
v0x55f3191dd940_0 .var/s "z_next", 15 0;
v0x55f3191ddc50_0 .var/s "z_out", 15 0;
E_0x55f3191be1e0 .event anyedge, v0x55f3191ca3f0_0, v0x55f3191ce050_0, v0x55f3191d1c40_0;
S_0x55f3191ee020 .scope generate, "gen_cordic_stages[9]" "gen_cordic_stages[9]" 10 26, 10 26 0, S_0x55f3191b3130;
 .timescale -9 -12;
P_0x55f3191daa80 .param/l "i" 1 10 26, +C4<01001>;
S_0x55f3191ea120 .scope module, "u_stage" "cordic_stage" 10 31, 11 4 0, S_0x55f3191ee020;
 .timescale -9 -12;
    .port_info 0 /INPUT 1 "clk";
    .port_info 1 /INPUT 1 "rst_n";
    .port_info 2 /INPUT 1 "valid_in";
    .port_info 3 /INPUT 16 "x_in";
    .port_info 4 /INPUT 16 "y_in";
    .port_info 5 /INPUT 16 "z_in";
    .port_info 6 /OUTPUT 1 "valid_out";
    .port_info 7 /OUTPUT 16 "x_out";
    .port_info 8 /OUTPUT 16 "y_out";
    .port_info 9 /OUTPUT 16 "z_out";
P_0x55f3191ddef0 .param/l "ATAN_VAL" 0 11 8, +C4<0000000000001000>;
P_0x55f3191ddf30 .param/l "DATA_WIDTH" 0 11 6, +C4<00000000000000000000000000010000>;
P_0x55f3191ddf70 .param/l "STAGE_IDX" 0 11 7, +C4<00000000000000000000000000001001>;
v0x55f3191de8e0_0 .net "clk", 0 0, v0x55f3192d6c70_0;  alias, 1 drivers
v0x55f3191e15e0_0 .net "rst_n", 0 0, v0x55f3192d73f0_0;  alias, 1 drivers
v0x55f3191e1840_0 .net "valid_in", 0 0, v0x55f3191d5b40_0;  alias, 1 drivers
v0x55f3191e1b50_0 .var "valid_out", 0 0;
v0x55f3191e1df0_0 .net/s "x_in", 15 0, v0x55f3191d6aa0_0;  alias, 1 drivers
v0x55f3191e27a0_0 .var/s "x_next", 15 0;
v0x55f3191e54e0_0 .var/s "x_out", 15 0;
v0x55f3191e5740_0 .var/s "x_shift", 15 0;
v0x55f3191e5a50_0 .net/s "y_in", 15 0, v0x55f3191d9ff0_0;  alias, 1 drivers
v0x55f3191e5cf0_0 .var/s "y_next", 15 0;
v0x55f3191e66a0_0 .var/s "y_out", 15 0;
v0x55f3191e93e0_0 .var/s "y_shift", 15 0;
v0x55f3191e9640_0 .net/s "z_in", 15 0, v0x55f3191ddc50_0;  alias, 1 drivers
v0x55f3191e9950_0 .var/s "z_next", 15 0;
v0x55f3191e9bf0_0 .var/s "z_out", 15 0;
E_0x55f3191de8a0 .event anyedge, v0x55f3191d6aa0_0, v0x55f3191d9ff0_0, v0x55f3191ddc50_0;
S_0x55f3191e6220 .scope generate, "gen_cordic_stages[10]" "gen_cordic_stages[10]" 10 26, 10 26 0, S_0x55f3191b3130;
 .timescale -9 -12;
P_0x55f3191e6780 .param/l "i" 1 10 26, +C4<01010>;
S_0x55f3191e2320 .scope module, "u_stage" "cordic_stage" 10 31, 11 4 0, S_0x55f3191e6220;
 .timescale -9 -12;
    .port_info 0 /INPUT 1 "clk";
    .port_info 1 /INPUT 1 "rst_n";
    .port_info 2 /INPUT 1 "valid_in";
    .port_info 3 /INPUT 16 "x_in";
    .port_info 4 /INPUT 16 "y_in";
    .port_info 5 /INPUT 16 "z_in";
    .port_info 6 /OUTPUT 1 "valid_out";
    .port_info 7 /OUTPUT 16 "x_out";
    .port_info 8 /OUTPUT 16 "y_out";
    .port_info 9 /OUTPUT 16 "z_out";
P_0x55f3191ea5a0 .param/l "ATAN_VAL" 0 11 8, +C4<0000000000000100>;
P_0x55f3191ea5e0 .param/l "DATA_WIDTH" 0 11 6, +C4<00000000000000000000000000010000>;
P_0x55f3191ea620 .param/l "STAGE_IDX" 0 11 7, +C4<00000000000000000000000000001010>;
v0x55f3191ed2e0_0 .net "clk", 0 0, v0x55f3192d6c70_0;  alias, 1 drivers
v0x55f3191ed540_0 .net "rst_n", 0 0, v0x55f3192d73f0_0;  alias, 1 drivers
v0x55f3191ed850_0 .net "valid_in", 0 0, v0x55f3191e1b50_0;  alias, 1 drivers
v0x55f3191ee4a0_0 .var "valid_out", 0 0;
v0x55f3191ee8b0_0 .net/s "x_in", 15 0, v0x55f3191e54e0_0;  alias, 1 drivers
v0x55f3191effc0_0 .var/s "x_next", 15 0;
v0x55f3191f0710_0 .var/s "x_out", 15 0;
v0x55f3191eecc0_0 .var/s "x_shift", 15 0;
v0x55f3191f1e20_0 .net/s "y_in", 15 0, v0x55f3191e66a0_0;  alias, 1 drivers
v0x55f3191f2000_0 .var/s "y_next", 15 0;
v0x55f3191fbd70_0 .var/s "y_out", 15 0;
v0x55f3191fc200_0 .var/s "y_shift", 15 0;
v0x55f3191fc740_0 .net/s "z_in", 15 0, v0x55f3191e9bf0_0;  alias, 1 drivers
v0x55f3191fcc10_0 .var/s "z_next", 15 0;
v0x55f3191fd180_0 .var/s "z_out", 15 0;
E_0x55f3191e2840 .event anyedge, v0x55f3191e54e0_0, v0x55f3191e66a0_0, v0x55f3191e9bf0_0;
S_0x55f3191de420 .scope generate, "gen_cordic_stages[11]" "gen_cordic_stages[11]" 10 26, 10 26 0, S_0x55f3191b3130;
 .timescale -9 -12;
P_0x55f3191fc2e0 .param/l "i" 1 10 26, +C4<01011>;
S_0x55f3191da520 .scope module, "u_stage" "cordic_stage" 10 31, 11 4 0, S_0x55f3191de420;
 .timescale -9 -12;
    .port_info 0 /INPUT 1 "clk";
    .port_info 1 /INPUT 1 "rst_n";
    .port_info 2 /INPUT 1 "valid_in";
    .port_info 3 /INPUT 16 "x_in";
    .port_info 4 /INPUT 16 "y_in";
    .port_info 5 /INPUT 16 "z_in";
    .port_info 6 /OUTPUT 1 "valid_out";
    .port_info 7 /OUTPUT 16 "x_out";
    .port_info 8 /OUTPUT 16 "y_out";
    .port_info 9 /OUTPUT 16 "z_out";
P_0x55f319200670 .param/l "ATAN_VAL" 0 11 8, +C4<0000000000000010>;
P_0x55f3192006b0 .param/l "DATA_WIDTH" 0 11 6, +C4<00000000000000000000000000010000>;
P_0x55f3192006f0 .param/l "STAGE_IDX" 0 11 7, +C4<00000000000000000000000000001011>;
v0x55f3192008d0_0 .net "clk", 0 0, v0x55f3192d6c70_0;  alias, 1 drivers
v0x55f319200be0_0 .net "rst_n", 0 0, v0x55f3192d73f0_0;  alias, 1 drivers
v0x55f319200e80_0 .net "valid_in", 0 0, v0x55f3191ee4a0_0;  alias, 1 drivers
v0x55f319201830_0 .var "valid_out", 0 0;
v0x55f319204570_0 .net/s "x_in", 15 0, v0x55f3191f0710_0;  alias, 1 drivers
v0x55f3192047d0_0 .var/s "x_next", 15 0;
v0x55f319204ae0_0 .var/s "x_out", 15 0;
v0x55f319204d80_0 .var/s "x_shift", 15 0;
v0x55f319205730_0 .net/s "y_in", 15 0, v0x55f3191fbd70_0;  alias, 1 drivers
v0x55f319208470_0 .var/s "y_next", 15 0;
v0x55f3192086d0_0 .var/s "y_out", 15 0;
v0x55f3192089e0_0 .var/s "y_shift", 15 0;
v0x55f319208c80_0 .net/s "z_in", 15 0, v0x55f3191fd180_0;  alias, 1 drivers
v0x55f319209630_0 .var/s "z_next", 15 0;
v0x55f31920c370_0 .var/s "z_out", 15 0;
E_0x55f3191ee540 .event anyedge, v0x55f3191f0710_0, v0x55f3191fbd70_0, v0x55f3191fd180_0;
S_0x55f3191d6620 .scope generate, "gen_cordic_stages[12]" "gen_cordic_stages[12]" 10 26, 10 26 0, S_0x55f3191b3130;
 .timescale -9 -12;
P_0x55f319200ca0 .param/l "i" 1 10 26, +C4<01100>;
S_0x55f3191d2720 .scope module, "u_stage" "cordic_stage" 10 31, 11 4 0, S_0x55f3191d6620;
 .timescale -9 -12;
    .port_info 0 /INPUT 1 "clk";
    .port_info 1 /INPUT 1 "rst_n";
    .port_info 2 /INPUT 1 "valid_in";
    .port_info 3 /INPUT 16 "x_in";
    .port_info 4 /INPUT 16 "y_in";
    .port_info 5 /INPUT 16 "z_in";
    .port_info 6 /OUTPUT 1 "valid_out";
    .port_info 7 /OUTPUT 16 "x_out";
    .port_info 8 /OUTPUT 16 "y_out";
    .port_info 9 /OUTPUT 16 "z_out";
P_0x55f31920c5d0 .param/l "ATAN_VAL" 0 11 8, +C4<0000000000000001>;
P_0x55f31920c610 .param/l "DATA_WIDTH" 0 11 6, +C4<00000000000000000000000000010000>;
P_0x55f31920c650 .param/l "STAGE_IDX" 0 11 7, +C4<00000000000000000000000000001100>;
v0x55f31920c8e0_0 .net "clk", 0 0, v0x55f3192d6c70_0;  alias, 1 drivers
v0x55f31920cb80_0 .net "rst_n", 0 0, v0x55f3192d73f0_0;  alias, 1 drivers
v0x55f31920d530_0 .net "valid_in", 0 0, v0x55f319201830_0;  alias, 1 drivers
v0x55f319210270_0 .var "valid_out", 0 0;
v0x55f3192104d0_0 .net/s "x_in", 15 0, v0x55f319204ae0_0;  alias, 1 drivers
v0x55f3192107e0_0 .var/s "x_next", 15 0;
v0x55f319210a80_0 .var/s "x_out", 15 0;
v0x55f319211430_0 .var/s "x_shift", 15 0;
v0x55f319214170_0 .net/s "y_in", 15 0, v0x55f3192086d0_0;  alias, 1 drivers
v0x55f3192143d0_0 .var/s "y_next", 15 0;
v0x55f3192146e0_0 .var/s "y_out", 15 0;
v0x55f319214980_0 .var/s "y_shift", 15 0;
v0x55f319215330_0 .net/s "z_in", 15 0, v0x55f31920c370_0;  alias, 1 drivers
v0x55f319218070_0 .var/s "z_next", 15 0;
v0x55f3192182d0_0 .var/s "z_out", 15 0;
E_0x55f3192018d0 .event anyedge, v0x55f319204ae0_0, v0x55f3192086d0_0, v0x55f31920c370_0;
S_0x55f3191ce630 .scope generate, "gen_cordic_stages[13]" "gen_cordic_stages[13]" 10 26, 10 26 0, S_0x55f3191b3130;
 .timescale -9 -12;
P_0x55f3192147c0 .param/l "i" 1 10 26, +C4<01101>;
S_0x55f3191ca730 .scope module, "u_stage" "cordic_stage" 10 31, 11 4 0, S_0x55f3191ce630;
 .timescale -9 -12;
    .port_info 0 /INPUT 1 "clk";
    .port_info 1 /INPUT 1 "rst_n";
    .port_info 2 /INPUT 1 "valid_in";
    .port_info 3 /INPUT 16 "x_in";
    .port_info 4 /INPUT 16 "y_in";
    .port_info 5 /INPUT 16 "z_in";
    .port_info 6 /OUTPUT 1 "valid_out";
    .port_info 7 /OUTPUT 16 "x_out";
    .port_info 8 /OUTPUT 16 "y_out";
    .port_info 9 /OUTPUT 16 "z_out";
P_0x55f3192185e0 .param/l "ATAN_VAL" 0 11 8, +C4<0000000000000001>;
P_0x55f319218620 .param/l "DATA_WIDTH" 0 11 6, +C4<00000000000000000000000000010000>;
P_0x55f319218660 .param/l "STAGE_IDX" 0 11 7, +C4<00000000000000000000000000001101>;
v0x55f319218880_0 .net "clk", 0 0, v0x55f3192d6c70_0;  alias, 1 drivers
v0x55f319219230_0 .net "rst_n", 0 0, v0x55f3192d73f0_0;  alias, 1 drivers
v0x55f31921bf70_0 .net "valid_in", 0 0, v0x55f319210270_0;  alias, 1 drivers
v0x55f31921c1d0_0 .var "valid_out", 0 0;
v0x55f31921c4e0_0 .net/s "x_in", 15 0, v0x55f319210a80_0;  alias, 1 drivers
v0x55f31921c780_0 .var/s "x_next", 15 0;
v0x55f31921d130_0 .var/s "x_out", 15 0;
v0x55f31921fe70_0 .var/s "x_shift", 15 0;
v0x55f3192200d0_0 .net/s "y_in", 15 0, v0x55f3192146e0_0;  alias, 1 drivers
v0x55f3192203e0_0 .var/s "y_next", 15 0;
v0x55f319220680_0 .var/s "y_out", 15 0;
v0x55f319221030_0 .var/s "y_shift", 15 0;
v0x55f319223d70_0 .net/s "z_in", 15 0, v0x55f3192182d0_0;  alias, 1 drivers
v0x55f319223fd0_0 .var/s "z_next", 15 0;
v0x55f3192242e0_0 .var/s "z_out", 15 0;
E_0x55f319204640 .event anyedge, v0x55f319210a80_0, v0x55f3192146e0_0, v0x55f3192182d0_0;
S_0x55f3191c6830 .scope generate, "gen_cordic_stages[14]" "gen_cordic_stages[14]" 10 26, 10 26 0, S_0x55f3191b3130;
 .timescale -9 -12;
P_0x55f319221110 .param/l "i" 1 10 26, +C4<01110>;
S_0x55f319210dc0 .scope module, "u_stage" "cordic_stage" 10 31, 11 4 0, S_0x55f3191c6830;
 .timescale -9 -12;
    .port_info 0 /INPUT 1 "clk";
    .port_info 1 /INPUT 1 "rst_n";
    .port_info 2 /INPUT 1 "valid_in";
    .port_info 3 /INPUT 16 "x_in";
    .port_info 4 /INPUT 16 "y_in";
    .port_info 5 /INPUT 16 "z_in";
    .port_info 6 /OUTPUT 1 "valid_out";
    .port_info 7 /OUTPUT 16 "x_out";
    .port_info 8 /OUTPUT 16 "y_out";
    .port_info 9 /OUTPUT 16 "z_out";
P_0x55f319224580 .param/l "ATAN_VAL" 0 11 8, +C4<0000000000000000>;
P_0x55f3192245c0 .param/l "DATA_WIDTH" 0 11 6, +C4<00000000000000000000000000010000>;
P_0x55f319224600 .param/l "STAGE_IDX" 0 11 7, +C4<00000000000000000000000000001110>;
v0x55f319224f70_0 .net "clk", 0 0, v0x55f3192d6c70_0;  alias, 1 drivers
v0x55f319285ad0_0 .net "rst_n", 0 0, v0x55f3192d73f0_0;  alias, 1 drivers
v0x55f318fa21b0_0 .net "valid_in", 0 0, v0x55f31921c1d0_0;  alias, 1 drivers
v0x55f318fa2280_0 .var "valid_out", 0 0;
v0x55f318fa2320_0 .net/s "x_in", 15 0, v0x55f31921d130_0;  alias, 1 drivers
v0x55f319285b90_0 .var/s "x_next", 15 0;
v0x55f319227c70_0 .var/s "x_out", 15 0;
v0x55f319227ed0_0 .var/s "x_shift", 15 0;
v0x55f3192281e0_0 .net/s "y_in", 15 0, v0x55f319220680_0;  alias, 1 drivers
v0x55f319228480_0 .var/s "y_next", 15 0;
v0x55f319228e30_0 .var/s "y_out", 15 0;
v0x55f31922bb70_0 .var/s "y_shift", 15 0;
v0x55f31922bdd0_0 .net/s "z_in", 15 0, v0x55f3192242e0_0;  alias, 1 drivers
v0x55f31922c0e0_0 .var/s "z_next", 15 0;
v0x55f31922c380_0 .var/s "z_out", 15 0;
E_0x55f319224f30 .event anyedge, v0x55f31921d130_0, v0x55f319220680_0, v0x55f3192242e0_0;
S_0x55f31926ead0 .scope generate, "gen_cordic_stages[15]" "gen_cordic_stages[15]" 10 26, 10 26 0, S_0x55f3191b3130;
 .timescale -9 -12;
P_0x55f31922bc50 .param/l "i" 1 10 26, +C4<01111>;
S_0x55f31923d810 .scope module, "u_stage" "cordic_stage" 10 31, 11 4 0, S_0x55f31926ead0;
 .timescale -9 -12;
    .port_info 0 /INPUT 1 "clk";
    .port_info 1 /INPUT 1 "rst_n";
    .port_info 2 /INPUT 1 "valid_in";
    .port_info 3 /INPUT 16 "x_in";
    .port_info 4 /INPUT 16 "y_in";
    .port_info 5 /INPUT 16 "z_in";
    .port_info 6 /OUTPUT 1 "valid_out";
    .port_info 7 /OUTPUT 16 "x_out";
    .port_info 8 /OUTPUT 16 "y_out";
    .port_info 9 /OUTPUT 16 "z_out";
P_0x55f31922cd30 .param/l "ATAN_VAL" 0 11 8, +C4<0000000000000000>;
P_0x55f31922cd70 .param/l "DATA_WIDTH" 0 11 6, +C4<00000000000000000000000000010000>;
P_0x55f31922cdb0 .param/l "STAGE_IDX" 0 11 7, +C4<00000000000000000000000000001111>;
v0x55f31922fcd0_0 .net "clk", 0 0, v0x55f3192d6c70_0;  alias, 1 drivers
v0x55f31922ffe0_0 .net "rst_n", 0 0, v0x55f3192d73f0_0;  alias, 1 drivers
v0x55f319230280_0 .net "valid_in", 0 0, v0x55f318fa2280_0;  alias, 1 drivers
v0x55f319230c30_0 .var "valid_out", 0 0;
v0x55f319233970_0 .net/s "x_in", 15 0, v0x55f319227c70_0;  alias, 1 drivers
v0x55f319233bd0_0 .var/s "x_next", 15 0;
v0x55f319233ee0_0 .var/s "x_out", 15 0;
v0x55f319234180_0 .var/s "x_shift", 15 0;
v0x55f319234b30_0 .net/s "y_in", 15 0, v0x55f319228e30_0;  alias, 1 drivers
v0x55f319237870_0 .var/s "y_next", 15 0;
v0x55f319237ad0_0 .var/s "y_out", 15 0;
v0x55f319237de0_0 .var/s "y_shift", 15 0;
v0x55f319238a30_0 .net/s "z_in", 15 0, v0x55f31922c380_0;  alias, 1 drivers
v0x55f319238e40_0 .var/s "z_next", 15 0;
v0x55f31923a550_0 .var/s "z_out", 15 0;
E_0x55f31922faf0 .event anyedge, v0x55f319227c70_0, v0x55f319228e30_0, v0x55f31922c380_0;
S_0x55f31923d100 .scope module, "siren_s" "siren_scaler" 6 22, 12 4 0, S_0x55f3191744a0;
 .timescale -9 -12;
    .port_info 0 /INPUT 1 "clk";
    .port_info 1 /INPUT 1 "rst_in";
    .port_info 2 /INPUT 1 "valid_in";
    .port_info 3 /INPUT 16 "data_in";
    .port_info 4 /OUTPUT 1 "valid_out";
    .port_info 5 /OUTPUT 16 "data_out";
P_0x55f31918afd0 .param/l "CONST_2PI" 1 12 14, +C4<00000000000000000110010010001000>;
P_0x55f31918b010 .param/l "CONST_PI" 1 12 13, +C4<00000000000000000011001001000100>;
v0x55f319192dd0_0 .var/s "centered_angle", 31 0;
v0x55f319196cd0_0 .net "clk", 0 0, v0x55f3192d6c70_0;  alias, 1 drivers
v0x55f31919abd0_0 .net/s "data_in", 15 0, v0x55f319281cf0_0;  alias, 1 drivers
v0x55f31919ac70_0 .var/s "data_out", 15 0;
v0x55f31919ead0_0 .var/s "ext_data", 31 0;
v0x55f3191a29d0_0 .var/s "mod_angle", 31 0;
v0x55f319162260_0 .net "rst_in", 0 0, v0x55f3192d73f0_0;  alias, 1 drivers
v0x55f319162300_0 .var/s "scaled_angle", 31 0;
v0x55f3191aa700_0 .net "valid_in", 0 0, v0x55f31914cd80_0;  alias, 1 drivers
v0x55f3191aa7a0_0 .var "valid_out", 0 0;
E_0x55f31923c940 .event anyedge, v0x55f319281cf0_0;
S_0x55f3192385b0 .scope generate, "gen_physical_neurons[1]" "gen_physical_neurons[1]" 5 140, 5 140 0, S_0x55f319155350;
 .timescale -9 -12;
P_0x55f3191d16d0 .param/l "lane_i" 1 5 140, +C4<01>;
S_0x55f3192346b0 .scope module, "sn" "siren_neuron" 5 141, 6 2 0, S_0x55f3192385b0;
 .timescale -9 -12;
    .port_info 0 /INPUT 1 "clk";
    .port_info 1 /INPUT 1 "rst_in";
    .port_info 2 /INPUT 1 "valid_in";
    .port_info 3 /INPUT 1 "clr_acc";
    .port_info 4 /INPUT 16 "a_in";
    .port_info 5 /INPUT 16 "w_in";
    .port_info 6 /INPUT 16 "bias_in";
    .port_info 7 /OUTPUT 1 "valid_out";
    .port_info 8 /OUTPUT 16 "act_out";
    .port_info 9 /OUTPUT 16 "cos_out";
L_0x7f9672c76258 .functor BUFT 1, C4<0000000000000000>, C4<0>, C4<0>, C4<0>;
v0x55f31928fce0_0 .net/s "a_in", 15 0, L_0x7f9672c76258;  1 drivers
v0x55f31928fd80_0 .net/s "act_out", 15 0, L_0x55f3192823c0;  alias, 1 drivers
v0x55f3192cecc0_1 .array/port v0x55f3192cecc0, 1;
v0x55f31928fe70_0 .net/s "bias_in", 15 0, v0x55f3192cecc0_1;  1 drivers
v0x55f31928ff10_0 .net "clk", 0 0, v0x55f3192d6c70_0;  alias, 1 drivers
L_0x7f9672c76210 .functor BUFT 1, C4<0>, C4<0>, C4<0>, C4<0>;
v0x55f31928ffb0_0 .net "clr_acc", 0 0, L_0x7f9672c76210;  1 drivers
v0x55f3192900a0_0 .net/s "cos_out", 15 0, L_0x55f319281ec0;  1 drivers
v0x55f319290190_0 .net/s "mac_result", 15 0, v0x55f3191dd360_0;  1 drivers
v0x55f319290280_0 .net "rst_in", 0 0, v0x55f3192d73f0_0;  alias, 1 drivers
v0x55f319290320_0 .net/s "scaled_result", 15 0, v0x55f31928f7a0_0;  1 drivers
v0x55f319290450_0 .net "valid_in", 0 0, v0x55f3192cee70_0;  alias, 1 drivers
v0x55f3192904f0_0 .net "valid_out", 0 0, L_0x55f319281be0;  alias, 1 drivers
L_0x7f9672c762a0 .functor BUFT 1, C4<0000000000000000>, C4<0>, C4<0>, C4<0>;
v0x55f319290590_0 .net/s "w_in", 15 0, L_0x7f9672c762a0;  1 drivers
v0x55f319290630_0 .net "wire_mac", 0 0, v0x55f3192002f0_0;  1 drivers
v0x55f319290720_0 .net "wire_scaler", 0 0, v0x55f31928fc00_0;  1 drivers
S_0x55f3192307b0 .scope module, "mac" "mac_unit" 6 20, 7 4 0, S_0x55f3192346b0;
 .timescale -9 -12;
    .port_info 0 /INPUT 1 "clk";
    .port_info 1 /INPUT 1 "rst_in";
    .port_info 2 /INPUT 1 "valid_in";
    .port_info 3 /INPUT 1 "clr_acc";
    .port_info 4 /INPUT 16 "a_in";
    .port_info 5 /INPUT 16 "w_in";
    .port_info 6 /INPUT 16 "bias_in";
    .port_info 7 /OUTPUT 1 "valid_out";
    .port_info 8 /OUTPUT 1 "ovf_flag";
    .port_info 9 /OUTPUT 16 "acc_out";
v0x55f3191d9460_0 .net/s "a_in", 15 0, L_0x7f9672c76258;  alias, 1 drivers
v0x55f3191dd360_0 .var/s "acc_out", 15 0;
v0x55f3191e1260_0 .net/s "bias_in", 15 0, v0x55f3192cecc0_1;  alias, 1 drivers
v0x55f3191e5160_0 .net "clk", 0 0, v0x55f3192d6c70_0;  alias, 1 drivers
v0x55f3191e5200_0 .net "clr_acc", 0 0, L_0x7f9672c76210;  alias, 1 drivers
v0x55f3191e9060_0 .var/s "current_acc", 32 0;
v0x55f3191ecf60_0 .var/s "mult_q", 31 0;
v0x55f3191ac7f0_0 .var/s "mult_raw", 31 0;
v0x55f3191f4c90_0 .var "ovf_flag", 0 0;
v0x55f3191f8e30_0 .net "rst_in", 0 0, v0x55f3192d73f0_0;  alias, 1 drivers
v0x55f3191f8ed0_0 .var/s "sum_stage", 32 0;
v0x55f3191fb9f0_0 .net "valid_in", 0 0, v0x55f3192cee70_0;  alias, 1 drivers
v0x55f3192002f0_0 .var "valid_out", 0 0;
v0x55f3192041f0_0 .net/s "w_in", 15 0, L_0x7f9672c762a0;  alias, 1 drivers
E_0x55f318f9ac40/0 .event anyedge, v0x55f3191d9460_0, v0x55f3192041f0_0, v0x55f3191e5200_0, v0x55f3191e1260_0;
E_0x55f318f9ac40/1 .event anyedge, v0x55f3191dd360_0;
E_0x55f318f9ac40 .event/or E_0x55f318f9ac40/0, E_0x55f318f9ac40/1;
S_0x55f31922c8b0 .scope module, "siren_act" "siren_act_unit" 6 24, 8 3 0, S_0x55f3192346b0;
 .timescale -9 -12;
    .port_info 0 /INPUT 1 "clk";
    .port_info 1 /INPUT 1 "rst_in";
    .port_info 2 /INPUT 1 "valid_in";
    .port_info 3 /INPUT 16 "angle_in";
    .port_info 4 /OUTPUT 1 "valid_out";
    .port_info 5 /OUTPUT 16 "sin_out";
    .port_info 6 /OUTPUT 16 "cos_out";
v0x55f31928ea40_0 .net/s "angle_in", 15 0, v0x55f31928f7a0_0;  alias, 1 drivers
v0x55f31928eae0_0 .net "clk", 0 0, v0x55f3192d6c70_0;  alias, 1 drivers
v0x55f31928eb80_0 .net/s "cos_out", 15 0, L_0x55f319281ec0;  alias, 1 drivers
v0x55f31928ec20_0 .net "folder_valid", 0 0, v0x55f31922f6f0_0;  1 drivers
v0x55f31928ed10_0 .net/s "phase_folded", 15 0, v0x55f3192278f0_0;  1 drivers
v0x55f31928ee50_0 .net "rst_in", 0 0, v0x55f3192d73f0_0;  alias, 1 drivers
v0x55f31928eef0_0 .net/s "sin_out", 15 0, L_0x55f3192823c0;  alias, 1 drivers
v0x55f31928ef90_0 .net "valid_in", 0 0, v0x55f31928fc00_0;  alias, 1 drivers
v0x55f31928f030_0 .net "valid_out", 0 0, L_0x55f319281be0;  alias, 1 drivers
S_0x55f3192289b0 .scope module, "phase_f" "phase_folder" 8 16, 9 4 0, S_0x55f31922c8b0;
 .timescale -9 -12;
    .port_info 0 /INPUT 1 "clk";
    .port_info 1 /INPUT 1 "rst_in";
    .port_info 2 /INPUT 1 "valid_in";
    .port_info 3 /INPUT 16 "angle_in";
    .port_info 4 /OUTPUT 1 "valid_out_folded";
    .port_info 5 /OUTPUT 16 "phase_out_folded";
P_0x55f31920bff0 .param/l "CONST_2PI" 1 9 13, +C4<00000000000000000110010010001000>;
P_0x55f31920c030 .param/l "CONST_HALF_PI" 1 9 15, +C4<00000000000000000001100100100010>;
P_0x55f31920c070 .param/l "CONST_PI" 1 9 14, +C4<00000000000000000011001001000100>;
v0x55f319217cf0_0 .var/s "angle_32", 31 0;
v0x55f31921bbf0_0 .net/s "angle_in", 15 0, v0x55f31928f7a0_0;  alias, 1 drivers
v0x55f31921faf0_0 .var/s "centered", 31 0;
v0x55f3192239f0_0 .net "clk", 0 0, v0x55f3192d6c70_0;  alias, 1 drivers
v0x55f319223a90_0 .var/s "folded", 31 0;
v0x55f3192278f0_0 .var/s "phase_out_folded", 15 0;
v0x55f31922b7f0_0 .net "rst_in", 0 0, v0x55f3192d73f0_0;  alias, 1 drivers
v0x55f31922b890_0 .net "valid_in", 0 0, v0x55f31928fc00_0;  alias, 1 drivers
v0x55f31922f6f0_0 .var "valid_out_folded", 0 0;
E_0x55f3191d9560 .event anyedge, v0x55f31921bbf0_0, v0x55f319217cf0_0, v0x55f31921faf0_0;
S_0x55f319224ab0 .scope module, "u_cordic" "cordic_wrapper" 8 18, 10 4 0, S_0x55f31922c8b0;
 .timescale -9 -12;
    .port_info 0 /INPUT 1 "clk";
    .port_info 1 /INPUT 1 "rst_in";
    .port_info 2 /INPUT 1 "valid_in";
    .port_info 3 /INPUT 16 "phase_in";
    .port_info 4 /OUTPUT 1 "valid_out";
    .port_info 5 /OUTPUT 16 "sin_out";
    .port_info 6 /OUTPUT 16 "cos_out";
L_0x55f31911c580 .functor BUFZ 16, v0x55f3192278f0_0, C4<0000000000000000>, C4<0000000000000000>, C4<0000000000000000>;
L_0x55f319119a00 .functor BUFZ 1, v0x55f31922f6f0_0, C4<0>, C4<0>, C4<0>;
L_0x55f319281be0 .functor BUFZ 1, v0x55f31928c140_0, C4<0>, C4<0>, C4<0>;
L_0x55f319281ec0 .functor BUFZ 16, v0x55f31928c370_0, C4<0000000000000000>, C4<0000000000000000>, C4<0000000000000000>;
L_0x55f3192823c0 .functor BUFZ 16, v0x55f31928c6e0_0, C4<0000000000000000>, C4<0000000000000000>, C4<0000000000000000>;
v0x55f31928ccd0_0 .net "clk", 0 0, v0x55f3192d6c70_0;  alias, 1 drivers
v0x55f31928cd90_0 .net/s "cos_out", 15 0, L_0x55f319281ec0;  alias, 1 drivers
v0x55f31928ce70_0 .net/s "phase_in", 15 0, v0x55f3192278f0_0;  alias, 1 drivers
v0x55f31928cf70_0 .net "rst_in", 0 0, v0x55f3192d73f0_0;  alias, 1 drivers
v0x55f31928d010_0 .net/s "sin_out", 15 0, L_0x55f3192823c0;  alias, 1 drivers
v0x55f31928d0d0_0 .net "valid_in", 0 0, v0x55f31922f6f0_0;  alias, 1 drivers
v0x55f31928d170_0 .net "valid_out", 0 0, L_0x55f319281be0;  alias, 1 drivers
v0x55f31928d210 .array "valid_pipe", 16 0;
v0x55f31928d210_0 .net v0x55f31928d210 0, 0 0, L_0x55f319119a00; 1 drivers
v0x55f31928d210_1 .net v0x55f31928d210 1, 0 0, v0x55f3192528f0_0; 1 drivers
v0x55f31928d210_2 .net v0x55f31928d210 2, 0 0, v0x55f31919fe40_0; 1 drivers
v0x55f31928d210_3 .net v0x55f31928d210 3, 0 0, v0x55f3191cabd0_0; 1 drivers
v0x55f31928d210_4 .net v0x55f31928d210 4, 0 0, v0x55f3191fd990_0; 1 drivers
v0x55f31928d210_5 .net v0x55f31928d210 5, 0 0, v0x55f3192348c0_0; 1 drivers
v0x55f31928d210_6 .net v0x55f31928d210 6, 0 0, v0x55f319149460_0; 1 drivers
v0x55f31928d210_7 .net v0x55f31928d210 7, 0 0, v0x55f31917c490_0; 1 drivers
v0x55f31928d210_8 .net v0x55f31928d210 8, 0 0, v0x55f3191a6e30_0; 1 drivers
v0x55f31928d210_9 .net v0x55f31928d210 9, 0 0, v0x55f3191e6030_0; 1 drivers
v0x55f31928d210_10 .net v0x55f31928d210 10, 0 0, v0x55f319214ee0_0; 1 drivers
v0x55f31928d210_11 .net v0x55f31928d210 11, 0 0, v0x55f31923b980_0; 1 drivers
v0x55f31928d210_12 .net v0x55f31928d210 12, 0 0, v0x55f318fa9450_0; 1 drivers
v0x55f31928d210_13 .net v0x55f31928d210 13, 0 0, v0x55f319287be0_0; 1 drivers
v0x55f31928d210_14 .net v0x55f31928d210 14, 0 0, v0x55f319289300_0; 1 drivers
v0x55f31928d210_15 .net v0x55f31928d210 15, 0 0, v0x55f31928aa20_0; 1 drivers
v0x55f31928d210_16 .net v0x55f31928d210 16, 0 0, v0x55f31928c140_0; 1 drivers
L_0x7f9672c76180 .functor BUFT 1, C4<0000100110110111>, C4<0>, C4<0>, C4<0>;
v0x55f31928d820 .array "x_pipe", 16 0;
v0x55f31928d820_0 .net/s v0x55f31928d820 0, 15 0, L_0x7f9672c76180; 1 drivers
v0x55f31928d820_1 .net/s v0x55f31928d820 1, 15 0, v0x55f31916caa0_0; 1 drivers
v0x55f31928d820_2 .net/s v0x55f31928d820 2, 15 0, v0x55f3191a5110_0; 1 drivers
v0x55f31928d820_3 .net/s v0x55f31928d820 3, 15 0, v0x55f3191d29d0_0; 1 drivers
v0x55f31928d820_4 .net/s v0x55f31928d820 4, 15 0, v0x55f319201660_0; 1 drivers
v0x55f31928d820_5 .net/s v0x55f31928d820 5, 15 0, v0x55f319239b90_0; 1 drivers
v0x55f31928d820_6 .net/s v0x55f31928d820 6, 15 0, v0x55f319151260_0; 1 drivers
v0x55f31928d820_7 .net/s v0x55f31928d820 7, 15 0, v0x55f319180430_0; 1 drivers
v0x55f31928d820_8 .net/s v0x55f31928d820 8, 15 0, v0x55f3191a71b0_0; 1 drivers
v0x55f31928d820_9 .net/s v0x55f31928d820 9, 15 0, v0x55f3191e9fd0_0; 1 drivers
v0x55f31928d820_10 .net/s v0x55f31928d820 10, 15 0, v0x55f31921cac0_0; 1 drivers
v0x55f31928d820_11 .net/s v0x55f31928d820 11, 15 0, v0x55f318f91740_0; 1 drivers
v0x55f31928d820_12 .net/s v0x55f31928d820 12, 15 0, v0x55f318fe9490_0; 1 drivers
v0x55f31928d820_13 .net/s v0x55f31928d820 13, 15 0, v0x55f319287e10_0; 1 drivers
v0x55f31928d820_14 .net/s v0x55f31928d820 14, 15 0, v0x55f319289530_0; 1 drivers
v0x55f31928d820_15 .net/s v0x55f31928d820 15, 15 0, v0x55f31928ac50_0; 1 drivers
v0x55f31928d820_16 .net/s v0x55f31928d820 16, 15 0, v0x55f31928c370_0; 1 drivers
L_0x7f9672c761c8 .functor BUFT 1, C4<0000000000000000>, C4<0>, C4<0>, C4<0>;
v0x55f31928de40 .array "y_pipe", 16 0;
v0x55f31928de40_0 .net/s v0x55f31928de40 0, 15 0, L_0x7f9672c761c8; 1 drivers
v0x55f31928de40_1 .net/s v0x55f31928de40 1, 15 0, v0x55f31917c6a0_0; 1 drivers
v0x55f31928de40_2 .net/s v0x55f31928de40 2, 15 0, v0x55f3191a7610_0; 1 drivers
v0x55f31928de40_3 .net/s v0x55f31928de40 3, 15 0, v0x55f3191de630_0; 1 drivers
v0x55f31928de40_4 .net/s v0x55f31928de40 4, 15 0, v0x55f31920d380_0; 1 drivers
v0x55f31928de40_5 .net/s v0x55f31928de40 5, 15 0, v0x55f31923c470_0; 1 drivers
v0x55f31928de40_6 .net/s v0x55f31928de40 6, 15 0, v0x55f319158d20_0; 1 drivers
v0x55f31928de40_7 .net/s v0x55f31928de40 7, 15 0, v0x55f31918bea0_0; 1 drivers
v0x55f31928de40_8 .net/s v0x55f31928de40 8, 15 0, v0x55f3191bec20_0; 1 drivers
v0x55f31928de40_9 .net/s v0x55f31928de40 9, 15 0, v0x55f3191ee6f0_0; 1 drivers
v0x55f31928de40_10 .net/s v0x55f31928de40 10, 15 0, v0x55f3192287c0_0; 1 drivers
v0x55f31928de40_11 .net/s v0x55f31928de40 11, 15 0, v0x55f318f91ab0_0; 1 drivers
v0x55f31928de40_12 .net/s v0x55f31928de40 12, 15 0, v0x55f318fe97e0_0; 1 drivers
v0x55f31928de40_13 .net/s v0x55f31928de40 13, 15 0, v0x55f319288180_0; 1 drivers
v0x55f31928de40_14 .net/s v0x55f31928de40 14, 15 0, v0x55f3192898a0_0; 1 drivers
v0x55f31928de40_15 .net/s v0x55f31928de40 15, 15 0, v0x55f31928afc0_0; 1 drivers
v0x55f31928de40_16 .net/s v0x55f31928de40 16, 15 0, v0x55f31928c6e0_0; 1 drivers
v0x55f31928e420 .array "z_pipe", 16 0;
v0x55f31928e420_0 .net/s v0x55f31928e420 0, 15 0, L_0x55f31911c580; 1 drivers
v0x55f31928e420_1 .net/s v0x55f31928e420 1, 15 0, v0x55f31918c2a0_0; 1 drivers
v0x55f31928e420_2 .net/s v0x55f31928e420 2, 15 0, v0x55f3191b7030_0; 1 drivers
v0x55f31928e420_3 .net/s v0x55f31928e420 3, 15 0, v0x55f3191e6430_0; 1 drivers
v0x55f31928e420_4 .net/s v0x55f31928e420 4, 15 0, v0x55f319219080_0; 1 drivers
v0x55f31928e420_5 .net/s v0x55f31928e420 5, 15 0, v0x55f31912de10_0; 1 drivers
v0x55f31928e420_6 .net/s v0x55f31928e420 6, 15 0, v0x55f31915c6b0_0; 1 drivers
v0x55f31928e420_7 .net/s v0x55f31928e420 7, 15 0, v0x55f319197ba0_0; 1 drivers
v0x55f31928e420_8 .net/s v0x55f31928e420 8, 15 0, v0x55f3191ca9e0_0; 1 drivers
v0x55f31928e420_9 .net/s v0x55f31928e420 9, 15 0, v0x55f3192013b0_0; 1 drivers
v0x55f31928e420_10 .net/s v0x55f31928e420 10, 15 0, v0x55f319234580_0; 1 drivers
v0x55f31928e420_11 .net/s v0x55f31928e420 11, 15 0, v0x55f318faff40_0; 1 drivers
v0x55f31928e420_12 .net/s v0x55f31928e420 12, 15 0, v0x55f3190074d0_0; 1 drivers
v0x55f31928e420_13 .net/s v0x55f31928e420 13, 15 0, v0x55f3192884f0_0; 1 drivers
v0x55f31928e420_14 .net/s v0x55f31928e420 14, 15 0, v0x55f319289c10_0; 1 drivers
v0x55f31928e420_15 .net/s v0x55f31928e420 15, 15 0, v0x55f31928b330_0; 1 drivers
v0x55f31928e420_16 .net/s v0x55f31928e420 16, 15 0, v0x55f31928ca50_0; 1 drivers
S_0x55f319220bb0 .scope generate, "gen_cordic_stages[0]" "gen_cordic_stages[0]" 10 26, 10 26 0, S_0x55f319224ab0;
 .timescale -9 -12;
P_0x55f31920ffd0 .param/l "i" 1 10 26, +C4<00>;
S_0x55f31921ccb0 .scope module, "u_stage" "cordic_stage" 10 31, 11 4 0, S_0x55f319220bb0;
 .timescale -9 -12;
    .port_info 0 /INPUT 1 "clk";
    .port_info 1 /INPUT 1 "rst_n";
    .port_info 2 /INPUT 1 "valid_in";
    .port_info 3 /INPUT 16 "x_in";
    .port_info 4 /INPUT 16 "y_in";
    .port_info 5 /INPUT 16 "z_in";
    .port_info 6 /OUTPUT 1 "valid_out";
    .port_info 7 /OUTPUT 16 "x_out";
    .port_info 8 /OUTPUT 16 "y_out";
    .port_info 9 /OUTPUT 16 "z_out";
P_0x55f3192374f0 .param/l "ATAN_VAL" 0 11 8, +C4<0000110010010001>;
P_0x55f319237530 .param/l "DATA_WIDTH" 0 11 6, +C4<00000000000000000000000000010000>;
P_0x55f319237570 .param/l "STAGE_IDX" 0 11 7, +C4<00000000000000000000000000000000>;
v0x55f319255a00_0 .net "clk", 0 0, v0x55f3192d6c70_0;  alias, 1 drivers
v0x55f319253e30_0 .net "rst_n", 0 0, v0x55f3192d73f0_0;  alias, 1 drivers
v0x55f319252850_0 .net "valid_in", 0 0, L_0x55f319119a00;  alias, 1 drivers
v0x55f3192528f0_0 .var "valid_out", 0 0;
v0x55f319275080_0 .net/s "x_in", 15 0, L_0x7f9672c76180;  alias, 1 drivers
v0x55f319273480_0 .var/s "x_next", 15 0;
v0x55f31916caa0_0 .var/s "x_out", 15 0;
v0x55f3191709a0_0 .var/s "x_shift", 15 0;
v0x55f3191748a0_0 .net/s "y_in", 15 0, L_0x7f9672c761c8;  alias, 1 drivers
v0x55f3191787a0_0 .var/s "y_next", 15 0;
v0x55f31917c6a0_0 .var/s "y_out", 15 0;
v0x55f3191805a0_0 .var/s "y_shift", 15 0;
v0x55f3191844a0_0 .net/s "z_in", 15 0, L_0x55f31911c580;  alias, 1 drivers
v0x55f3191883a0_0 .var/s "z_next", 15 0;
v0x55f31918c2a0_0 .var/s "z_out", 15 0;
E_0x55f31922f7f0 .event anyedge, v0x55f319275080_0, v0x55f3191748a0_0, v0x55f3191844a0_0;
S_0x55f319218bc0 .scope generate, "gen_cordic_stages[1]" "gen_cordic_stages[1]" 10 26, 10 26 0, S_0x55f319224ab0;
 .timescale -9 -12;
P_0x55f3192003b0 .param/l "i" 1 10 26, +C4<01>;
S_0x55f319214cc0 .scope module, "u_stage" "cordic_stage" 10 31, 11 4 0, S_0x55f319218bc0;
 .timescale -9 -12;
    .port_info 0 /INPUT 1 "clk";
    .port_info 1 /INPUT 1 "rst_n";
    .port_info 2 /INPUT 1 "valid_in";
    .port_info 3 /INPUT 16 "x_in";
    .port_info 4 /INPUT 16 "y_in";
    .port_info 5 /INPUT 16 "z_in";
    .port_info 6 /OUTPUT 1 "valid_out";
    .port_info 7 /OUTPUT 16 "x_out";
    .port_info 8 /OUTPUT 16 "y_out";
    .port_info 9 /OUTPUT 16 "z_out";
P_0x55f3191901a0 .param/l "ATAN_VAL" 0 11 8, +C4<0000011101101011>;
P_0x55f3191901e0 .param/l "DATA_WIDTH" 0 11 6, +C4<00000000000000000000000000010000>;
P_0x55f319190220 .param/l "STAGE_IDX" 0 11 7, +C4<00000000000000000000000000000001>;
v0x55f31919bea0_0 .net "clk", 0 0, v0x55f3192d6c70_0;  alias, 1 drivers
v0x55f31919bf60_0 .net "rst_n", 0 0, v0x55f3192d73f0_0;  alias, 1 drivers
v0x55f31919fda0_0 .net "valid_in", 0 0, v0x55f3192528f0_0;  alias, 1 drivers
v0x55f31919fe40_0 .var "valid_out", 0 0;
v0x55f3191a3ca0_0 .net/s "x_in", 15 0, v0x55f31916caa0_0;  alias, 1 drivers
v0x55f3191a5070_0 .var/s "x_next", 15 0;
v0x55f3191a5110_0 .var/s "x_out", 15 0;
v0x55f3191a4c10_0 .var/s "x_shift", 15 0;
v0x55f3191a4cd0_0 .net/s "y_in", 15 0, v0x55f31917c6a0_0;  alias, 1 drivers
v0x55f3191a7550_0 .var/s "y_next", 15 0;
v0x55f3191a7610_0 .var/s "y_out", 15 0;
v0x55f3191b2e60_0 .var/s "y_shift", 15 0;
v0x55f3191b3400_0 .net/s "z_in", 15 0, v0x55f31918c2a0_0;  alias, 1 drivers
v0x55f3191b34c0_0 .var/s "z_next", 15 0;
v0x55f3191b7030_0 .var/s "z_out", 15 0;
E_0x55f3191e1360 .event anyedge, v0x55f31916caa0_0, v0x55f31917c6a0_0, v0x55f31918c2a0_0;
S_0x55f31923ca70 .scope generate, "gen_cordic_stages[2]" "gen_cordic_stages[2]" 10 26, 10 26 0, S_0x55f319224ab0;
 .timescale -9 -12;
P_0x55f31917c780 .param/l "i" 1 10 26, +C4<010>;
S_0x55f31926e420 .scope module, "u_stage" "cordic_stage" 10 31, 11 4 0, S_0x55f31923ca70;
 .timescale -9 -12;
    .port_info 0 /INPUT 1 "clk";
    .port_info 1 /INPUT 1 "rst_n";
    .port_info 2 /INPUT 1 "valid_in";
    .port_info 3 /INPUT 16 "x_in";
    .port_info 4 /INPUT 16 "y_in";
    .port_info 5 /INPUT 16 "z_in";
    .port_info 6 /OUTPUT 1 "valid_out";
    .port_info 7 /OUTPUT 16 "x_out";
    .port_info 8 /OUTPUT 16 "y_out";
    .port_info 9 /OUTPUT 16 "z_out";
P_0x55f3191baf30 .param/l "ATAN_VAL" 0 11 8, +C4<0000001111101011>;
P_0x55f3191baf70 .param/l "DATA_WIDTH" 0 11 6, +C4<00000000000000000000000000010000>;
P_0x55f3191bafb0 .param/l "STAGE_IDX" 0 11 7, +C4<00000000000000000000000000000010>;
v0x55f3191c6c30_0 .net "clk", 0 0, v0x55f3192d6c70_0;  alias, 1 drivers
v0x55f3191c6cf0_0 .net "rst_n", 0 0, v0x55f3192d73f0_0;  alias, 1 drivers
v0x55f3191cab30_0 .net "valid_in", 0 0, v0x55f31919fe40_0;  alias, 1 drivers
v0x55f3191cabd0_0 .var "valid_out", 0 0;
v0x55f3191cea30_0 .net/s "x_in", 15 0, v0x55f3191a5110_0;  alias, 1 drivers
v0x55f3191d2930_0 .var/s "x_next", 15 0;
v0x55f3191d29d0_0 .var/s "x_out", 15 0;
v0x55f3191d6830_0 .var/s "x_shift", 15 0;
v0x55f3191da730_0 .net/s "y_in", 15 0, v0x55f3191a7610_0;  alias, 1 drivers
v0x55f3191da7f0_0 .var/s "y_next", 15 0;
v0x55f3191de630_0 .var/s "y_out", 15 0;
v0x55f3191de6f0_0 .var/s "y_shift", 15 0;
v0x55f3191e2530_0 .net/s "z_in", 15 0, v0x55f3191b7030_0;  alias, 1 drivers
v0x55f3191e25f0_0 .var/s "z_next", 15 0;
v0x55f3191e6430_0 .var/s "z_out", 15 0;
E_0x55f3191902c0 .event anyedge, v0x55f3191a5110_0, v0x55f3191a7610_0, v0x55f3191b7030_0;
S_0x55f31915acc0 .scope generate, "gen_cordic_stages[3]" "gen_cordic_stages[3]" 10 26, 10 26 0, S_0x55f319224ab0;
 .timescale -9 -12;
P_0x55f3191e6530 .param/l "i" 1 10 26, +C4<011>;
S_0x55f31915b410 .scope module, "u_stage" "cordic_stage" 10 31, 11 4 0, S_0x55f31915acc0;
 .timescale -9 -12;
    .port_info 0 /INPUT 1 "clk";
    .port_info 1 /INPUT 1 "rst_n";
    .port_info 2 /INPUT 1 "valid_in";
    .port_info 3 /INPUT 16 "x_in";
    .port_info 4 /INPUT 16 "y_in";
    .port_info 5 /INPUT 16 "z_in";
    .port_info 6 /OUTPUT 1 "valid_out";
    .port_info 7 /OUTPUT 16 "x_out";
    .port_info 8 /OUTPUT 16 "y_out";
    .port_info 9 /OUTPUT 16 "z_out";
P_0x55f3191ea3c0 .param/l "ATAN_VAL" 0 11 8, +C4<0000000111111101>;
P_0x55f3191ea400 .param/l "DATA_WIDTH" 0 11 6, +C4<00000000000000000000000000010000>;
P_0x55f3191ea440 .param/l "STAGE_IDX" 0 11 7, +C4<00000000000000000000000000000011>;
v0x55f3191ee2f0_0 .net "clk", 0 0, v0x55f3192d6c70_0;  alias, 1 drivers
v0x55f3191f1b40_0 .net "rst_n", 0 0, v0x55f3192d73f0_0;  alias, 1 drivers
v0x55f3191fd3f0_0 .net "valid_in", 0 0, v0x55f3191cabd0_0;  alias, 1 drivers
v0x55f3191fd990_0 .var "valid_out", 0 0;
v0x55f3191fda30_0 .net/s "x_in", 15 0, v0x55f3191d29d0_0;  alias, 1 drivers
v0x55f3192015c0_0 .var/s "x_next", 15 0;
v0x55f319201660_0 .var/s "x_out", 15 0;
v0x55f3192054c0_0 .var/s "x_shift", 15 0;
v0x55f3192093c0_0 .net/s "y_in", 15 0, v0x55f3191de630_0;  alias, 1 drivers
v0x55f31920d2c0_0 .var/s "y_next", 15 0;
v0x55f31920d380_0 .var/s "y_out", 15 0;
v0x55f3192111c0_0 .var/s "y_shift", 15 0;
v0x55f3192150c0_0 .net/s "z_in", 15 0, v0x55f3191e6430_0;  alias, 1 drivers
v0x55f319218fc0_0 .var/s "z_next", 15 0;
v0x55f319219080_0 .var/s "z_out", 15 0;
E_0x55f3191ef710 .event anyedge, v0x55f3191d29d0_0, v0x55f3191de630_0, v0x55f3191e6430_0;
S_0x55f31915bb60 .scope generate, "gen_cordic_stages[4]" "gen_cordic_stages[4]" 10 26, 10 26 0, S_0x55f319224ab0;
 .timescale -9 -12;
P_0x55f31921cf10 .param/l "i" 1 10 26, +C4<0100>;
S_0x55f3191a5500 .scope module, "u_stage" "cordic_stage" 10 31, 11 4 0, S_0x55f31915bb60;
 .timescale -9 -12;
    .port_info 0 /INPUT 1 "clk";
    .port_info 1 /INPUT 1 "rst_n";
    .port_info 2 /INPUT 1 "valid_in";
    .port_info 3 /INPUT 16 "x_in";
    .port_info 4 /INPUT 16 "y_in";
    .port_info 5 /INPUT 16 "z_in";
    .port_info 6 /OUTPUT 1 "valid_out";
    .port_info 7 /OUTPUT 16 "x_out";
    .port_info 8 /OUTPUT 16 "y_out";
    .port_info 9 /OUTPUT 16 "z_out";
P_0x55f319220dc0 .param/l "ATAN_VAL" 0 11 8, +C4<0000000100000000>;
P_0x55f319220e00 .param/l "DATA_WIDTH" 0 11 6, +C4<00000000000000000000000000010000>;
P_0x55f319220e40 .param/l "STAGE_IDX" 0 11 7, +C4<00000000000000000000000000000100>;
v0x55f31922cae0_0 .net "clk", 0 0, v0x55f3192d6c70_0;  alias, 1 drivers
v0x55f3192309c0_0 .net "rst_n", 0 0, v0x55f3192d73f0_0;  alias, 1 drivers
v0x55f319230a80_0 .net "valid_in", 0 0, v0x55f3191fd990_0;  alias, 1 drivers
v0x55f3192348c0_0 .var "valid_out", 0 0;
v0x55f319234960_0 .net/s "x_in", 15 0, v0x55f319201660_0;  alias, 1 drivers
v0x55f319238810_0 .var/s "x_next", 15 0;
v0x55f319239b90_0 .var/s "x_out", 15 0;
v0x55f319239c30_0 .var/s "x_shift", 15 0;
v0x55f319239730_0 .net/s "y_in", 15 0, v0x55f31920d380_0;  alias, 1 drivers
v0x55f31923c3b0_0 .var/s "y_next", 15 0;
v0x55f31923c470_0 .var/s "y_out", 15 0;
v0x55f319125f50_0 .var/s "y_shift", 15 0;
v0x55f319129e50_0 .net/s "z_in", 15 0, v0x55f319219080_0;  alias, 1 drivers
v0x55f31912dd50_0 .var/s "z_next", 15 0;
v0x55f31912de10_0 .var/s "z_out", 15 0;
E_0x55f319224dd0 .event anyedge, v0x55f319201660_0, v0x55f31920d380_0, v0x55f319219080_0;
S_0x55f3191a5c50 .scope generate, "gen_cordic_stages[5]" "gen_cordic_stages[5]" 10 26, 10 26 0, S_0x55f319224ab0;
 .timescale -9 -12;
P_0x55f319131cd0 .param/l "i" 1 10 26, +C4<0101>;
S_0x55f3191a63a0 .scope module, "u_stage" "cordic_stage" 10 31, 11 4 0, S_0x55f3191a5c50;
 .timescale -9 -12;
    .port_info 0 /INPUT 1 "clk";
    .port_info 1 /INPUT 1 "rst_n";
    .port_info 2 /INPUT 1 "valid_in";
    .port_info 3 /INPUT 16 "x_in";
    .port_info 4 /INPUT 16 "y_in";
    .port_info 5 /INPUT 16 "z_in";
    .port_info 6 /OUTPUT 1 "valid_out";
    .port_info 7 /OUTPUT 16 "x_out";
    .port_info 8 /OUTPUT 16 "y_out";
    .port_info 9 /OUTPUT 16 "z_out";
P_0x55f319135b50 .param/l "ATAN_VAL" 0 11 8, +C4<0000000010000000>;
P_0x55f319135b90 .param/l "DATA_WIDTH" 0 11 6, +C4<00000000000000000000000000010000>;
P_0x55f319135bd0 .param/l "STAGE_IDX" 0 11 7, +C4<00000000000000000000000000000101>;
v0x55f3191416c0_0 .net "clk", 0 0, v0x55f3192d6c70_0;  alias, 1 drivers
v0x55f319145560_0 .net "rst_n", 0 0, v0x55f3192d73f0_0;  alias, 1 drivers
v0x55f319145620_0 .net "valid_in", 0 0, v0x55f3192348c0_0;  alias, 1 drivers
v0x55f319149460_0 .var "valid_out", 0 0;
v0x55f319149500_0 .net/s "x_in", 15 0, v0x55f319239b90_0;  alias, 1 drivers
v0x55f31914d3b0_0 .var/s "x_next", 15 0;
v0x55f319151260_0 .var/s "x_out", 15 0;
v0x55f319151320_0 .var/s "x_shift", 15 0;
v0x55f319155160_0 .net/s "y_in", 15 0, v0x55f31923c470_0;  alias, 1 drivers
v0x55f319159060_0 .var/s "y_next", 15 0;
v0x55f319158d20_0 .var/s "y_out", 15 0;
v0x55f319159920_0 .var/s "y_shift", 15 0;
v0x55f31915c300_0 .net/s "z_in", 15 0, v0x55f31912de10_0;  alias, 1 drivers
v0x55f31915c3c0_0 .var/s "z_next", 15 0;
v0x55f31915c6b0_0 .var/s "z_out", 15 0;
E_0x55f319141660 .event anyedge, v0x55f319239b90_0, v0x55f31923c470_0, v0x55f31912de10_0;
S_0x55f3191efa90 .scope generate, "gen_cordic_stages[6]" "gen_cordic_stages[6]" 10 26, 10 26 0, S_0x55f319224ab0;
 .timescale -9 -12;
P_0x55f319158e00 .param/l "i" 1 10 26, +C4<0110>;
S_0x55f3191f01e0 .scope module, "u_stage" "cordic_stage" 10 31, 11 4 0, S_0x55f3191efa90;
 .timescale -9 -12;
    .port_info 0 /INPUT 1 "clk";
    .port_info 1 /INPUT 1 "rst_n";
    .port_info 2 /INPUT 1 "valid_in";
    .port_info 3 /INPUT 16 "x_in";
    .port_info 4 /INPUT 16 "y_in";
    .port_info 5 /INPUT 16 "z_in";
    .port_info 6 /OUTPUT 1 "valid_out";
    .port_info 7 /OUTPUT 16 "x_out";
    .port_info 8 /OUTPUT 16 "y_out";
    .port_info 9 /OUTPUT 16 "z_out";
P_0x55f31915c990 .param/l "ATAN_VAL" 0 11 8, +C4<0000000001000000>;
P_0x55f31915c9d0 .param/l "DATA_WIDTH" 0 11 6, +C4<00000000000000000000000000010000>;
P_0x55f31915ca10 .param/l "STAGE_IDX" 0 11 7, +C4<00000000000000000000000000000110>;
v0x55f319174690_0 .net "clk", 0 0, v0x55f3192d6c70_0;  alias, 1 drivers
v0x55f319174750_0 .net "rst_n", 0 0, v0x55f3192d73f0_0;  alias, 1 drivers
v0x55f319178590_0 .net "valid_in", 0 0, v0x55f319149460_0;  alias, 1 drivers
v0x55f31917c490_0 .var "valid_out", 0 0;
v0x55f31917c530_0 .net/s "x_in", 15 0, v0x55f319151260_0;  alias, 1 drivers
v0x55f319180390_0 .var/s "x_next", 15 0;
v0x55f319180430_0 .var/s "x_out", 15 0;
v0x55f319184290_0 .var/s "x_shift", 15 0;
v0x55f319187fa0_0 .net/s "y_in", 15 0, v0x55f319158d20_0;  alias, 1 drivers
v0x55f319188060_0 .var/s "y_next", 15 0;
v0x55f31918bea0_0 .var/s "y_out", 15 0;
v0x55f31918fda0_0 .var/s "y_shift", 15 0;
v0x55f319193ca0_0 .net/s "z_in", 15 0, v0x55f31915c6b0_0;  alias, 1 drivers
v0x55f319193d60_0 .var/s "z_next", 15 0;
v0x55f319197ba0_0 .var/s "z_out", 15 0;
E_0x55f319159a50 .event anyedge, v0x55f319151260_0, v0x55f319158d20_0, v0x55f31915c6b0_0;
S_0x55f3191f0930 .scope generate, "gen_cordic_stages[7]" "gen_cordic_stages[7]" 10 26, 10 26 0, S_0x55f319224ab0;
 .timescale -9 -12;
P_0x55f31919baa0 .param/l "i" 1 10 26, +C4<0111>;
S_0x55f31923a020 .scope module, "u_stage" "cordic_stage" 10 31, 11 4 0, S_0x55f3191f0930;
 .timescale -9 -12;
    .port_info 0 /INPUT 1 "clk";
    .port_info 1 /INPUT 1 "rst_n";
    .port_info 2 /INPUT 1 "valid_in";
    .port_info 3 /INPUT 16 "x_in";
    .port_info 4 /INPUT 16 "y_in";
    .port_info 5 /INPUT 16 "z_in";
    .port_info 6 /OUTPUT 1 "valid_out";
    .port_info 7 /OUTPUT 16 "x_out";
    .port_info 8 /OUTPUT 16 "y_out";
    .port_info 9 /OUTPUT 16 "z_out";
P_0x55f31919f9a0 .param/l "ATAN_VAL" 0 11 8, +C4<0000000000100000>;
P_0x55f31919f9e0 .param/l "DATA_WIDTH" 0 11 6, +C4<00000000000000000000000000010000>;
P_0x55f31919fa20 .param/l "STAGE_IDX" 0 11 7, +C4<00000000000000000000000000000111>;
v0x55f3191a4160_0 .net "clk", 0 0, v0x55f3192d6c70_0;  alias, 1 drivers
v0x55f3191a4220_0 .net "rst_n", 0 0, v0x55f3192d73f0_0;  alias, 1 drivers
v0x55f3191a6b10_0 .net "valid_in", 0 0, v0x55f31917c490_0;  alias, 1 drivers
v0x55f3191a6e30_0 .var "valid_out", 0 0;
v0x55f3191a6ed0_0 .net/s "x_in", 15 0, v0x55f319180430_0;  alias, 1 drivers
v0x55f3191a7110_0 .var/s "x_next", 15 0;
v0x55f3191a71b0_0 .var/s "x_out", 15 0;
v0x55f3191b6e20_0 .var/s "x_shift", 15 0;
v0x55f3191bad20_0 .net/s "y_in", 15 0, v0x55f31918bea0_0;  alias, 1 drivers
v0x55f3191bade0_0 .var/s "y_next", 15 0;
v0x55f3191bec20_0 .var/s "y_out", 15 0;
v0x55f3191c2b20_0 .var/s "y_shift", 15 0;
v0x55f3191c6a20_0 .net/s "z_in", 15 0, v0x55f319197ba0_0;  alias, 1 drivers
v0x55f3191ca920_0 .var/s "z_next", 15 0;
v0x55f3191ca9e0_0 .var/s "z_out", 15 0;
E_0x55f3191a3920 .event anyedge, v0x55f319180430_0, v0x55f31918bea0_0, v0x55f319197ba0_0;
S_0x55f31923a770 .scope generate, "gen_cordic_stages[8]" "gen_cordic_stages[8]" 10 26, 10 26 0, S_0x55f319224ab0;
 .timescale -9 -12;
P_0x55f31921cec0 .param/l "i" 1 10 26, +C4<01000>;
S_0x55f31923aec0 .scope module, "u_stage" "cordic_stage" 10 31, 11 4 0, S_0x55f31923a770;
 .timescale -9 -12;
    .port_info 0 /INPUT 1 "clk";
    .port_info 1 /INPUT 1 "rst_n";
    .port_info 2 /INPUT 1 "valid_in";
    .port_info 3 /INPUT 16 "x_in";
    .port_info 4 /INPUT 16 "y_in";
    .port_info 5 /INPUT 16 "z_in";
    .port_info 6 /OUTPUT 1 "valid_out";
    .port_info 7 /OUTPUT 16 "x_out";
    .port_info 8 /OUTPUT 16 "y_out";
    .port_info 9 /OUTPUT 16 "z_out";
P_0x55f3191d2530 .param/l "ATAN_VAL" 0 11 8, +C4<0000000000010000>;
P_0x55f3191d2570 .param/l "DATA_WIDTH" 0 11 6, +C4<00000000000000000000000000010000>;
P_0x55f3191d25b0 .param/l "STAGE_IDX" 0 11 7, +C4<00000000000000000000000000001000>;
v0x55f3191de230_0 .net "clk", 0 0, v0x55f3192d6c70_0;  alias, 1 drivers
v0x55f3191de2f0_0 .net "rst_n", 0 0, v0x55f3192d73f0_0;  alias, 1 drivers
v0x55f3191e2130_0 .net "valid_in", 0 0, v0x55f3191a6e30_0;  alias, 1 drivers
v0x55f3191e6030_0 .var "valid_out", 0 0;
v0x55f3191e60d0_0 .net/s "x_in", 15 0, v0x55f3191a71b0_0;  alias, 1 drivers
v0x55f3191e9f30_0 .var/s "x_next", 15 0;
v0x55f3191e9fd0_0 .var/s "x_out", 15 0;
v0x55f3191ede30_0 .var/s "x_shift", 15 0;
v0x55f3191edaf0_0 .net/s "y_in", 15 0, v0x55f3191bec20_0;  alias, 1 drivers
v0x55f3191edbb0_0 .var/s "y_next", 15 0;
v0x55f3191ee6f0_0 .var/s "y_out", 15 0;
v0x55f3191f10a0_0 .var/s "y_shift", 15 0;
v0x55f3191f13c0_0 .net/s "z_in", 15 0, v0x55f3191ca9e0_0;  alias, 1 drivers
v0x55f3191f16a0_0 .var/s "z_next", 15 0;
v0x55f3192013b0_0 .var/s "z_out", 15 0;
E_0x55f3191c2c20 .event anyedge, v0x55f3191a71b0_0, v0x55f3191bec20_0, v0x55f3191ca9e0_0;
S_0x55f31926bc60 .scope generate, "gen_cordic_stages[9]" "gen_cordic_stages[9]" 10 26, 10 26 0, S_0x55f319224ab0;
 .timescale -9 -12;
P_0x55f3191ee7d0 .param/l "i" 1 10 26, +C4<01001>;
S_0x55f31926adf0 .scope module, "u_stage" "cordic_stage" 10 31, 11 4 0, S_0x55f31926bc60;
 .timescale -9 -12;
    .port_info 0 /INPUT 1 "clk";
    .port_info 1 /INPUT 1 "rst_n";
    .port_info 2 /INPUT 1 "valid_in";
    .port_info 3 /INPUT 16 "x_in";
    .port_info 4 /INPUT 16 "y_in";
    .port_info 5 /INPUT 16 "z_in";
    .port_info 6 /OUTPUT 1 "valid_out";
    .port_info 7 /OUTPUT 16 "x_out";
    .port_info 8 /OUTPUT 16 "y_out";
    .port_info 9 /OUTPUT 16 "z_out";
P_0x55f3192052b0 .param/l "ATAN_VAL" 0 11 8, +C4<0000000000001000>;
P_0x55f3192052f0 .param/l "DATA_WIDTH" 0 11 6, +C4<00000000000000000000000000010000>;
P_0x55f319205330 .param/l "STAGE_IDX" 0 11 7, +C4<00000000000000000000000000001001>;
v0x55f319209220_0 .net "clk", 0 0, v0x55f3192d6c70_0;  alias, 1 drivers
v0x55f319210fb0_0 .net "rst_n", 0 0, v0x55f3192d73f0_0;  alias, 1 drivers
v0x55f319211070_0 .net "valid_in", 0 0, v0x55f3191e6030_0;  alias, 1 drivers
v0x55f319214ee0_0 .var "valid_out", 0 0;
v0x55f319214f80_0 .net/s "x_in", 15 0, v0x55f3191e9fd0_0;  alias, 1 drivers
v0x55f319218e30_0 .var/s "x_next", 15 0;
v0x55f31921cac0_0 .var/s "x_out", 15 0;
v0x55f3192209c0_0 .var/s "x_shift", 15 0;
v0x55f3192248c0_0 .net/s "y_in", 15 0, v0x55f3191ee6f0_0;  alias, 1 drivers
v0x55f319224980_0 .var/s "y_next", 15 0;
v0x55f3192287c0_0 .var/s "y_out", 15 0;
v0x55f31922c6c0_0 .var/s "y_shift", 15 0;
v0x55f3192305c0_0 .net/s "z_in", 15 0, v0x55f3192013b0_0;  alias, 1 drivers
v0x55f3192344c0_0 .var/s "z_next", 15 0;
v0x55f319234580_0 .var/s "z_out", 15 0;
E_0x55f3191f11d0 .event anyedge, v0x55f3191e9fd0_0, v0x55f3191ee6f0_0, v0x55f3192013b0_0;
S_0x55f318f88c60 .scope generate, "gen_cordic_stages[10]" "gen_cordic_stages[10]" 10 26, 10 26 0, S_0x55f319224ab0;
 .timescale -9 -12;
P_0x55f318f88e10 .param/l "i" 1 10 26, +C4<01010>;
S_0x55f318f88ef0 .scope module, "u_stage" "cordic_stage" 10 31, 11 4 0, S_0x55f318f88c60;
 .timescale -9 -12;
    .port_info 0 /INPUT 1 "clk";
    .port_info 1 /INPUT 1 "rst_n";
    .port_info 2 /INPUT 1 "valid_in";
    .port_info 3 /INPUT 16 "x_in";
    .port_info 4 /INPUT 16 "y_in";
    .port_info 5 /INPUT 16 "z_in";
    .port_info 6 /OUTPUT 1 "valid_out";
    .port_info 7 /OUTPUT 16 "x_out";
    .port_info 8 /OUTPUT 16 "y_out";
    .port_info 9 /OUTPUT 16 "z_out";
P_0x55f3192383c0 .param/l "ATAN_VAL" 0 11 8, +C4<0000000000000100>;
P_0x55f319238400 .param/l "DATA_WIDTH" 0 11 6, +C4<00000000000000000000000000010000>;
P_0x55f319238440 .param/l "STAGE_IDX" 0 11 7, +C4<00000000000000000000000000001010>;
v0x55f3192380f0_0 .net "clk", 0 0, v0x55f3192d6c70_0;  alias, 1 drivers
v0x55f31923b630_0 .net "rst_n", 0 0, v0x55f3192d73f0_0;  alias, 1 drivers
v0x55f31923b6f0_0 .net "valid_in", 0 0, v0x55f319214ee0_0;  alias, 1 drivers
v0x55f31923b980_0 .var "valid_out", 0 0;
v0x55f31923ba20_0 .net/s "x_in", 15 0, v0x55f31921cac0_0;  alias, 1 drivers
v0x55f31923bcb0_0 .var/s "x_next", 15 0;
v0x55f318f91740_0 .var/s "x_out", 15 0;
v0x55f318f91820_0 .var/s "x_shift", 15 0;
v0x55f318f91900_0 .net/s "y_in", 15 0, v0x55f3192287c0_0;  alias, 1 drivers
v0x55f318f919f0_0 .var/s "y_next", 15 0;
v0x55f318f91ab0_0 .var/s "y_out", 15 0;
v0x55f318fafcb0_0 .var/s "y_shift", 15 0;
v0x55f318fafd90_0 .net/s "z_in", 15 0, v0x55f319234580_0;  alias, 1 drivers
v0x55f318fafe80_0 .var/s "z_next", 15 0;
v0x55f318faff40_0 .var/s "z_out", 15 0;
E_0x55f3192092e0 .event anyedge, v0x55f31921cac0_0, v0x55f3192287c0_0, v0x55f319234580_0;
S_0x55f318fb8bd0 .scope generate, "gen_cordic_stages[11]" "gen_cordic_stages[11]" 10 26, 10 26 0, S_0x55f319224ab0;
 .timescale -9 -12;
P_0x55f318fb8d80 .param/l "i" 1 10 26, +C4<01011>;
S_0x55f318fb8e60 .scope module, "u_stage" "cordic_stage" 10 31, 11 4 0, S_0x55f318fb8bd0;
 .timescale -9 -12;
    .port_info 0 /INPUT 1 "clk";
    .port_info 1 /INPUT 1 "rst_n";
    .port_info 2 /INPUT 1 "valid_in";
    .port_info 3 /INPUT 16 "x_in";
    .port_info 4 /INPUT 16 "y_in";
    .port_info 5 /INPUT 16 "z_in";
    .port_info 6 /OUTPUT 1 "valid_out";
    .port_info 7 /OUTPUT 16 "x_out";
    .port_info 8 /OUTPUT 16 "y_out";
    .port_info 9 /OUTPUT 16 "z_out";
P_0x55f318fb3570 .param/l "ATAN_VAL" 0 11 8, +C4<0000000000000010>;
P_0x55f318fb35b0 .param/l "DATA_WIDTH" 0 11 6, +C4<00000000000000000000000000010000>;
P_0x55f318fb35f0 .param/l "STAGE_IDX" 0 11 7, +C4<00000000000000000000000000001011>;
v0x55f318fa91d0_0 .net "clk", 0 0, v0x55f3192d6c70_0;  alias, 1 drivers
v0x55f318fa9290_0 .net "rst_n", 0 0, v0x55f3192d73f0_0;  alias, 1 drivers
v0x55f318fa9350_0 .net "valid_in", 0 0, v0x55f31923b980_0;  alias, 1 drivers
v0x55f318fa9450_0 .var "valid_out", 0 0;
v0x55f318fa94f0_0 .net/s "x_in", 15 0, v0x55f318f91740_0;  alias, 1 drivers
v0x55f318fa95e0_0 .var/s "x_next", 15 0;
v0x55f318fe9490_0 .var/s "x_out", 15 0;
v0x55f318fe9550_0 .var/s "x_shift", 15 0;
v0x55f318fe9630_0 .net/s "y_in", 15 0, v0x55f318f91ab0_0;  alias, 1 drivers
v0x55f318fe9720_0 .var/s "y_next", 15 0;
v0x55f318fe97e0_0 .var/s "y_out", 15 0;
v0x55f318fe98c0_0 .var/s "y_shift", 15 0;
v0x55f319007340_0 .net/s "z_in", 15 0, v0x55f318faff40_0;  alias, 1 drivers
v0x55f319007410_0 .var/s "z_next", 15 0;
v0x55f3190074d0_0 .var/s "z_out", 15 0;
E_0x55f3192381b0 .event anyedge, v0x55f318f91740_0, v0x55f318f91ab0_0, v0x55f318faff40_0;
S_0x55f318f98860 .scope generate, "gen_cordic_stages[12]" "gen_cordic_stages[12]" 10 26, 10 26 0, S_0x55f319224ab0;
 .timescale -9 -12;
P_0x55f318f98a10 .param/l "i" 1 10 26, +C4<01100>;
S_0x55f318f98af0 .scope module, "u_stage" "cordic_stage" 10 31, 11 4 0, S_0x55f318f98860;
 .timescale -9 -12;
    .port_info 0 /INPUT 1 "clk";
    .port_info 1 /INPUT 1 "rst_n";
    .port_info 2 /INPUT 1 "valid_in";
    .port_info 3 /INPUT 16 "x_in";
    .port_info 4 /INPUT 16 "y_in";
    .port_info 5 /INPUT 16 "z_in";
    .port_info 6 /OUTPUT 1 "valid_out";
    .port_info 7 /OUTPUT 16 "x_out";
    .port_info 8 /OUTPUT 16 "y_out";
    .port_info 9 /OUTPUT 16 "z_out";
P_0x55f3192876c0 .param/l "ATAN_VAL" 0 11 8, +C4<0000000000000001>;
P_0x55f319287700 .param/l "DATA_WIDTH" 0 11 6, +C4<00000000000000000000000000010000>;
P_0x55f319287740 .param/l "STAGE_IDX" 0 11 7, +C4<00000000000000000000000000001100>;
v0x55f319287960_0 .net "clk", 0 0, v0x55f3192d6c70_0;  alias, 1 drivers
v0x55f319287a20_0 .net "rst_n", 0 0, v0x55f3192d73f0_0;  alias, 1 drivers
v0x55f319287ae0_0 .net "valid_in", 0 0, v0x55f318fa9450_0;  alias, 1 drivers
v0x55f319287be0_0 .var "valid_out", 0 0;
v0x55f319287c80_0 .net/s "x_in", 15 0, v0x55f318fe9490_0;  alias, 1 drivers
v0x55f319287d70_0 .var/s "x_next", 15 0;
v0x55f319287e10_0 .var/s "x_out", 15 0;
v0x55f319287ef0_0 .var/s "x_shift", 15 0;
v0x55f319287fd0_0 .net/s "y_in", 15 0, v0x55f318fe97e0_0;  alias, 1 drivers
v0x55f3192880c0_0 .var/s "y_next", 15 0;
v0x55f319288180_0 .var/s "y_out", 15 0;
v0x55f319288260_0 .var/s "y_shift", 15 0;
v0x55f319288340_0 .net/s "z_in", 15 0, v0x55f3190074d0_0;  alias, 1 drivers
v0x55f319288430_0 .var/s "z_next", 15 0;
v0x55f3192884f0_0 .var/s "z_out", 15 0;
E_0x55f3192878e0 .event anyedge, v0x55f318fe9490_0, v0x55f318fe97e0_0, v0x55f3190074d0_0;
S_0x55f319288770 .scope generate, "gen_cordic_stages[13]" "gen_cordic_stages[13]" 10 26, 10 26 0, S_0x55f319224ab0;
 .timescale -9 -12;
P_0x55f319288920 .param/l "i" 1 10 26, +C4<01101>;
S_0x55f319288a00 .scope module, "u_stage" "cordic_stage" 10 31, 11 4 0, S_0x55f319288770;
 .timescale -9 -12;
    .port_info 0 /INPUT 1 "clk";
    .port_info 1 /INPUT 1 "rst_n";
    .port_info 2 /INPUT 1 "valid_in";
    .port_info 3 /INPUT 16 "x_in";
    .port_info 4 /INPUT 16 "y_in";
    .port_info 5 /INPUT 16 "z_in";
    .port_info 6 /OUTPUT 1 "valid_out";
    .port_info 7 /OUTPUT 16 "x_out";
    .port_info 8 /OUTPUT 16 "y_out";
    .port_info 9 /OUTPUT 16 "z_out";
P_0x55f319288be0 .param/l "ATAN_VAL" 0 11 8, +C4<0000000000000001>;
P_0x55f319288c20 .param/l "DATA_WIDTH" 0 11 6, +C4<00000000000000000000000000010000>;
P_0x55f319288c60 .param/l "STAGE_IDX" 0 11 7, +C4<00000000000000000000000000001101>;
v0x55f319289080_0 .net "clk", 0 0, v0x55f3192d6c70_0;  alias, 1 drivers
v0x55f319289140_0 .net "rst_n", 0 0, v0x55f3192d73f0_0;  alias, 1 drivers
v0x55f319289200_0 .net "valid_in", 0 0, v0x55f319287be0_0;  alias, 1 drivers
v0x55f319289300_0 .var "valid_out", 0 0;
v0x55f3192893a0_0 .net/s "x_in", 15 0, v0x55f319287e10_0;  alias, 1 drivers
v0x55f319289490_0 .var/s "x_next", 15 0;
v0x55f319289530_0 .var/s "x_out", 15 0;
v0x55f319289610_0 .var/s "x_shift", 15 0;
v0x55f3192896f0_0 .net/s "y_in", 15 0, v0x55f319288180_0;  alias, 1 drivers
v0x55f3192897e0_0 .var/s "y_next", 15 0;
v0x55f3192898a0_0 .var/s "y_out", 15 0;
v0x55f319289980_0 .var/s "y_shift", 15 0;
v0x55f319289a60_0 .net/s "z_in", 15 0, v0x55f3192884f0_0;  alias, 1 drivers
v0x55f319289b50_0 .var/s "z_next", 15 0;
v0x55f319289c10_0 .var/s "z_out", 15 0;
E_0x55f319289000 .event anyedge, v0x55f319287e10_0, v0x55f319288180_0, v0x55f3192884f0_0;
S_0x55f319289e90 .scope generate, "gen_cordic_stages[14]" "gen_cordic_stages[14]" 10 26, 10 26 0, S_0x55f319224ab0;
 .timescale -9 -12;
P_0x55f31928a040 .param/l "i" 1 10 26, +C4<01110>;
S_0x55f31928a120 .scope module, "u_stage" "cordic_stage" 10 31, 11 4 0, S_0x55f319289e90;
 .timescale -9 -12;
    .port_info 0 /INPUT 1 "clk";
    .port_info 1 /INPUT 1 "rst_n";
    .port_info 2 /INPUT 1 "valid_in";
    .port_info 3 /INPUT 16 "x_in";
    .port_info 4 /INPUT 16 "y_in";
    .port_info 5 /INPUT 16 "z_in";
    .port_info 6 /OUTPUT 1 "valid_out";
    .port_info 7 /OUTPUT 16 "x_out";
    .port_info 8 /OUTPUT 16 "y_out";
    .port_info 9 /OUTPUT 16 "z_out";
P_0x55f31928a300 .param/l "ATAN_VAL" 0 11 8, +C4<0000000000000000>;
P_0x55f31928a340 .param/l "DATA_WIDTH" 0 11 6, +C4<00000000000000000000000000010000>;
P_0x55f31928a380 .param/l "STAGE_IDX" 0 11 7, +C4<00000000000000000000000000001110>;
v0x55f31928a7a0_0 .net "clk", 0 0, v0x55f3192d6c70_0;  alias, 1 drivers
v0x55f31928a860_0 .net "rst_n", 0 0, v0x55f3192d73f0_0;  alias, 1 drivers
v0x55f31928a920_0 .net "valid_in", 0 0, v0x55f319289300_0;  alias, 1 drivers
v0x55f31928aa20_0 .var "valid_out", 0 0;
v0x55f31928aac0_0 .net/s "x_in", 15 0, v0x55f319289530_0;  alias, 1 drivers
v0x55f31928abb0_0 .var/s "x_next", 15 0;
v0x55f31928ac50_0 .var/s "x_out", 15 0;
v0x55f31928ad30_0 .var/s "x_shift", 15 0;
v0x55f31928ae10_0 .net/s "y_in", 15 0, v0x55f3192898a0_0;  alias, 1 drivers
v0x55f31928af00_0 .var/s "y_next", 15 0;
v0x55f31928afc0_0 .var/s "y_out", 15 0;
v0x55f31928b0a0_0 .var/s "y_shift", 15 0;
v0x55f31928b180_0 .net/s "z_in", 15 0, v0x55f319289c10_0;  alias, 1 drivers
v0x55f31928b270_0 .var/s "z_next", 15 0;
v0x55f31928b330_0 .var/s "z_out", 15 0;
E_0x55f31928a720 .event anyedge, v0x55f319289530_0, v0x55f3192898a0_0, v0x55f319289c10_0;
S_0x55f31928b5b0 .scope generate, "gen_cordic_stages[15]" "gen_cordic_stages[15]" 10 26, 10 26 0, S_0x55f319224ab0;
 .timescale -9 -12;
P_0x55f31928b760 .param/l "i" 1 10 26, +C4<01111>;
S_0x55f31928b840 .scope module, "u_stage" "cordic_stage" 10 31, 11 4 0, S_0x55f31928b5b0;
 .timescale -9 -12;
    .port_info 0 /INPUT 1 "clk";
    .port_info 1 /INPUT 1 "rst_n";
    .port_info 2 /INPUT 1 "valid_in";
    .port_info 3 /INPUT 16 "x_in";
    .port_info 4 /INPUT 16 "y_in";
    .port_info 5 /INPUT 16 "z_in";
    .port_info 6 /OUTPUT 1 "valid_out";
    .port_info 7 /OUTPUT 16 "x_out";
    .port_info 8 /OUTPUT 16 "y_out";
    .port_info 9 /OUTPUT 16 "z_out";
P_0x55f31928ba20 .param/l "ATAN_VAL" 0 11 8, +C4<0000000000000000>;
P_0x55f31928ba60 .param/l "DATA_WIDTH" 0 11 6, +C4<00000000000000000000000000010000>;
P_0x55f31928baa0 .param/l "STAGE_IDX" 0 11 7, +C4<00000000000000000000000000001111>;
v0x55f31928bec0_0 .net "clk", 0 0, v0x55f3192d6c70_0;  alias, 1 drivers
v0x55f31928bf80_0 .net "rst_n", 0 0, v0x55f3192d73f0_0;  alias, 1 drivers
v0x55f31928c040_0 .net "valid_in", 0 0, v0x55f31928aa20_0;  alias, 1 drivers
v0x55f31928c140_0 .var "valid_out", 0 0;
v0x55f31928c1e0_0 .net/s "x_in", 15 0, v0x55f31928ac50_0;  alias, 1 drivers
v0x55f31928c2d0_0 .var/s "x_next", 15 0;
v0x55f31928c370_0 .var/s "x_out", 15 0;
v0x55f31928c450_0 .var/s "x_shift", 15 0;
v0x55f31928c530_0 .net/s "y_in", 15 0, v0x55f31928afc0_0;  alias, 1 drivers
v0x55f31928c620_0 .var/s "y_next", 15 0;
v0x55f31928c6e0_0 .var/s "y_out", 15 0;
v0x55f31928c7c0_0 .var/s "y_shift", 15 0;
v0x55f31928c8a0_0 .net/s "z_in", 15 0, v0x55f31928b330_0;  alias, 1 drivers
v0x55f31928c990_0 .var/s "z_next", 15 0;
v0x55f31928ca50_0 .var/s "z_out", 15 0;
E_0x55f31928be40 .event anyedge, v0x55f31928ac50_0, v0x55f31928afc0_0, v0x55f31928b330_0;
S_0x55f31928f160 .scope module, "siren_s" "siren_scaler" 6 22, 12 4 0, S_0x55f3192346b0;
 .timescale -9 -12;
    .port_info 0 /INPUT 1 "clk";
    .port_info 1 /INPUT 1 "rst_in";
    .port_info 2 /INPUT 1 "valid_in";
    .port_info 3 /INPUT 16 "data_in";
    .port_info 4 /OUTPUT 1 "valid_out";
    .port_info 5 /OUTPUT 16 "data_out";
P_0x55f31928f2f0 .param/l "CONST_2PI" 1 12 14, +C4<00000000000000000110010010001000>;
P_0x55f31928f330 .param/l "CONST_PI" 1 12 13, +C4<00000000000000000011001001000100>;
v0x55f31928f5c0_0 .var/s "centered_angle", 31 0;
v0x55f31928f660_0 .net "clk", 0 0, v0x55f3192d6c70_0;  alias, 1 drivers
v0x55f31928f700_0 .net/s "data_in", 15 0, v0x55f3191dd360_0;  alias, 1 drivers
v0x55f31928f7a0_0 .var/s "data_out", 15 0;
v0x55f31928f890_0 .var/s "ext_data", 31 0;
v0x55f31928f980_0 .var/s "mod_angle", 31 0;
v0x55f31928fa20_0 .net "rst_in", 0 0, v0x55f3192d73f0_0;  alias, 1 drivers
v0x55f31928fac0_0 .var/s "scaled_angle", 31 0;
v0x55f31928fb60_0 .net "valid_in", 0 0, v0x55f3192002f0_0;  alias, 1 drivers
v0x55f31928fc00_0 .var "valid_out", 0 0;
E_0x55f31928f580 .event anyedge, v0x55f3191dd360_0;
S_0x55f319290840 .scope generate, "gen_physical_neurons[2]" "gen_physical_neurons[2]" 5 140, 5 140 0, S_0x55f319155350;
 .timescale -9 -12;
P_0x55f319290a40 .param/l "lane_i" 1 5 140, +C4<010>;
S_0x55f319290b20 .scope module, "sn" "siren_neuron" 5 141, 6 2 0, S_0x55f319290840;
 .timescale -9 -12;
    .port_info 0 /INPUT 1 "clk";
    .port_info 1 /INPUT 1 "rst_in";
    .port_info 2 /INPUT 1 "valid_in";
    .port_info 3 /INPUT 1 "clr_acc";
    .port_info 4 /INPUT 16 "a_in";
    .port_info 5 /INPUT 16 "w_in";
    .port_info 6 /INPUT 16 "bias_in";
    .port_info 7 /OUTPUT 1 "valid_out";
    .port_info 8 /OUTPUT 16 "act_out";
    .port_info 9 /OUTPUT 16 "cos_out";
L_0x7f9672c763c0 .functor BUFT 1, C4<0000000000000000>, C4<0>, C4<0>, C4<0>;
v0x55f3192ae4a0_0 .net/s "a_in", 15 0, L_0x7f9672c763c0;  1 drivers
v0x55f3192ae540_0 .net/s "act_out", 15 0, L_0x55f318fbdf70;  alias, 1 drivers
v0x55f3192cecc0_2 .array/port v0x55f3192cecc0, 2;
v0x55f3192ae630_0 .net/s "bias_in", 15 0, v0x55f3192cecc0_2;  1 drivers
v0x55f3192ae6d0_0 .net "clk", 0 0, v0x55f3192d6c70_0;  alias, 1 drivers
L_0x7f9672c76378 .functor BUFT 1, C4<0>, C4<0>, C4<0>, C4<0>;
v0x55f3192ae770_0 .net "clr_acc", 0 0, L_0x7f9672c76378;  1 drivers
v0x55f3192ae860_0 .net/s "cos_out", 15 0, L_0x55f318fc6c30;  1 drivers
v0x55f3192ae950_0 .net/s "mac_result", 15 0, v0x55f319291320_0;  1 drivers
v0x55f3192aea40_0 .net "rst_in", 0 0, v0x55f3192d73f0_0;  alias, 1 drivers
v0x55f3192aeae0_0 .net/s "scaled_result", 15 0, v0x55f3192ad750_0;  1 drivers
v0x55f3192aec10_0 .net "valid_in", 0 0, v0x55f3192cee70_0;  alias, 1 drivers
v0x55f3192aecb0_0 .net "valid_out", 0 0, L_0x55f318fc6de0;  alias, 1 drivers
L_0x7f9672c76408 .functor BUFT 1, C4<0000000000000000>, C4<0>, C4<0>, C4<0>;
v0x55f3192aed50_0 .net/s "w_in", 15 0, L_0x7f9672c76408;  1 drivers
v0x55f3192aedf0_0 .net "wire_mac", 0 0, v0x55f319291d10_0;  1 drivers
v0x55f3192aeee0_0 .net "wire_scaler", 0 0, v0x55f3192ae3c0_0;  1 drivers
S_0x55f319290e50 .scope module, "mac" "mac_unit" 6 20, 7 4 0, S_0x55f319290b20;
 .timescale -9 -12;
    .port_info 0 /INPUT 1 "clk";
    .port_info 1 /INPUT 1 "rst_in";
    .port_info 2 /INPUT 1 "valid_in";
    .port_info 3 /INPUT 1 "clr_acc";
    .port_info 4 /INPUT 16 "a_in";
    .port_info 5 /INPUT 16 "w_in";
    .port_info 6 /INPUT 16 "bias_in";
    .port_info 7 /OUTPUT 1 "valid_out";
    .port_info 8 /OUTPUT 1 "ovf_flag";
    .port_info 9 /OUTPUT 16 "acc_out";
v0x55f319291220_0 .net/s "a_in", 15 0, L_0x7f9672c763c0;  alias, 1 drivers
v0x55f319291320_0 .var/s "acc_out", 15 0;
v0x55f319291400_0 .net/s "bias_in", 15 0, v0x55f3192cecc0_2;  alias, 1 drivers
v0x55f3192914c0_0 .net "clk", 0 0, v0x55f3192d6c70_0;  alias, 1 drivers
v0x55f319291560_0 .net "clr_acc", 0 0, L_0x7f9672c76378;  alias, 1 drivers
v0x55f319291670_0 .var/s "current_acc", 32 0;
v0x55f319291750_0 .var/s "mult_q", 31 0;
v0x55f319291830_0 .var/s "mult_raw", 31 0;
v0x55f319291910_0 .var "ovf_flag", 0 0;
v0x55f319291a60_0 .net "rst_in", 0 0, v0x55f3192d73f0_0;  alias, 1 drivers
v0x55f319291b00_0 .var/s "sum_stage", 32 0;
v0x55f319291be0_0 .net "valid_in", 0 0, v0x55f3192cee70_0;  alias, 1 drivers
v0x55f319291d10_0 .var "valid_out", 0 0;
v0x55f319291dd0_0 .net/s "w_in", 15 0, L_0x7f9672c76408;  alias, 1 drivers
E_0x55f319192ed0/0 .event anyedge, v0x55f319291220_0, v0x55f319291dd0_0, v0x55f319291560_0, v0x55f319291400_0;
E_0x55f319192ed0/1 .event anyedge, v0x55f319291320_0;
E_0x55f319192ed0 .event/or E_0x55f319192ed0/0, E_0x55f319192ed0/1;
S_0x55f319292050 .scope module, "siren_act" "siren_act_unit" 6 24, 8 3 0, S_0x55f319290b20;
 .timescale -9 -12;
    .port_info 0 /INPUT 1 "clk";
    .port_info 1 /INPUT 1 "rst_in";
    .port_info 2 /INPUT 1 "valid_in";
    .port_info 3 /INPUT 16 "angle_in";
    .port_info 4 /OUTPUT 1 "valid_out";
    .port_info 5 /OUTPUT 16 "sin_out";
    .port_info 6 /OUTPUT 16 "cos_out";
v0x55f3192ac1e0_0 .net/s "angle_in", 15 0, v0x55f3192ad750_0;  alias, 1 drivers
v0x55f3192ac280_0 .net "clk", 0 0, v0x55f3192d6c70_0;  alias, 1 drivers
v0x55f3192ac320_0 .net/s "cos_out", 15 0, L_0x55f318fc6c30;  alias, 1 drivers
v0x55f3192ac3c0_0 .net "folder_valid", 0 0, v0x55f319292f50_0;  1 drivers
v0x55f3192ac4b0_0 .net/s "phase_folded", 15 0, v0x55f319292d10_0;  1 drivers
v0x55f3192ac5f0_0 .net "rst_in", 0 0, v0x55f3192d73f0_0;  alias, 1 drivers
v0x55f3192ac690_0 .net/s "sin_out", 15 0, L_0x55f318fbdf70;  alias, 1 drivers
v0x55f3192ac730_0 .net "valid_in", 0 0, v0x55f3192ae3c0_0;  alias, 1 drivers
v0x55f3192ac7d0_0 .net "valid_out", 0 0, L_0x55f318fc6de0;  alias, 1 drivers
S_0x55f319292330 .scope module, "phase_f" "phase_folder" 8 16, 9 4 0, S_0x55f319292050;
 .timescale -9 -12;
    .port_info 0 /INPUT 1 "clk";
    .port_info 1 /INPUT 1 "rst_in";
    .port_info 2 /INPUT 1 "valid_in";
    .port_info 3 /INPUT 16 "angle_in";
    .port_info 4 /OUTPUT 1 "valid_out_folded";
    .port_info 5 /OUTPUT 16 "phase_out_folded";
P_0x55f3192924c0 .param/l "CONST_2PI" 1 9 13, +C4<00000000000000000110010010001000>;
P_0x55f319292500 .param/l "CONST_HALF_PI" 1 9 15, +C4<00000000000000000001100100100010>;
P_0x55f319292540 .param/l "CONST_PI" 1 9 14, +C4<00000000000000000011001001000100>;
v0x55f3192928a0_0 .var/s "angle_32", 31 0;
v0x55f3192929a0_0 .net/s "angle_in", 15 0, v0x55f3192ad750_0;  alias, 1 drivers
v0x55f319292a80_0 .var/s "centered", 31 0;
v0x55f319292b40_0 .net "clk", 0 0, v0x55f3192d6c70_0;  alias, 1 drivers
v0x55f319292be0_0 .var/s "folded", 31 0;
v0x55f319292d10_0 .var/s "phase_out_folded", 15 0;
v0x55f319292df0_0 .net "rst_in", 0 0, v0x55f3192d73f0_0;  alias, 1 drivers
v0x55f319292e90_0 .net "valid_in", 0 0, v0x55f3192ae3c0_0;  alias, 1 drivers
v0x55f319292f50_0 .var "valid_out_folded", 0 0;
E_0x55f319292820 .event anyedge, v0x55f3192929a0_0, v0x55f3192928a0_0, v0x55f319292a80_0;
S_0x55f319293110 .scope module, "u_cordic" "cordic_wrapper" 8 18, 10 4 0, S_0x55f319292050;
 .timescale -9 -12;
    .port_info 0 /INPUT 1 "clk";
    .port_info 1 /INPUT 1 "rst_in";
    .port_info 2 /INPUT 1 "valid_in";
    .port_info 3 /INPUT 16 "phase_in";
    .port_info 4 /OUTPUT 1 "valid_out";
    .port_info 5 /OUTPUT 16 "sin_out";
    .port_info 6 /OUTPUT 16 "cos_out";
L_0x55f318feea10 .functor BUFZ 16, v0x55f319292d10_0, C4<0000000000000000>, C4<0000000000000000>, C4<0000000000000000>;
L_0x55f318fee8c0 .functor BUFZ 1, v0x55f319292f50_0, C4<0>, C4<0>, C4<0>;
L_0x55f318fc6de0 .functor BUFZ 1, v0x55f3192a98e0_0, C4<0>, C4<0>, C4<0>;
L_0x55f318fc6c30 .functor BUFZ 16, v0x55f3192a9b10_0, C4<0000000000000000>, C4<0000000000000000>, C4<0000000000000000>;
L_0x55f318fbdf70 .functor BUFZ 16, v0x55f3192a9e80_0, C4<0000000000000000>, C4<0000000000000000>, C4<0000000000000000>;
v0x55f3192aa470_0 .net "clk", 0 0, v0x55f3192d6c70_0;  alias, 1 drivers
v0x55f3192aa530_0 .net/s "cos_out", 15 0, L_0x55f318fc6c30;  alias, 1 drivers
v0x55f3192aa610_0 .net/s "phase_in", 15 0, v0x55f319292d10_0;  alias, 1 drivers
v0x55f3192aa710_0 .net "rst_in", 0 0, v0x55f3192d73f0_0;  alias, 1 drivers
v0x55f3192aa7b0_0 .net/s "sin_out", 15 0, L_0x55f318fbdf70;  alias, 1 drivers
v0x55f3192aa870_0 .net "valid_in", 0 0, v0x55f319292f50_0;  alias, 1 drivers
v0x55f3192aa910_0 .net "valid_out", 0 0, L_0x55f318fc6de0;  alias, 1 drivers
v0x55f3192aa9b0 .array "valid_pipe", 16 0;
v0x55f3192aa9b0_0 .net v0x55f3192aa9b0 0, 0 0, L_0x55f318fee8c0; 1 drivers
v0x55f3192aa9b0_1 .net v0x55f3192aa9b0 1, 0 0, v0x55f319293ed0_0; 1 drivers
v0x55f3192aa9b0_2 .net v0x55f3192aa9b0 2, 0 0, v0x55f3192955d0_0; 1 drivers
v0x55f3192aa9b0_3 .net v0x55f3192aa9b0 3, 0 0, v0x55f319296be0_0; 1 drivers
v0x55f3192aa9b0_4 .net v0x55f3192aa9b0 4, 0 0, v0x55f319298300_0; 1 drivers
v0x55f3192aa9b0_5 .net v0x55f3192aa9b0 5, 0 0, v0x55f319299a40_0; 1 drivers
v0x55f3192aa9b0_6 .net v0x55f3192aa9b0 6, 0 0, v0x55f31929b160_0; 1 drivers
v0x55f3192aa9b0_7 .net v0x55f3192aa9b0 7, 0 0, v0x55f31929c880_0; 1 drivers
v0x55f3192aa9b0_8 .net v0x55f3192aa9b0 8, 0 0, v0x55f31929dfa0_0; 1 drivers
v0x55f3192aa9b0_9 .net v0x55f3192aa9b0 9, 0 0, v0x55f31929f700_0; 1 drivers
v0x55f3192aa9b0_10 .net v0x55f3192aa9b0 10, 0 0, v0x55f3192a0e20_0; 1 drivers
v0x55f3192aa9b0_11 .net v0x55f3192aa9b0 11, 0 0, v0x55f3192a2540_0; 1 drivers
v0x55f3192aa9b0_12 .net v0x55f3192aa9b0 12, 0 0, v0x55f3192a3c60_0; 1 drivers
v0x55f3192aa9b0_13 .net v0x55f3192aa9b0 13, 0 0, v0x55f3192a5380_0; 1 drivers
v0x55f3192aa9b0_14 .net v0x55f3192aa9b0 14, 0 0, v0x55f3192a6aa0_0; 1 drivers
v0x55f3192aa9b0_15 .net v0x55f3192aa9b0 15, 0 0, v0x55f3192a81c0_0; 1 drivers
v0x55f3192aa9b0_16 .net v0x55f3192aa9b0 16, 0 0, v0x55f3192a98e0_0; 1 drivers
L_0x7f9672c762e8 .functor BUFT 1, C4<0000100110110111>, C4<0>, C4<0>, C4<0>;
v0x55f3192aafc0 .array "x_pipe", 16 0;
v0x55f3192aafc0_0 .net/s v0x55f3192aafc0 0, 15 0, L_0x7f9672c762e8; 1 drivers
v0x55f3192aafc0_1 .net/s v0x55f3192aafc0 1, 15 0, v0x55f319294180_0; 1 drivers
v0x55f3192aafc0_2 .net/s v0x55f3192aafc0 2, 15 0, v0x55f319295800_0; 1 drivers
v0x55f3192aafc0_3 .net/s v0x55f3192aafc0 3, 15 0, v0x55f319296e10_0; 1 drivers
v0x55f3192aafc0_4 .net/s v0x55f3192aafc0 4, 15 0, v0x55f319298530_0; 1 drivers
v0x55f3192aafc0_5 .net/s v0x55f3192aafc0 5, 15 0, v0x55f319299c70_0; 1 drivers
v0x55f3192aafc0_6 .net/s v0x55f3192aafc0 6, 15 0, v0x55f31929b390_0; 1 drivers
v0x55f3192aafc0_7 .net/s v0x55f3192aafc0 7, 15 0, v0x55f31929cab0_0; 1 drivers
v0x55f3192aafc0_8 .net/s v0x55f3192aafc0 8, 15 0, v0x55f31929e1d0_0; 1 drivers
v0x55f3192aafc0_9 .net/s v0x55f3192aafc0 9, 15 0, v0x55f31929f930_0; 1 drivers
v0x55f3192aafc0_10 .net/s v0x55f3192aafc0 10, 15 0, v0x55f3192a1050_0; 1 drivers
v0x55f3192aafc0_11 .net/s v0x55f3192aafc0 11, 15 0, v0x55f3192a2770_0; 1 drivers
v0x55f3192aafc0_12 .net/s v0x55f3192aafc0 12, 15 0, v0x55f3192a3e90_0; 1 drivers
v0x55f3192aafc0_13 .net/s v0x55f3192aafc0 13, 15 0, v0x55f3192a55b0_0; 1 drivers
v0x55f3192aafc0_14 .net/s v0x55f3192aafc0 14, 15 0, v0x55f3192a6cd0_0; 1 drivers
v0x55f3192aafc0_15 .net/s v0x55f3192aafc0 15, 15 0, v0x55f3192a83f0_0; 1 drivers
v0x55f3192aafc0_16 .net/s v0x55f3192aafc0 16, 15 0, v0x55f3192a9b10_0; 1 drivers
L_0x7f9672c76330 .functor BUFT 1, C4<0000000000000000>, C4<0>, C4<0>, C4<0>;
v0x55f3192ab5e0 .array "y_pipe", 16 0;
v0x55f3192ab5e0_0 .net/s v0x55f3192ab5e0 0, 15 0, L_0x7f9672c76330; 1 drivers
v0x55f3192ab5e0_1 .net/s v0x55f3192ab5e0 1, 15 0, v0x55f319294500_0; 1 drivers
v0x55f3192ab5e0_2 .net/s v0x55f3192ab5e0 2, 15 0, v0x55f319295b40_0; 1 drivers
v0x55f3192ab5e0_3 .net/s v0x55f3192ab5e0 3, 15 0, v0x55f319297180_0; 1 drivers
v0x55f3192ab5e0_4 .net/s v0x55f3192ab5e0 4, 15 0, v0x55f3192988a0_0; 1 drivers
v0x55f3192ab5e0_5 .net/s v0x55f3192ab5e0 5, 15 0, v0x55f319299fe0_0; 1 drivers
v0x55f3192ab5e0_6 .net/s v0x55f3192ab5e0 6, 15 0, v0x55f31929b700_0; 1 drivers
v0x55f3192ab5e0_7 .net/s v0x55f3192ab5e0 7, 15 0, v0x55f31929ce20_0; 1 drivers
v0x55f3192ab5e0_8 .net/s v0x55f3192ab5e0 8, 15 0, v0x55f31929e540_0; 1 drivers
v0x55f3192ab5e0_9 .net/s v0x55f3192ab5e0 9, 15 0, v0x55f31929fca0_0; 1 drivers
v0x55f3192ab5e0_10 .net/s v0x55f3192ab5e0 10, 15 0, v0x55f3192a13c0_0; 1 drivers
v0x55f3192ab5e0_11 .net/s v0x55f3192ab5e0 11, 15 0, v0x55f3192a2ae0_0; 1 drivers
v0x55f3192ab5e0_12 .net/s v0x55f3192ab5e0 12, 15 0, v0x55f3192a4200_0; 1 drivers
v0x55f3192ab5e0_13 .net/s v0x55f3192ab5e0 13, 15 0, v0x55f3192a5920_0; 1 drivers
v0x55f3192ab5e0_14 .net/s v0x55f3192ab5e0 14, 15 0, v0x55f3192a7040_0; 1 drivers
v0x55f3192ab5e0_15 .net/s v0x55f3192ab5e0 15, 15 0, v0x55f3192a8760_0; 1 drivers
v0x55f3192ab5e0_16 .net/s v0x55f3192ab5e0 16, 15 0, v0x55f3192a9e80_0; 1 drivers
v0x55f3192abbc0 .array "z_pipe", 16 0;
v0x55f3192abbc0_0 .net/s v0x55f3192abbc0 0, 15 0, L_0x55f318feea10; 1 drivers
v0x55f3192abbc0_1 .net/s v0x55f3192abbc0 1, 15 0, v0x55f319294880_0; 1 drivers
v0x55f3192abbc0_2 .net/s v0x55f3192abbc0 2, 15 0, v0x55f319295e80_0; 1 drivers
v0x55f3192abbc0_3 .net/s v0x55f3192abbc0 3, 15 0, v0x55f3192974f0_0; 1 drivers
v0x55f3192abbc0_4 .net/s v0x55f3192abbc0 4, 15 0, v0x55f319298c10_0; 1 drivers
v0x55f3192abbc0_5 .net/s v0x55f3192abbc0 5, 15 0, v0x55f31929a350_0; 1 drivers
v0x55f3192abbc0_6 .net/s v0x55f3192abbc0 6, 15 0, v0x55f31929ba70_0; 1 drivers
v0x55f3192abbc0_7 .net/s v0x55f3192abbc0 7, 15 0, v0x55f31929d190_0; 1 drivers
v0x55f3192abbc0_8 .net/s v0x55f3192abbc0 8, 15 0, v0x55f31929e8b0_0; 1 drivers
v0x55f3192abbc0_9 .net/s v0x55f3192abbc0 9, 15 0, v0x55f3192a0010_0; 1 drivers
v0x55f3192abbc0_10 .net/s v0x55f3192abbc0 10, 15 0, v0x55f3192a1730_0; 1 drivers
v0x55f3192abbc0_11 .net/s v0x55f3192abbc0 11, 15 0, v0x55f3192a2e50_0; 1 drivers
v0x55f3192abbc0_12 .net/s v0x55f3192abbc0 12, 15 0, v0x55f3192a4570_0; 1 drivers
v0x55f3192abbc0_13 .net/s v0x55f3192abbc0 13, 15 0, v0x55f3192a5c90_0; 1 drivers
v0x55f3192abbc0_14 .net/s v0x55f3192abbc0 14, 15 0, v0x55f3192a73b0_0; 1 drivers
v0x55f3192abbc0_15 .net/s v0x55f3192abbc0 15, 15 0, v0x55f3192a8ad0_0; 1 drivers
v0x55f3192abbc0_16 .net/s v0x55f3192abbc0 16, 15 0, v0x55f3192aa1f0_0; 1 drivers
S_0x55f3192933b0 .scope generate, "gen_cordic_stages[0]" "gen_cordic_stages[0]" 10 26, 10 26 0, S_0x55f319293110;
 .timescale -9 -12;
P_0x55f3192935b0 .param/l "i" 1 10 26, +C4<00>;
S_0x55f319293690 .scope module, "u_stage" "cordic_stage" 10 31, 11 4 0, S_0x55f3192933b0;
 .timescale -9 -12;
    .port_info 0 /INPUT 1 "clk";
    .port_info 1 /INPUT 1 "rst_n";
    .port_info 2 /INPUT 1 "valid_in";
    .port_info 3 /INPUT 16 "x_in";
    .port_info 4 /INPUT 16 "y_in";
    .port_info 5 /INPUT 16 "z_in";
    .port_info 6 /OUTPUT 1 "valid_out";
    .port_info 7 /OUTPUT 16 "x_out";
    .port_info 8 /OUTPUT 16 "y_out";
    .port_info 9 /OUTPUT 16 "z_out";
P_0x55f319293870 .param/l "ATAN_VAL" 0 11 8, +C4<0000110010010001>;
P_0x55f3192938b0 .param/l "DATA_WIDTH" 0 11 6, +C4<00000000000000000000000000010000>;
P_0x55f3192938f0 .param/l "STAGE_IDX" 0 11 7, +C4<00000000000000000000000000000000>;
v0x55f319293cb0_0 .net "clk", 0 0, v0x55f3192d6c70_0;  alias, 1 drivers
v0x55f319293d70_0 .net "rst_n", 0 0, v0x55f3192d73f0_0;  alias, 1 drivers
v0x55f319293e30_0 .net "valid_in", 0 0, L_0x55f318fee8c0;  alias, 1 drivers
v0x55f319293ed0_0 .var "valid_out", 0 0;
v0x55f319293f70_0 .net/s "x_in", 15 0, L_0x7f9672c762e8;  alias, 1 drivers
v0x55f3192940a0_0 .var/s "x_next", 15 0;
v0x55f319294180_0 .var/s "x_out", 15 0;
v0x55f319294260_0 .var/s "x_shift", 15 0;
v0x55f319294340_0 .net/s "y_in", 15 0, L_0x7f9672c76330;  alias, 1 drivers
v0x55f319294420_0 .var/s "y_next", 15 0;
v0x55f319294500_0 .var/s "y_out", 15 0;
v0x55f3192945e0_0 .var/s "y_shift", 15 0;
v0x55f3192946c0_0 .net/s "z_in", 15 0, L_0x55f318feea10;  alias, 1 drivers
v0x55f3192947a0_0 .var/s "z_next", 15 0;
v0x55f319294880_0 .var/s "z_out", 15 0;
E_0x55f319293c30 .event anyedge, v0x55f319293f70_0, v0x55f319294340_0, v0x55f3192946c0_0;
S_0x55f319294b00 .scope generate, "gen_cordic_stages[1]" "gen_cordic_stages[1]" 10 26, 10 26 0, S_0x55f319293110;
 .timescale -9 -12;
P_0x55f319294cd0 .param/l "i" 1 10 26, +C4<01>;
S_0x55f319294d90 .scope module, "u_stage" "cordic_stage" 10 31, 11 4 0, S_0x55f319294b00;
 .timescale -9 -12;
    .port_info 0 /INPUT 1 "clk";
    .port_info 1 /INPUT 1 "rst_n";
    .port_info 2 /INPUT 1 "valid_in";
    .port_info 3 /INPUT 16 "x_in";
    .port_info 4 /INPUT 16 "y_in";
    .port_info 5 /INPUT 16 "z_in";
    .port_info 6 /OUTPUT 1 "valid_out";
    .port_info 7 /OUTPUT 16 "x_out";
    .port_info 8 /OUTPUT 16 "y_out";
    .port_info 9 /OUTPUT 16 "z_out";
P_0x55f319294f70 .param/l "ATAN_VAL" 0 11 8, +C4<0000011101101011>;
P_0x55f319294fb0 .param/l "DATA_WIDTH" 0 11 6, +C4<00000000000000000000000000010000>;
P_0x55f319294ff0 .param/l "STAGE_IDX" 0 11 7, +C4<00000000000000000000000000000001>;
v0x55f3192953b0_0 .net "clk", 0 0, v0x55f3192d6c70_0;  alias, 1 drivers
v0x55f319295470_0 .net "rst_n", 0 0, v0x55f3192d73f0_0;  alias, 1 drivers
v0x55f319295530_0 .net "valid_in", 0 0, v0x55f319293ed0_0;  alias, 1 drivers
v0x55f3192955d0_0 .var "valid_out", 0 0;
v0x55f319295670_0 .net/s "x_in", 15 0, v0x55f319294180_0;  alias, 1 drivers
v0x55f319295760_0 .var/s "x_next", 15 0;
v0x55f319295800_0 .var/s "x_out", 15 0;
v0x55f3192958e0_0 .var/s "x_shift", 15 0;
v0x55f3192959c0_0 .net/s "y_in", 15 0, v0x55f319294500_0;  alias, 1 drivers
v0x55f319295a80_0 .var/s "y_next", 15 0;
v0x55f319295b40_0 .var/s "y_out", 15 0;
v0x55f319295c20_0 .var/s "y_shift", 15 0;
v0x55f319295d00_0 .net/s "z_in", 15 0, v0x55f319294880_0;  alias, 1 drivers
v0x55f319295dc0_0 .var/s "z_next", 15 0;
v0x55f319295e80_0 .var/s "z_out", 15 0;
E_0x55f319295330 .event anyedge, v0x55f319294180_0, v0x55f319294500_0, v0x55f319294880_0;
S_0x55f319296100 .scope generate, "gen_cordic_stages[2]" "gen_cordic_stages[2]" 10 26, 10 26 0, S_0x55f319293110;
 .timescale -9 -12;
P_0x55f3192962b0 .param/l "i" 1 10 26, +C4<010>;
S_0x55f319296370 .scope module, "u_stage" "cordic_stage" 10 31, 11 4 0, S_0x55f319296100;
 .timescale -9 -12;
    .port_info 0 /INPUT 1 "clk";
    .port_info 1 /INPUT 1 "rst_n";
    .port_info 2 /INPUT 1 "valid_in";
    .port_info 3 /INPUT 16 "x_in";
    .port_info 4 /INPUT 16 "y_in";
    .port_info 5 /INPUT 16 "z_in";
    .port_info 6 /OUTPUT 1 "valid_out";
    .port_info 7 /OUTPUT 16 "x_out";
    .port_info 8 /OUTPUT 16 "y_out";
    .port_info 9 /OUTPUT 16 "z_out";
P_0x55f319296550 .param/l "ATAN_VAL" 0 11 8, +C4<0000001111101011>;
P_0x55f319296590 .param/l "DATA_WIDTH" 0 11 6, +C4<00000000000000000000000000010000>;
P_0x55f3192965d0 .param/l "STAGE_IDX" 0 11 7, +C4<00000000000000000000000000000010>;
v0x55f319296990_0 .net "clk", 0 0, v0x55f3192d6c70_0;  alias, 1 drivers
v0x55f319296a50_0 .net "rst_n", 0 0, v0x55f3192d73f0_0;  alias, 1 drivers
v0x55f319296b10_0 .net "valid_in", 0 0, v0x55f3192955d0_0;  alias, 1 drivers
v0x55f319296be0_0 .var "valid_out", 0 0;
v0x55f319296c80_0 .net/s "x_in", 15 0, v0x55f319295800_0;  alias, 1 drivers
v0x55f319296d70_0 .var/s "x_next", 15 0;
v0x55f319296e10_0 .var/s "x_out", 15 0;
v0x55f319296ef0_0 .var/s "x_shift", 15 0;
v0x55f319296fd0_0 .net/s "y_in", 15 0, v0x55f319295b40_0;  alias, 1 drivers
v0x55f3192970c0_0 .var/s "y_next", 15 0;
v0x55f319297180_0 .var/s "y_out", 15 0;
v0x55f319297260_0 .var/s "y_shift", 15 0;
v0x55f319297340_0 .net/s "z_in", 15 0, v0x55f319295e80_0;  alias, 1 drivers
v0x55f319297430_0 .var/s "z_next", 15 0;
v0x55f3192974f0_0 .var/s "z_out", 15 0;
E_0x55f319296910 .event anyedge, v0x55f319295800_0, v0x55f319295b40_0, v0x55f319295e80_0;
S_0x55f319297770 .scope generate, "gen_cordic_stages[3]" "gen_cordic_stages[3]" 10 26, 10 26 0, S_0x55f319293110;
 .timescale -9 -12;
P_0x55f319297920 .param/l "i" 1 10 26, +C4<011>;
S_0x55f319297a00 .scope module, "u_stage" "cordic_stage" 10 31, 11 4 0, S_0x55f319297770;
 .timescale -9 -12;
    .port_info 0 /INPUT 1 "clk";
    .port_info 1 /INPUT 1 "rst_n";
    .port_info 2 /INPUT 1 "valid_in";
    .port_info 3 /INPUT 16 "x_in";
    .port_info 4 /INPUT 16 "y_in";
    .port_info 5 /INPUT 16 "z_in";
    .port_info 6 /OUTPUT 1 "valid_out";
    .port_info 7 /OUTPUT 16 "x_out";
    .port_info 8 /OUTPUT 16 "y_out";
    .port_info 9 /OUTPUT 16 "z_out";
P_0x55f319297be0 .param/l "ATAN_VAL" 0 11 8, +C4<0000000111111101>;
P_0x55f319297c20 .param/l "DATA_WIDTH" 0 11 6, +C4<00000000000000000000000000010000>;
P_0x55f319297c60 .param/l "STAGE_IDX" 0 11 7, +C4<00000000000000000000000000000011>;
v0x55f319298080_0 .net "clk", 0 0, v0x55f3192d6c70_0;  alias, 1 drivers
v0x55f319298140_0 .net "rst_n", 0 0, v0x55f3192d73f0_0;  alias, 1 drivers
v0x55f319298200_0 .net "valid_in", 0 0, v0x55f319296be0_0;  alias, 1 drivers
v0x55f319298300_0 .var "valid_out", 0 0;
v0x55f3192983a0_0 .net/s "x_in", 15 0, v0x55f319296e10_0;  alias, 1 drivers
v0x55f319298490_0 .var/s "x_next", 15 0;
v0x55f319298530_0 .var/s "x_out", 15 0;
v0x55f319298610_0 .var/s "x_shift", 15 0;
v0x55f3192986f0_0 .net/s "y_in", 15 0, v0x55f319297180_0;  alias, 1 drivers
v0x55f3192987e0_0 .var/s "y_next", 15 0;
v0x55f3192988a0_0 .var/s "y_out", 15 0;
v0x55f319298980_0 .var/s "y_shift", 15 0;
v0x55f319298a60_0 .net/s "z_in", 15 0, v0x55f3192974f0_0;  alias, 1 drivers
v0x55f319298b50_0 .var/s "z_next", 15 0;
v0x55f319298c10_0 .var/s "z_out", 15 0;
E_0x55f319298000 .event anyedge, v0x55f319296e10_0, v0x55f319297180_0, v0x55f3192974f0_0;
S_0x55f319298e90 .scope generate, "gen_cordic_stages[4]" "gen_cordic_stages[4]" 10 26, 10 26 0, S_0x55f319293110;
 .timescale -9 -12;
P_0x55f319299090 .param/l "i" 1 10 26, +C4<0100>;
S_0x55f319299170 .scope module, "u_stage" "cordic_stage" 10 31, 11 4 0, S_0x55f319298e90;
 .timescale -9 -12;
    .port_info 0 /INPUT 1 "clk";
    .port_info 1 /INPUT 1 "rst_n";
    .port_info 2 /INPUT 1 "valid_in";
    .port_info 3 /INPUT 16 "x_in";
    .port_info 4 /INPUT 16 "y_in";
    .port_info 5 /INPUT 16 "z_in";
    .port_info 6 /OUTPUT 1 "valid_out";
    .port_info 7 /OUTPUT 16 "x_out";
    .port_info 8 /OUTPUT 16 "y_out";
    .port_info 9 /OUTPUT 16 "z_out";
P_0x55f319299350 .param/l "ATAN_VAL" 0 11 8, +C4<0000000100000000>;
P_0x55f319299390 .param/l "DATA_WIDTH" 0 11 6, +C4<00000000000000000000000000010000>;
P_0x55f3192993d0 .param/l "STAGE_IDX" 0 11 7, +C4<00000000000000000000000000000100>;
v0x55f3192997c0_0 .net "clk", 0 0, v0x55f3192d6c70_0;  alias, 1 drivers
v0x55f319299880_0 .net "rst_n", 0 0, v0x55f3192d73f0_0;  alias, 1 drivers
v0x55f319299940_0 .net "valid_in", 0 0, v0x55f319298300_0;  alias, 1 drivers
v0x55f319299a40_0 .var "valid_out", 0 0;
v0x55f319299ae0_0 .net/s "x_in", 15 0, v0x55f319298530_0;  alias, 1 drivers
v0x55f319299bd0_0 .var/s "x_next", 15 0;
v0x55f319299c70_0 .var/s "x_out", 15 0;
v0x55f319299d50_0 .var/s "x_shift", 15 0;
v0x55f319299e30_0 .net/s "y_in", 15 0, v0x55f3192988a0_0;  alias, 1 drivers
v0x55f319299f20_0 .var/s "y_next", 15 0;
v0x55f319299fe0_0 .var/s "y_out", 15 0;
v0x55f31929a0c0_0 .var/s "y_shift", 15 0;
v0x55f31929a1a0_0 .net/s "z_in", 15 0, v0x55f319298c10_0;  alias, 1 drivers
v0x55f31929a290_0 .var/s "z_next", 15 0;
v0x55f31929a350_0 .var/s "z_out", 15 0;
E_0x55f319299740 .event anyedge, v0x55f319298530_0, v0x55f3192988a0_0, v0x55f319298c10_0;
S_0x55f31929a5d0 .scope generate, "gen_cordic_stages[5]" "gen_cordic_stages[5]" 10 26, 10 26 0, S_0x55f319293110;
 .timescale -9 -12;
P_0x55f31929a780 .param/l "i" 1 10 26, +C4<0101>;
S_0x55f31929a860 .scope module, "u_stage" "cordic_stage" 10 31, 11 4 0, S_0x55f31929a5d0;
 .timescale -9 -12;
    .port_info 0 /INPUT 1 "clk";
    .port_info 1 /INPUT 1 "rst_n";
    .port_info 2 /INPUT 1 "valid_in";
    .port_info 3 /INPUT 16 "x_in";
    .port_info 4 /INPUT 16 "y_in";
    .port_info 5 /INPUT 16 "z_in";
    .port_info 6 /OUTPUT 1 "valid_out";
    .port_info 7 /OUTPUT 16 "x_out";
    .port_info 8 /OUTPUT 16 "y_out";
    .port_info 9 /OUTPUT 16 "z_out";
P_0x55f31929aa40 .param/l "ATAN_VAL" 0 11 8, +C4<0000000010000000>;
P_0x55f31929aa80 .param/l "DATA_WIDTH" 0 11 6, +C4<00000000000000000000000000010000>;
P_0x55f31929aac0 .param/l "STAGE_IDX" 0 11 7, +C4<00000000000000000000000000000101>;
v0x55f31929aee0_0 .net "clk", 0 0, v0x55f3192d6c70_0;  alias, 1 drivers
v0x55f31929afa0_0 .net "rst_n", 0 0, v0x55f3192d73f0_0;  alias, 1 drivers
v0x55f31929b060_0 .net "valid_in", 0 0, v0x55f319299a40_0;  alias, 1 drivers
v0x55f31929b160_0 .var "valid_out", 0 0;
v0x55f31929b200_0 .net/s "x_in", 15 0, v0x55f319299c70_0;  alias, 1 drivers
v0x55f31929b2f0_0 .var/s "x_next", 15 0;
v0x55f31929b390_0 .var/s "x_out", 15 0;
v0x55f31929b470_0 .var/s "x_shift", 15 0;
v0x55f31929b550_0 .net/s "y_in", 15 0, v0x55f319299fe0_0;  alias, 1 drivers
v0x55f31929b640_0 .var/s "y_next", 15 0;
v0x55f31929b700_0 .var/s "y_out", 15 0;
v0x55f31929b7e0_0 .var/s "y_shift", 15 0;
v0x55f31929b8c0_0 .net/s "z_in", 15 0, v0x55f31929a350_0;  alias, 1 drivers
v0x55f31929b9b0_0 .var/s "z_next", 15 0;
v0x55f31929ba70_0 .var/s "z_out", 15 0;
E_0x55f31929ae60 .event anyedge, v0x55f319299c70_0, v0x55f319299fe0_0, v0x55f31929a350_0;
S_0x55f31929bcf0 .scope generate, "gen_cordic_stages[6]" "gen_cordic_stages[6]" 10 26, 10 26 0, S_0x55f319293110;
 .timescale -9 -12;
P_0x55f31929bea0 .param/l "i" 1 10 26, +C4<0110>;
S_0x55f31929bf80 .scope module, "u_stage" "cordic_stage" 10 31, 11 4 0, S_0x55f31929bcf0;
 .timescale -9 -12;
    .port_info 0 /INPUT 1 "clk";
    .port_info 1 /INPUT 1 "rst_n";
    .port_info 2 /INPUT 1 "valid_in";
    .port_info 3 /INPUT 16 "x_in";
    .port_info 4 /INPUT 16 "y_in";
    .port_info 5 /INPUT 16 "z_in";
    .port_info 6 /OUTPUT 1 "valid_out";
    .port_info 7 /OUTPUT 16 "x_out";
    .port_info 8 /OUTPUT 16 "y_out";
    .port_info 9 /OUTPUT 16 "z_out";
P_0x55f31929c160 .param/l "ATAN_VAL" 0 11 8, +C4<0000000001000000>;
P_0x55f31929c1a0 .param/l "DATA_WIDTH" 0 11 6, +C4<00000000000000000000000000010000>;
P_0x55f31929c1e0 .param/l "STAGE_IDX" 0 11 7, +C4<00000000000000000000000000000110>;
v0x55f31929c600_0 .net "clk", 0 0, v0x55f3192d6c70_0;  alias, 1 drivers
v0x55f31929c6c0_0 .net "rst_n", 0 0, v0x55f3192d73f0_0;  alias, 1 drivers
v0x55f31929c780_0 .net "valid_in", 0 0, v0x55f31929b160_0;  alias, 1 drivers
v0x55f31929c880_0 .var "valid_out", 0 0;
v0x55f31929c920_0 .net/s "x_in", 15 0, v0x55f31929b390_0;  alias, 1 drivers
v0x55f31929ca10_0 .var/s "x_next", 15 0;
v0x55f31929cab0_0 .var/s "x_out", 15 0;
v0x55f31929cb90_0 .var/s "x_shift", 15 0;
v0x55f31929cc70_0 .net/s "y_in", 15 0, v0x55f31929b700_0;  alias, 1 drivers
v0x55f31929cd60_0 .var/s "y_next", 15 0;
v0x55f31929ce20_0 .var/s "y_out", 15 0;
v0x55f31929cf00_0 .var/s "y_shift", 15 0;
v0x55f31929cfe0_0 .net/s "z_in", 15 0, v0x55f31929ba70_0;  alias, 1 drivers
v0x55f31929d0d0_0 .var/s "z_next", 15 0;
v0x55f31929d190_0 .var/s "z_out", 15 0;
E_0x55f31929c580 .event anyedge, v0x55f31929b390_0, v0x55f31929b700_0, v0x55f31929ba70_0;
S_0x55f31929d410 .scope generate, "gen_cordic_stages[7]" "gen_cordic_stages[7]" 10 26, 10 26 0, S_0x55f319293110;
 .timescale -9 -12;
P_0x55f31929d5c0 .param/l "i" 1 10 26, +C4<0111>;
S_0x55f31929d6a0 .scope module, "u_stage" "cordic_stage" 10 31, 11 4 0, S_0x55f31929d410;
 .timescale -9 -12;
    .port_info 0 /INPUT 1 "clk";
    .port_info 1 /INPUT 1 "rst_n";
    .port_info 2 /INPUT 1 "valid_in";
    .port_info 3 /INPUT 16 "x_in";
    .port_info 4 /INPUT 16 "y_in";
    .port_info 5 /INPUT 16 "z_in";
    .port_info 6 /OUTPUT 1 "valid_out";
    .port_info 7 /OUTPUT 16 "x_out";
    .port_info 8 /OUTPUT 16 "y_out";
    .port_info 9 /OUTPUT 16 "z_out";
P_0x55f31929d880 .param/l "ATAN_VAL" 0 11 8, +C4<0000000000100000>;
P_0x55f31929d8c0 .param/l "DATA_WIDTH" 0 11 6, +C4<00000000000000000000000000010000>;
P_0x55f31929d900 .param/l "STAGE_IDX" 0 11 7, +C4<00000000000000000000000000000111>;
v0x55f31929dd20_0 .net "clk", 0 0, v0x55f3192d6c70_0;  alias, 1 drivers
v0x55f31929dde0_0 .net "rst_n", 0 0, v0x55f3192d73f0_0;  alias, 1 drivers
v0x55f31929dea0_0 .net "valid_in", 0 0, v0x55f31929c880_0;  alias, 1 drivers
v0x55f31929dfa0_0 .var "valid_out", 0 0;
v0x55f31929e040_0 .net/s "x_in", 15 0, v0x55f31929cab0_0;  alias, 1 drivers
v0x55f31929e130_0 .var/s "x_next", 15 0;
v0x55f31929e1d0_0 .var/s "x_out", 15 0;
v0x55f31929e2b0_0 .var/s "x_shift", 15 0;
v0x55f31929e390_0 .net/s "y_in", 15 0, v0x55f31929ce20_0;  alias, 1 drivers
v0x55f31929e480_0 .var/s "y_next", 15 0;
v0x55f31929e540_0 .var/s "y_out", 15 0;
v0x55f31929e620_0 .var/s "y_shift", 15 0;
v0x55f31929e700_0 .net/s "z_in", 15 0, v0x55f31929d190_0;  alias, 1 drivers
v0x55f31929e7f0_0 .var/s "z_next", 15 0;
v0x55f31929e8b0_0 .var/s "z_out", 15 0;
E_0x55f31929dca0 .event anyedge, v0x55f31929cab0_0, v0x55f31929ce20_0, v0x55f31929d190_0;
S_0x55f31929eb30 .scope generate, "gen_cordic_stages[8]" "gen_cordic_stages[8]" 10 26, 10 26 0, S_0x55f319293110;
 .timescale -9 -12;
P_0x55f319299040 .param/l "i" 1 10 26, +C4<01000>;
S_0x55f31929ee00 .scope module, "u_stage" "cordic_stage" 10 31, 11 4 0, S_0x55f31929eb30;
 .timescale -9 -12;
    .port_info 0 /INPUT 1 "clk";
    .port_info 1 /INPUT 1 "rst_n";
    .port_info 2 /INPUT 1 "valid_in";
    .port_info 3 /INPUT 16 "x_in";
    .port_info 4 /INPUT 16 "y_in";
    .port_info 5 /INPUT 16 "z_in";
    .port_info 6 /OUTPUT 1 "valid_out";
    .port_info 7 /OUTPUT 16 "x_out";
    .port_info 8 /OUTPUT 16 "y_out";
    .port_info 9 /OUTPUT 16 "z_out";
P_0x55f31929efe0 .param/l "ATAN_VAL" 0 11 8, +C4<0000000000010000>;
P_0x55f31929f020 .param/l "DATA_WIDTH" 0 11 6, +C4<00000000000000000000000000010000>;
P_0x55f31929f060 .param/l "STAGE_IDX" 0 11 7, +C4<00000000000000000000000000001000>;
v0x55f31929f480_0 .net "clk", 0 0, v0x55f3192d6c70_0;  alias, 1 drivers
v0x55f31929f540_0 .net "rst_n", 0 0, v0x55f3192d73f0_0;  alias, 1 drivers
v0x55f31929f600_0 .net "valid_in", 0 0, v0x55f31929dfa0_0;  alias, 1 drivers
v0x55f31929f700_0 .var "valid_out", 0 0;
v0x55f31929f7a0_0 .net/s "x_in", 15 0, v0x55f31929e1d0_0;  alias, 1 drivers
v0x55f31929f890_0 .var/s "x_next", 15 0;
v0x55f31929f930_0 .var/s "x_out", 15 0;
v0x55f31929fa10_0 .var/s "x_shift", 15 0;
v0x55f31929faf0_0 .net/s "y_in", 15 0, v0x55f31929e540_0;  alias, 1 drivers
v0x55f31929fbe0_0 .var/s "y_next", 15 0;
v0x55f31929fca0_0 .var/s "y_out", 15 0;
v0x55f31929fd80_0 .var/s "y_shift", 15 0;
v0x55f31929fe60_0 .net/s "z_in", 15 0, v0x55f31929e8b0_0;  alias, 1 drivers
v0x55f31929ff50_0 .var/s "z_next", 15 0;
v0x55f3192a0010_0 .var/s "z_out", 15 0;
E_0x55f31929f400 .event anyedge, v0x55f31929e1d0_0, v0x55f31929e540_0, v0x55f31929e8b0_0;
S_0x55f3192a0290 .scope generate, "gen_cordic_stages[9]" "gen_cordic_stages[9]" 10 26, 10 26 0, S_0x55f319293110;
 .timescale -9 -12;
P_0x55f3192a0440 .param/l "i" 1 10 26, +C4<01001>;
S_0x55f3192a0520 .scope module, "u_stage" "cordic_stage" 10 31, 11 4 0, S_0x55f3192a0290;
 .timescale -9 -12;
    .port_info 0 /INPUT 1 "clk";
    .port_info 1 /INPUT 1 "rst_n";
    .port_info 2 /INPUT 1 "valid_in";
    .port_info 3 /INPUT 16 "x_in";
    .port_info 4 /INPUT 16 "y_in";
    .port_info 5 /INPUT 16 "z_in";
    .port_info 6 /OUTPUT 1 "valid_out";
    .port_info 7 /OUTPUT 16 "x_out";
    .port_info 8 /OUTPUT 16 "y_out";
    .port_info 9 /OUTPUT 16 "z_out";
P_0x55f3192a0700 .param/l "ATAN_VAL" 0 11 8, +C4<0000000000001000>;
P_0x55f3192a0740 .param/l "DATA_WIDTH" 0 11 6, +C4<00000000000000000000000000010000>;
P_0x55f3192a0780 .param/l "STAGE_IDX" 0 11 7, +C4<00000000000000000000000000001001>;
v0x55f3192a0ba0_0 .net "clk", 0 0, v0x55f3192d6c70_0;  alias, 1 drivers
v0x55f3192a0c60_0 .net "rst_n", 0 0, v0x55f3192d73f0_0;  alias, 1 drivers
v0x55f3192a0d20_0 .net "valid_in", 0 0, v0x55f31929f700_0;  alias, 1 drivers
v0x55f3192a0e20_0 .var "valid_out", 0 0;
v0x55f3192a0ec0_0 .net/s "x_in", 15 0, v0x55f31929f930_0;  alias, 1 drivers
v0x55f3192a0fb0_0 .var/s "x_next", 15 0;
v0x55f3192a1050_0 .var/s "x_out", 15 0;
v0x55f3192a1130_0 .var/s "x_shift", 15 0;
v0x55f3192a1210_0 .net/s "y_in", 15 0, v0x55f31929fca0_0;  alias, 1 drivers
v0x55f3192a1300_0 .var/s "y_next", 15 0;
v0x55f3192a13c0_0 .var/s "y_out", 15 0;
v0x55f3192a14a0_0 .var/s "y_shift", 15 0;
v0x55f3192a1580_0 .net/s "z_in", 15 0, v0x55f3192a0010_0;  alias, 1 drivers
v0x55f3192a1670_0 .var/s "z_next", 15 0;
v0x55f3192a1730_0 .var/s "z_out", 15 0;
E_0x55f3192a0b20 .event anyedge, v0x55f31929f930_0, v0x55f31929fca0_0, v0x55f3192a0010_0;
S_0x55f3192a19b0 .scope generate, "gen_cordic_stages[10]" "gen_cordic_stages[10]" 10 26, 10 26 0, S_0x55f319293110;
 .timescale -9 -12;
P_0x55f3192a1b60 .param/l "i" 1 10 26, +C4<01010>;
S_0x55f3192a1c40 .scope module, "u_stage" "cordic_stage" 10 31, 11 4 0, S_0x55f3192a19b0;
 .timescale -9 -12;
    .port_info 0 /INPUT 1 "clk";
    .port_info 1 /INPUT 1 "rst_n";
    .port_info 2 /INPUT 1 "valid_in";
    .port_info 3 /INPUT 16 "x_in";
    .port_info 4 /INPUT 16 "y_in";
    .port_info 5 /INPUT 16 "z_in";
    .port_info 6 /OUTPUT 1 "valid_out";
    .port_info 7 /OUTPUT 16 "x_out";
    .port_info 8 /OUTPUT 16 "y_out";
    .port_info 9 /OUTPUT 16 "z_out";
P_0x55f3192a1e20 .param/l "ATAN_VAL" 0 11 8, +C4<0000000000000100>;
P_0x55f3192a1e60 .param/l "DATA_WIDTH" 0 11 6, +C4<00000000000000000000000000010000>;
P_0x55f3192a1ea0 .param/l "STAGE_IDX" 0 11 7, +C4<00000000000000000000000000001010>;
v0x55f3192a22c0_0 .net "clk", 0 0, v0x55f3192d6c70_0;  alias, 1 drivers
v0x55f3192a2380_0 .net "rst_n", 0 0, v0x55f3192d73f0_0;  alias, 1 drivers
v0x55f3192a2440_0 .net "valid_in", 0 0, v0x55f3192a0e20_0;  alias, 1 drivers
v0x55f3192a2540_0 .var "valid_out", 0 0;
v0x55f3192a25e0_0 .net/s "x_in", 15 0, v0x55f3192a1050_0;  alias, 1 drivers
v0x55f3192a26d0_0 .var/s "x_next", 15 0;
v0x55f3192a2770_0 .var/s "x_out", 15 0;
v0x55f3192a2850_0 .var/s "x_shift", 15 0;
v0x55f3192a2930_0 .net/s "y_in", 15 0, v0x55f3192a13c0_0;  alias, 1 drivers
v0x55f3192a2a20_0 .var/s "y_next", 15 0;
v0x55f3192a2ae0_0 .var/s "y_out", 15 0;
v0x55f3192a2bc0_0 .var/s "y_shift", 15 0;
v0x55f3192a2ca0_0 .net/s "z_in", 15 0, v0x55f3192a1730_0;  alias, 1 drivers
v0x55f3192a2d90_0 .var/s "z_next", 15 0;
v0x55f3192a2e50_0 .var/s "z_out", 15 0;
E_0x55f3192a2240 .event anyedge, v0x55f3192a1050_0, v0x55f3192a13c0_0, v0x55f3192a1730_0;
S_0x55f3192a30d0 .scope generate, "gen_cordic_stages[11]" "gen_cordic_stages[11]" 10 26, 10 26 0, S_0x55f319293110;
 .timescale -9 -12;
P_0x55f3192a3280 .param/l "i" 1 10 26, +C4<01011>;
S_0x55f3192a3360 .scope module, "u_stage" "cordic_stage" 10 31, 11 4 0, S_0x55f3192a30d0;
 .timescale -9 -12;
    .port_info 0 /INPUT 1 "clk";
    .port_info 1 /INPUT 1 "rst_n";
    .port_info 2 /INPUT 1 "valid_in";
    .port_info 3 /INPUT 16 "x_in";
    .port_info 4 /INPUT 16 "y_in";
    .port_info 5 /INPUT 16 "z_in";
    .port_info 6 /OUTPUT 1 "valid_out";
    .port_info 7 /OUTPUT 16 "x_out";
    .port_info 8 /OUTPUT 16 "y_out";
    .port_info 9 /OUTPUT 16 "z_out";
P_0x55f3192a3540 .param/l "ATAN_VAL" 0 11 8, +C4<0000000000000010>;
P_0x55f3192a3580 .param/l "DATA_WIDTH" 0 11 6, +C4<00000000000000000000000000010000>;
P_0x55f3192a35c0 .param/l "STAGE_IDX" 0 11 7, +C4<00000000000000000000000000001011>;
v0x55f3192a39e0_0 .net "clk", 0 0, v0x55f3192d6c70_0;  alias, 1 drivers
v0x55f3192a3aa0_0 .net "rst_n", 0 0, v0x55f3192d73f0_0;  alias, 1 drivers
v0x55f3192a3b60_0 .net "valid_in", 0 0, v0x55f3192a2540_0;  alias, 1 drivers
v0x55f3192a3c60_0 .var "valid_out", 0 0;
v0x55f3192a3d00_0 .net/s "x_in", 15 0, v0x55f3192a2770_0;  alias, 1 drivers
v0x55f3192a3df0_0 .var/s "x_next", 15 0;
v0x55f3192a3e90_0 .var/s "x_out", 15 0;
v0x55f3192a3f70_0 .var/s "x_shift", 15 0;
v0x55f3192a4050_0 .net/s "y_in", 15 0, v0x55f3192a2ae0_0;  alias, 1 drivers
v0x55f3192a4140_0 .var/s "y_next", 15 0;
v0x55f3192a4200_0 .var/s "y_out", 15 0;
v0x55f3192a42e0_0 .var/s "y_shift", 15 0;
v0x55f3192a43c0_0 .net/s "z_in", 15 0, v0x55f3192a2e50_0;  alias, 1 drivers
v0x55f3192a44b0_0 .var/s "z_next", 15 0;
v0x55f3192a4570_0 .var/s "z_out", 15 0;
E_0x55f3192a3960 .event anyedge, v0x55f3192a2770_0, v0x55f3192a2ae0_0, v0x55f3192a2e50_0;
S_0x55f3192a47f0 .scope generate, "gen_cordic_stages[12]" "gen_cordic_stages[12]" 10 26, 10 26 0, S_0x55f319293110;
 .timescale -9 -12;
P_0x55f3192a49a0 .param/l "i" 1 10 26, +C4<01100>;
S_0x55f3192a4a80 .scope module, "u_stage" "cordic_stage" 10 31, 11 4 0, S_0x55f3192a47f0;
 .timescale -9 -12;
    .port_info 0 /INPUT 1 "clk";
    .port_info 1 /INPUT 1 "rst_n";
    .port_info 2 /INPUT 1 "valid_in";
    .port_info 3 /INPUT 16 "x_in";
    .port_info 4 /INPUT 16 "y_in";
    .port_info 5 /INPUT 16 "z_in";
    .port_info 6 /OUTPUT 1 "valid_out";
    .port_info 7 /OUTPUT 16 "x_out";
    .port_info 8 /OUTPUT 16 "y_out";
    .port_info 9 /OUTPUT 16 "z_out";
P_0x55f3192a4c60 .param/l "ATAN_VAL" 0 11 8, +C4<0000000000000001>;
P_0x55f3192a4ca0 .param/l "DATA_WIDTH" 0 11 6, +C4<00000000000000000000000000010000>;
P_0x55f3192a4ce0 .param/l "STAGE_IDX" 0 11 7, +C4<00000000000000000000000000001100>;
v0x55f3192a5100_0 .net "clk", 0 0, v0x55f3192d6c70_0;  alias, 1 drivers
v0x55f3192a51c0_0 .net "rst_n", 0 0, v0x55f3192d73f0_0;  alias, 1 drivers
v0x55f3192a5280_0 .net "valid_in", 0 0, v0x55f3192a3c60_0;  alias, 1 drivers
v0x55f3192a5380_0 .var "valid_out", 0 0;
v0x55f3192a5420_0 .net/s "x_in", 15 0, v0x55f3192a3e90_0;  alias, 1 drivers
v0x55f3192a5510_0 .var/s "x_next", 15 0;
v0x55f3192a55b0_0 .var/s "x_out", 15 0;
v0x55f3192a5690_0 .var/s "x_shift", 15 0;
v0x55f3192a5770_0 .net/s "y_in", 15 0, v0x55f3192a4200_0;  alias, 1 drivers
v0x55f3192a5860_0 .var/s "y_next", 15 0;
v0x55f3192a5920_0 .var/s "y_out", 15 0;
v0x55f3192a5a00_0 .var/s "y_shift", 15 0;
v0x55f3192a5ae0_0 .net/s "z_in", 15 0, v0x55f3192a4570_0;  alias, 1 drivers
v0x55f3192a5bd0_0 .var/s "z_next", 15 0;
v0x55f3192a5c90_0 .var/s "z_out", 15 0;
E_0x55f3192a5080 .event anyedge, v0x55f3192a3e90_0, v0x55f3192a4200_0, v0x55f3192a4570_0;
S_0x55f3192a5f10 .scope generate, "gen_cordic_stages[13]" "gen_cordic_stages[13]" 10 26, 10 26 0, S_0x55f319293110;
 .timescale -9 -12;
P_0x55f3192a60c0 .param/l "i" 1 10 26, +C4<01101>;
S_0x55f3192a61a0 .scope module, "u_stage" "cordic_stage" 10 31, 11 4 0, S_0x55f3192a5f10;
 .timescale -9 -12;
    .port_info 0 /INPUT 1 "clk";
    .port_info 1 /INPUT 1 "rst_n";
    .port_info 2 /INPUT 1 "valid_in";
    .port_info 3 /INPUT 16 "x_in";
    .port_info 4 /INPUT 16 "y_in";
    .port_info 5 /INPUT 16 "z_in";
    .port_info 6 /OUTPUT 1 "valid_out";
    .port_info 7 /OUTPUT 16 "x_out";
    .port_info 8 /OUTPUT 16 "y_out";
    .port_info 9 /OUTPUT 16 "z_out";
P_0x55f3192a6380 .param/l "ATAN_VAL" 0 11 8, +C4<0000000000000001>;
P_0x55f3192a63c0 .param/l "DATA_WIDTH" 0 11 6, +C4<00000000000000000000000000010000>;
P_0x55f3192a6400 .param/l "STAGE_IDX" 0 11 7, +C4<00000000000000000000000000001101>;
v0x55f3192a6820_0 .net "clk", 0 0, v0x55f3192d6c70_0;  alias, 1 drivers
v0x55f3192a68e0_0 .net "rst_n", 0 0, v0x55f3192d73f0_0;  alias, 1 drivers
v0x55f3192a69a0_0 .net "valid_in", 0 0, v0x55f3192a5380_0;  alias, 1 drivers
v0x55f3192a6aa0_0 .var "valid_out", 0 0;
v0x55f3192a6b40_0 .net/s "x_in", 15 0, v0x55f3192a55b0_0;  alias, 1 drivers
v0x55f3192a6c30_0 .var/s "x_next", 15 0;
v0x55f3192a6cd0_0 .var/s "x_out", 15 0;
v0x55f3192a6db0_0 .var/s "x_shift", 15 0;
v0x55f3192a6e90_0 .net/s "y_in", 15 0, v0x55f3192a5920_0;  alias, 1 drivers
v0x55f3192a6f80_0 .var/s "y_next", 15 0;
v0x55f3192a7040_0 .var/s "y_out", 15 0;
v0x55f3192a7120_0 .var/s "y_shift", 15 0;
v0x55f3192a7200_0 .net/s "z_in", 15 0, v0x55f3192a5c90_0;  alias, 1 drivers
v0x55f3192a72f0_0 .var/s "z_next", 15 0;
v0x55f3192a73b0_0 .var/s "z_out", 15 0;
E_0x55f3192a67a0 .event anyedge, v0x55f3192a55b0_0, v0x55f3192a5920_0, v0x55f3192a5c90_0;
S_0x55f3192a7630 .scope generate, "gen_cordic_stages[14]" "gen_cordic_stages[14]" 10 26, 10 26 0, S_0x55f319293110;
 .timescale -9 -12;
P_0x55f3192a77e0 .param/l "i" 1 10 26, +C4<01110>;
S_0x55f3192a78c0 .scope module, "u_stage" "cordic_stage" 10 31, 11 4 0, S_0x55f3192a7630;
 .timescale -9 -12;
    .port_info 0 /INPUT 1 "clk";
    .port_info 1 /INPUT 1 "rst_n";
    .port_info 2 /INPUT 1 "valid_in";
    .port_info 3 /INPUT 16 "x_in";
    .port_info 4 /INPUT 16 "y_in";
    .port_info 5 /INPUT 16 "z_in";
    .port_info 6 /OUTPUT 1 "valid_out";
    .port_info 7 /OUTPUT 16 "x_out";
    .port_info 8 /OUTPUT 16 "y_out";
    .port_info 9 /OUTPUT 16 "z_out";
P_0x55f3192a7aa0 .param/l "ATAN_VAL" 0 11 8, +C4<0000000000000000>;
P_0x55f3192a7ae0 .param/l "DATA_WIDTH" 0 11 6, +C4<00000000000000000000000000010000>;
P_0x55f3192a7b20 .param/l "STAGE_IDX" 0 11 7, +C4<00000000000000000000000000001110>;
v0x55f3192a7f40_0 .net "clk", 0 0, v0x55f3192d6c70_0;  alias, 1 drivers
v0x55f3192a8000_0 .net "rst_n", 0 0, v0x55f3192d73f0_0;  alias, 1 drivers
v0x55f3192a80c0_0 .net "valid_in", 0 0, v0x55f3192a6aa0_0;  alias, 1 drivers
v0x55f3192a81c0_0 .var "valid_out", 0 0;
v0x55f3192a8260_0 .net/s "x_in", 15 0, v0x55f3192a6cd0_0;  alias, 1 drivers
v0x55f3192a8350_0 .var/s "x_next", 15 0;
v0x55f3192a83f0_0 .var/s "x_out", 15 0;
v0x55f3192a84d0_0 .var/s "x_shift", 15 0;
v0x55f3192a85b0_0 .net/s "y_in", 15 0, v0x55f3192a7040_0;  alias, 1 drivers
v0x55f3192a86a0_0 .var/s "y_next", 15 0;
v0x55f3192a8760_0 .var/s "y_out", 15 0;
v0x55f3192a8840_0 .var/s "y_shift", 15 0;
v0x55f3192a8920_0 .net/s "z_in", 15 0, v0x55f3192a73b0_0;  alias, 1 drivers
v0x55f3192a8a10_0 .var/s "z_next", 15 0;
v0x55f3192a8ad0_0 .var/s "z_out", 15 0;
E_0x55f3192a7ec0 .event anyedge, v0x55f3192a6cd0_0, v0x55f3192a7040_0, v0x55f3192a73b0_0;
S_0x55f3192a8d50 .scope generate, "gen_cordic_stages[15]" "gen_cordic_stages[15]" 10 26, 10 26 0, S_0x55f319293110;
 .timescale -9 -12;
P_0x55f3192a8f00 .param/l "i" 1 10 26, +C4<01111>;
S_0x55f3192a8fe0 .scope module, "u_stage" "cordic_stage" 10 31, 11 4 0, S_0x55f3192a8d50;
 .timescale -9 -12;
    .port_info 0 /INPUT 1 "clk";
    .port_info 1 /INPUT 1 "rst_n";
    .port_info 2 /INPUT 1 "valid_in";
    .port_info 3 /INPUT 16 "x_in";
    .port_info 4 /INPUT 16 "y_in";
    .port_info 5 /INPUT 16 "z_in";
    .port_info 6 /OUTPUT 1 "valid_out";
    .port_info 7 /OUTPUT 16 "x_out";
    .port_info 8 /OUTPUT 16 "y_out";
    .port_info 9 /OUTPUT 16 "z_out";
P_0x55f3192a91c0 .param/l "ATAN_VAL" 0 11 8, +C4<0000000000000000>;
P_0x55f3192a9200 .param/l "DATA_WIDTH" 0 11 6, +C4<00000000000000000000000000010000>;
P_0x55f3192a9240 .param/l "STAGE_IDX" 0 11 7, +C4<00000000000000000000000000001111>;
v0x55f3192a9660_0 .net "clk", 0 0, v0x55f3192d6c70_0;  alias, 1 drivers
v0x55f3192a9720_0 .net "rst_n", 0 0, v0x55f3192d73f0_0;  alias, 1 drivers
v0x55f3192a97e0_0 .net "valid_in", 0 0, v0x55f3192a81c0_0;  alias, 1 drivers
v0x55f3192a98e0_0 .var "valid_out", 0 0;
v0x55f3192a9980_0 .net/s "x_in", 15 0, v0x55f3192a83f0_0;  alias, 1 drivers
v0x55f3192a9a70_0 .var/s "x_next", 15 0;
v0x55f3192a9b10_0 .var/s "x_out", 15 0;
v0x55f3192a9bf0_0 .var/s "x_shift", 15 0;
v0x55f3192a9cd0_0 .net/s "y_in", 15 0, v0x55f3192a8760_0;  alias, 1 drivers
v0x55f3192a9dc0_0 .var/s "y_next", 15 0;
v0x55f3192a9e80_0 .var/s "y_out", 15 0;
v0x55f3192a9f60_0 .var/s "y_shift", 15 0;
v0x55f3192aa040_0 .net/s "z_in", 15 0, v0x55f3192a8ad0_0;  alias, 1 drivers
v0x55f3192aa130_0 .var/s "z_next", 15 0;
v0x55f3192aa1f0_0 .var/s "z_out", 15 0;
E_0x55f3192a95e0 .event anyedge, v0x55f3192a83f0_0, v0x55f3192a8760_0, v0x55f3192a8ad0_0;
S_0x55f3192ac900 .scope module, "siren_s" "siren_scaler" 6 22, 12 4 0, S_0x55f319290b20;
 .timescale -9 -12;
    .port_info 0 /INPUT 1 "clk";
    .port_info 1 /INPUT 1 "rst_in";
    .port_info 2 /INPUT 1 "valid_in";
    .port_info 3 /INPUT 16 "data_in";
    .port_info 4 /OUTPUT 1 "valid_out";
    .port_info 5 /OUTPUT 16 "data_out";
P_0x55f3192aca90 .param/l "CONST_2PI" 1 12 14, +C4<00000000000000000110010010001000>;
P_0x55f3192acad0 .param/l "CONST_PI" 1 12 13, +C4<00000000000000000011001001000100>;
v0x55f3192acd60_0 .var/s "centered_angle", 31 0;
v0x55f3192ace00_0 .net "clk", 0 0, v0x55f3192d6c70_0;  alias, 1 drivers
v0x55f3192ad6b0_0 .net/s "data_in", 15 0, v0x55f319291320_0;  alias, 1 drivers
v0x55f3192ad750_0 .var/s "data_out", 15 0;
v0x55f3192ad840_0 .var/s "ext_data", 31 0;
v0x55f3192ad930_0 .var/s "mod_angle", 31 0;
v0x55f3192ad9d0_0 .net "rst_in", 0 0, v0x55f3192d73f0_0;  alias, 1 drivers
v0x55f3192ae280_0 .var/s "scaled_angle", 31 0;
v0x55f3192ae320_0 .net "valid_in", 0 0, v0x55f319291d10_0;  alias, 1 drivers
v0x55f3192ae3c0_0 .var "valid_out", 0 0;
E_0x55f3192acd20 .event anyedge, v0x55f319291320_0;
S_0x55f3192aefc0 .scope generate, "gen_physical_neurons[3]" "gen_physical_neurons[3]" 5 140, 5 140 0, S_0x55f319155350;
 .timescale -9 -12;
P_0x55f3192af1c0 .param/l "lane_i" 1 5 140, +C4<011>;
S_0x55f3192af2a0 .scope module, "sn" "siren_neuron" 5 141, 6 2 0, S_0x55f3192aefc0;
 .timescale -9 -12;
    .port_info 0 /INPUT 1 "clk";
    .port_info 1 /INPUT 1 "rst_in";
    .port_info 2 /INPUT 1 "valid_in";
    .port_info 3 /INPUT 1 "clr_acc";
    .port_info 4 /INPUT 16 "a_in";
    .port_info 5 /INPUT 16 "w_in";
    .port_info 6 /INPUT 16 "bias_in";
    .port_info 7 /OUTPUT 1 "valid_out";
    .port_info 8 /OUTPUT 16 "act_out";
    .port_info 9 /OUTPUT 16 "cos_out";
L_0x7f9672c76528 .functor BUFT 1, C4<0000000000000000>, C4<0>, C4<0>, C4<0>;
v0x55f3192cbc20_0 .net/s "a_in", 15 0, L_0x7f9672c76528;  1 drivers
v0x55f3192cbcc0_0 .net/s "act_out", 15 0, L_0x55f3192eaa50;  alias, 1 drivers
v0x55f3192cecc0_3 .array/port v0x55f3192cecc0, 3;
v0x55f3192cbdb0_0 .net/s "bias_in", 15 0, v0x55f3192cecc0_3;  1 drivers
v0x55f3192cbe50_0 .net "clk", 0 0, v0x55f3192d6c70_0;  alias, 1 drivers
L_0x7f9672c764e0 .functor BUFT 1, C4<0>, C4<0>, C4<0>, C4<0>;
v0x55f3192cbef0_0 .net "clr_acc", 0 0, L_0x7f9672c764e0;  1 drivers
v0x55f3192cbfe0_0 .net/s "cos_out", 15 0, L_0x55f3192ea990;  1 drivers
v0x55f3192cc0d0_0 .net/s "mac_result", 15 0, v0x55f3192afaa0_0;  1 drivers
v0x55f3192cc1c0_0 .net "rst_in", 0 0, v0x55f3192d73f0_0;  alias, 1 drivers
v0x55f3192cc260_0 .net/s "scaled_result", 15 0, v0x55f3192cb6e0_0;  1 drivers
v0x55f3192cc390_0 .net "valid_in", 0 0, v0x55f3192cee70_0;  alias, 1 drivers
v0x55f3192cc430_0 .net "valid_out", 0 0, L_0x55f3192ea920;  alias, 1 drivers
L_0x7f9672c76570 .functor BUFT 1, C4<0000000000000000>, C4<0>, C4<0>, C4<0>;
v0x55f3192cc4d0_0 .net/s "w_in", 15 0, L_0x7f9672c76570;  1 drivers
v0x55f3192cc570_0 .net "wire_mac", 0 0, v0x55f3192b0400_0;  1 drivers
v0x55f3192cc660_0 .net "wire_scaler", 0 0, v0x55f3192cbb40_0;  1 drivers
S_0x55f3192af5d0 .scope module, "mac" "mac_unit" 6 20, 7 4 0, S_0x55f3192af2a0;
 .timescale -9 -12;
    .port_info 0 /INPUT 1 "clk";
    .port_info 1 /INPUT 1 "rst_in";
    .port_info 2 /INPUT 1 "valid_in";
    .port_info 3 /INPUT 1 "clr_acc";
    .port_info 4 /INPUT 16 "a_in";
    .port_info 5 /INPUT 16 "w_in";
    .port_info 6 /INPUT 16 "bias_in";
    .port_info 7 /OUTPUT 1 "valid_out";
    .port_info 8 /OUTPUT 1 "ovf_flag";
    .port_info 9 /OUTPUT 16 "acc_out";
v0x55f3192af9a0_0 .net/s "a_in", 15 0, L_0x7f9672c76528;  alias, 1 drivers
v0x55f3192afaa0_0 .var/s "acc_out", 15 0;
v0x55f3192afb80_0 .net/s "bias_in", 15 0, v0x55f3192cecc0_3;  alias, 1 drivers
v0x55f3192afc40_0 .net "clk", 0 0, v0x55f3192d6c70_0;  alias, 1 drivers
v0x55f3192afce0_0 .net "clr_acc", 0 0, L_0x7f9672c764e0;  alias, 1 drivers
v0x55f3192afdf0_0 .var/s "current_acc", 32 0;
v0x55f3192afed0_0 .var/s "mult_q", 31 0;
v0x55f3192affb0_0 .var/s "mult_raw", 31 0;
v0x55f3192b0090_0 .var "ovf_flag", 0 0;
v0x55f3192b01e0_0 .net "rst_in", 0 0, v0x55f3192d73f0_0;  alias, 1 drivers
v0x55f3192b0280_0 .var/s "sum_stage", 32 0;
v0x55f3192b0360_0 .net "valid_in", 0 0, v0x55f3192cee70_0;  alias, 1 drivers
v0x55f3192b0400_0 .var "valid_out", 0 0;
v0x55f3192b04c0_0 .net/s "w_in", 15 0, L_0x7f9672c76570;  alias, 1 drivers
E_0x55f319292200/0 .event anyedge, v0x55f3192af9a0_0, v0x55f3192b04c0_0, v0x55f3192afce0_0, v0x55f3192afb80_0;
E_0x55f319292200/1 .event anyedge, v0x55f3192afaa0_0;
E_0x55f319292200 .event/or E_0x55f319292200/0, E_0x55f319292200/1;
S_0x55f3192b0740 .scope module, "siren_act" "siren_act_unit" 6 24, 8 3 0, S_0x55f3192af2a0;
 .timescale -9 -12;
    .port_info 0 /INPUT 1 "clk";
    .port_info 1 /INPUT 1 "rst_in";
    .port_info 2 /INPUT 1 "valid_in";
    .port_info 3 /INPUT 16 "angle_in";
    .port_info 4 /OUTPUT 1 "valid_out";
    .port_info 5 /OUTPUT 16 "sin_out";
    .port_info 6 /OUTPUT 16 "cos_out";
v0x55f3192ca980_0 .net/s "angle_in", 15 0, v0x55f3192cb6e0_0;  alias, 1 drivers
v0x55f3192caa20_0 .net "clk", 0 0, v0x55f3192d6c70_0;  alias, 1 drivers
v0x55f3192caac0_0 .net/s "cos_out", 15 0, L_0x55f3192ea990;  alias, 1 drivers
v0x55f3192cab60_0 .net "folder_valid", 0 0, v0x55f3192b1690_0;  1 drivers
v0x55f3192cac50_0 .net/s "phase_folded", 15 0, v0x55f3192b1450_0;  1 drivers
v0x55f3192cad90_0 .net "rst_in", 0 0, v0x55f3192d73f0_0;  alias, 1 drivers
v0x55f3192cae30_0 .net/s "sin_out", 15 0, L_0x55f3192eaa50;  alias, 1 drivers
v0x55f3192caed0_0 .net "valid_in", 0 0, v0x55f3192cbb40_0;  alias, 1 drivers
v0x55f3192caf70_0 .net "valid_out", 0 0, L_0x55f3192ea920;  alias, 1 drivers
S_0x55f3192b0a20 .scope module, "phase_f" "phase_folder" 8 16, 9 4 0, S_0x55f3192b0740;
 .timescale -9 -12;
    .port_info 0 /INPUT 1 "clk";
    .port_info 1 /INPUT 1 "rst_in";
    .port_info 2 /INPUT 1 "valid_in";
    .port_info 3 /INPUT 16 "angle_in";
    .port_info 4 /OUTPUT 1 "valid_out_folded";
    .port_info 5 /OUTPUT 16 "phase_out_folded";
P_0x55f3192b0c00 .param/l "CONST_2PI" 1 9 13, +C4<00000000000000000110010010001000>;
P_0x55f3192b0c40 .param/l "CONST_HALF_PI" 1 9 15, +C4<00000000000000000001100100100010>;
P_0x55f3192b0c80 .param/l "CONST_PI" 1 9 14, +C4<00000000000000000011001001000100>;
v0x55f3192b0fe0_0 .var/s "angle_32", 31 0;
v0x55f3192b10e0_0 .net/s "angle_in", 15 0, v0x55f3192cb6e0_0;  alias, 1 drivers
v0x55f3192b11c0_0 .var/s "centered", 31 0;
v0x55f3192b1280_0 .net "clk", 0 0, v0x55f3192d6c70_0;  alias, 1 drivers
v0x55f3192b1320_0 .var/s "folded", 31 0;
v0x55f3192b1450_0 .var/s "phase_out_folded", 15 0;
v0x55f3192b1530_0 .net "rst_in", 0 0, v0x55f3192d73f0_0;  alias, 1 drivers
v0x55f3192b15d0_0 .net "valid_in", 0 0, v0x55f3192cbb40_0;  alias, 1 drivers
v0x55f3192b1690_0 .var "valid_out_folded", 0 0;
E_0x55f3192b0f60 .event anyedge, v0x55f3192b10e0_0, v0x55f3192b0fe0_0, v0x55f3192b11c0_0;
S_0x55f3192b1850 .scope module, "u_cordic" "cordic_wrapper" 8 18, 10 4 0, S_0x55f3192b0740;
 .timescale -9 -12;
    .port_info 0 /INPUT 1 "clk";
    .port_info 1 /INPUT 1 "rst_in";
    .port_info 2 /INPUT 1 "valid_in";
    .port_info 3 /INPUT 16 "phase_in";
    .port_info 4 /OUTPUT 1 "valid_out";
    .port_info 5 /OUTPUT 16 "sin_out";
    .port_info 6 /OUTPUT 16 "cos_out";
L_0x55f3192ea7a0 .functor BUFZ 16, v0x55f3192b1450_0, C4<0000000000000000>, C4<0000000000000000>, C4<0000000000000000>;
L_0x55f3192ea860 .functor BUFZ 1, v0x55f3192b1690_0, C4<0>, C4<0>, C4<0>;
L_0x55f3192ea920 .functor BUFZ 1, v0x55f3192c8080_0, C4<0>, C4<0>, C4<0>;
L_0x55f3192ea990 .functor BUFZ 16, v0x55f3192c82b0_0, C4<0000000000000000>, C4<0000000000000000>, C4<0000000000000000>;
L_0x55f3192eaa50 .functor BUFZ 16, v0x55f3192c8620_0, C4<0000000000000000>, C4<0000000000000000>, C4<0000000000000000>;
v0x55f3192c8c10_0 .net "clk", 0 0, v0x55f3192d6c70_0;  alias, 1 drivers
v0x55f3192c8cd0_0 .net/s "cos_out", 15 0, L_0x55f3192ea990;  alias, 1 drivers
v0x55f3192c8db0_0 .net/s "phase_in", 15 0, v0x55f3192b1450_0;  alias, 1 drivers
v0x55f3192c8eb0_0 .net "rst_in", 0 0, v0x55f3192d73f0_0;  alias, 1 drivers
v0x55f3192c8f50_0 .net/s "sin_out", 15 0, L_0x55f3192eaa50;  alias, 1 drivers
v0x55f3192c9010_0 .net "valid_in", 0 0, v0x55f3192b1690_0;  alias, 1 drivers
v0x55f3192c90b0_0 .net "valid_out", 0 0, L_0x55f3192ea920;  alias, 1 drivers
v0x55f3192c9150 .array "valid_pipe", 16 0;
v0x55f3192c9150_0 .net v0x55f3192c9150 0, 0 0, L_0x55f3192ea860; 1 drivers
v0x55f3192c9150_1 .net v0x55f3192c9150 1, 0 0, v0x55f3192b2610_0; 1 drivers
v0x55f3192c9150_2 .net v0x55f3192c9150 2, 0 0, v0x55f3192b3d10_0; 1 drivers
v0x55f3192c9150_3 .net v0x55f3192c9150 3, 0 0, v0x55f3192b5380_0; 1 drivers
v0x55f3192c9150_4 .net v0x55f3192c9150 4, 0 0, v0x55f3192b6aa0_0; 1 drivers
v0x55f3192c9150_5 .net v0x55f3192c9150 5, 0 0, v0x55f3192b81e0_0; 1 drivers
v0x55f3192c9150_6 .net v0x55f3192c9150 6, 0 0, v0x55f3192b9900_0; 1 drivers
v0x55f3192c9150_7 .net v0x55f3192c9150 7, 0 0, v0x55f3192bb020_0; 1 drivers
v0x55f3192c9150_8 .net v0x55f3192c9150 8, 0 0, v0x55f3192bc740_0; 1 drivers
v0x55f3192c9150_9 .net v0x55f3192c9150 9, 0 0, v0x55f3192bdea0_0; 1 drivers
v0x55f3192c9150_10 .net v0x55f3192c9150 10, 0 0, v0x55f3192bf5c0_0; 1 drivers
v0x55f3192c9150_11 .net v0x55f3192c9150 11, 0 0, v0x55f3192c0ce0_0; 1 drivers
v0x55f3192c9150_12 .net v0x55f3192c9150 12, 0 0, v0x55f3192c2400_0; 1 drivers
v0x55f3192c9150_13 .net v0x55f3192c9150 13, 0 0, v0x55f3192c3b20_0; 1 drivers
v0x55f3192c9150_14 .net v0x55f3192c9150 14, 0 0, v0x55f3192c5240_0; 1 drivers
v0x55f3192c9150_15 .net v0x55f3192c9150 15, 0 0, v0x55f3192c6960_0; 1 drivers
v0x55f3192c9150_16 .net v0x55f3192c9150 16, 0 0, v0x55f3192c8080_0; 1 drivers
L_0x7f9672c76450 .functor BUFT 1, C4<0000100110110111>, C4<0>, C4<0>, C4<0>;
v0x55f3192c9760 .array "x_pipe", 16 0;
v0x55f3192c9760_0 .net/s v0x55f3192c9760 0, 15 0, L_0x7f9672c76450; 1 drivers
v0x55f3192c9760_1 .net/s v0x55f3192c9760 1, 15 0, v0x55f3192b28c0_0; 1 drivers
v0x55f3192c9760_2 .net/s v0x55f3192c9760 2, 15 0, v0x55f3192b3f40_0; 1 drivers
v0x55f3192c9760_3 .net/s v0x55f3192c9760 3, 15 0, v0x55f3192b55b0_0; 1 drivers
v0x55f3192c9760_4 .net/s v0x55f3192c9760 4, 15 0, v0x55f3192b6cd0_0; 1 drivers
v0x55f3192c9760_5 .net/s v0x55f3192c9760 5, 15 0, v0x55f3192b8410_0; 1 drivers
v0x55f3192c9760_6 .net/s v0x55f3192c9760 6, 15 0, v0x55f3192b9b30_0; 1 drivers
v0x55f3192c9760_7 .net/s v0x55f3192c9760 7, 15 0, v0x55f3192bb250_0; 1 drivers
v0x55f3192c9760_8 .net/s v0x55f3192c9760 8, 15 0, v0x55f3192bc970_0; 1 drivers
v0x55f3192c9760_9 .net/s v0x55f3192c9760 9, 15 0, v0x55f3192be0d0_0; 1 drivers
v0x55f3192c9760_10 .net/s v0x55f3192c9760 10, 15 0, v0x55f3192bf7f0_0; 1 drivers
v0x55f3192c9760_11 .net/s v0x55f3192c9760 11, 15 0, v0x55f3192c0f10_0; 1 drivers
v0x55f3192c9760_12 .net/s v0x55f3192c9760 12, 15 0, v0x55f3192c2630_0; 1 drivers
v0x55f3192c9760_13 .net/s v0x55f3192c9760 13, 15 0, v0x55f3192c3d50_0; 1 drivers
v0x55f3192c9760_14 .net/s v0x55f3192c9760 14, 15 0, v0x55f3192c5470_0; 1 drivers
v0x55f3192c9760_15 .net/s v0x55f3192c9760 15, 15 0, v0x55f3192c6b90_0; 1 drivers
v0x55f3192c9760_16 .net/s v0x55f3192c9760 16, 15 0, v0x55f3192c82b0_0; 1 drivers
L_0x7f9672c76498 .functor BUFT 1, C4<0000000000000000>, C4<0>, C4<0>, C4<0>;
v0x55f3192c9d80 .array "y_pipe", 16 0;
v0x55f3192c9d80_0 .net/s v0x55f3192c9d80 0, 15 0, L_0x7f9672c76498; 1 drivers
v0x55f3192c9d80_1 .net/s v0x55f3192c9d80 1, 15 0, v0x55f3192b2c40_0; 1 drivers
v0x55f3192c9d80_2 .net/s v0x55f3192c9d80 2, 15 0, v0x55f3192b4280_0; 1 drivers
v0x55f3192c9d80_3 .net/s v0x55f3192c9d80 3, 15 0, v0x55f3192b5920_0; 1 drivers
v0x55f3192c9d80_4 .net/s v0x55f3192c9d80 4, 15 0, v0x55f3192b7040_0; 1 drivers
v0x55f3192c9d80_5 .net/s v0x55f3192c9d80 5, 15 0, v0x55f3192b8780_0; 1 drivers
v0x55f3192c9d80_6 .net/s v0x55f3192c9d80 6, 15 0, v0x55f3192b9ea0_0; 1 drivers
v0x55f3192c9d80_7 .net/s v0x55f3192c9d80 7, 15 0, v0x55f3192bb5c0_0; 1 drivers
v0x55f3192c9d80_8 .net/s v0x55f3192c9d80 8, 15 0, v0x55f3192bcce0_0; 1 drivers
v0x55f3192c9d80_9 .net/s v0x55f3192c9d80 9, 15 0, v0x55f3192be440_0; 1 drivers
v0x55f3192c9d80_10 .net/s v0x55f3192c9d80 10, 15 0, v0x55f3192bfb60_0; 1 drivers
v0x55f3192c9d80_11 .net/s v0x55f3192c9d80 11, 15 0, v0x55f3192c1280_0; 1 drivers
v0x55f3192c9d80_12 .net/s v0x55f3192c9d80 12, 15 0, v0x55f3192c29a0_0; 1 drivers
v0x55f3192c9d80_13 .net/s v0x55f3192c9d80 13, 15 0, v0x55f3192c40c0_0; 1 drivers
v0x55f3192c9d80_14 .net/s v0x55f3192c9d80 14, 15 0, v0x55f3192c57e0_0; 1 drivers
v0x55f3192c9d80_15 .net/s v0x55f3192c9d80 15, 15 0, v0x55f3192c6f00_0; 1 drivers
v0x55f3192c9d80_16 .net/s v0x55f3192c9d80 16, 15 0, v0x55f3192c8620_0; 1 drivers
v0x55f3192ca360 .array "z_pipe", 16 0;
v0x55f3192ca360_0 .net/s v0x55f3192ca360 0, 15 0, L_0x55f3192ea7a0; 1 drivers
v0x55f3192ca360_1 .net/s v0x55f3192ca360 1, 15 0, v0x55f3192b2fc0_0; 1 drivers
v0x55f3192ca360_2 .net/s v0x55f3192ca360 2, 15 0, v0x55f3192b45c0_0; 1 drivers
v0x55f3192ca360_3 .net/s v0x55f3192ca360 3, 15 0, v0x55f3192b5c90_0; 1 drivers
v0x55f3192ca360_4 .net/s v0x55f3192ca360 4, 15 0, v0x55f3192b73b0_0; 1 drivers
v0x55f3192ca360_5 .net/s v0x55f3192ca360 5, 15 0, v0x55f3192b8af0_0; 1 drivers
v0x55f3192ca360_6 .net/s v0x55f3192ca360 6, 15 0, v0x55f3192ba210_0; 1 drivers
v0x55f3192ca360_7 .net/s v0x55f3192ca360 7, 15 0, v0x55f3192bb930_0; 1 drivers
v0x55f3192ca360_8 .net/s v0x55f3192ca360 8, 15 0, v0x55f3192bd050_0; 1 drivers
v0x55f3192ca360_9 .net/s v0x55f3192ca360 9, 15 0, v0x55f3192be7b0_0; 1 drivers
v0x55f3192ca360_10 .net/s v0x55f3192ca360 10, 15 0, v0x55f3192bfed0_0; 1 drivers
v0x55f3192ca360_11 .net/s v0x55f3192ca360 11, 15 0, v0x55f3192c15f0_0; 1 drivers
v0x55f3192ca360_12 .net/s v0x55f3192ca360 12, 15 0, v0x55f3192c2d10_0; 1 drivers
v0x55f3192ca360_13 .net/s v0x55f3192ca360 13, 15 0, v0x55f3192c4430_0; 1 drivers
v0x55f3192ca360_14 .net/s v0x55f3192ca360 14, 15 0, v0x55f3192c5b50_0; 1 drivers
v0x55f3192ca360_15 .net/s v0x55f3192ca360 15, 15 0, v0x55f3192c7270_0; 1 drivers
v0x55f3192ca360_16 .net/s v0x55f3192ca360 16, 15 0, v0x55f3192c8990_0; 1 drivers
S_0x55f3192b1af0 .scope generate, "gen_cordic_stages[0]" "gen_cordic_stages[0]" 10 26, 10 26 0, S_0x55f3192b1850;
 .timescale -9 -12;
P_0x55f3192b1cf0 .param/l "i" 1 10 26, +C4<00>;
S_0x55f3192b1dd0 .scope module, "u_stage" "cordic_stage" 10 31, 11 4 0, S_0x55f3192b1af0;
 .timescale -9 -12;
    .port_info 0 /INPUT 1 "clk";
    .port_info 1 /INPUT 1 "rst_n";
    .port_info 2 /INPUT 1 "valid_in";
    .port_info 3 /INPUT 16 "x_in";
    .port_info 4 /INPUT 16 "y_in";
    .port_info 5 /INPUT 16 "z_in";
    .port_info 6 /OUTPUT 1 "valid_out";
    .port_info 7 /OUTPUT 16 "x_out";
    .port_info 8 /OUTPUT 16 "y_out";
    .port_info 9 /OUTPUT 16 "z_out";
P_0x55f3192b1fb0 .param/l "ATAN_VAL" 0 11 8, +C4<0000110010010001>;
P_0x55f3192b1ff0 .param/l "DATA_WIDTH" 0 11 6, +C4<00000000000000000000000000010000>;
P_0x55f3192b2030 .param/l "STAGE_IDX" 0 11 7, +C4<00000000000000000000000000000000>;
v0x55f3192b23f0_0 .net "clk", 0 0, v0x55f3192d6c70_0;  alias, 1 drivers
v0x55f3192b24b0_0 .net "rst_n", 0 0, v0x55f3192d73f0_0;  alias, 1 drivers
v0x55f3192b2570_0 .net "valid_in", 0 0, L_0x55f3192ea860;  alias, 1 drivers
v0x55f3192b2610_0 .var "valid_out", 0 0;
v0x55f3192b26b0_0 .net/s "x_in", 15 0, L_0x7f9672c76450;  alias, 1 drivers
v0x55f3192b27e0_0 .var/s "x_next", 15 0;
v0x55f3192b28c0_0 .var/s "x_out", 15 0;
v0x55f3192b29a0_0 .var/s "x_shift", 15 0;
v0x55f3192b2a80_0 .net/s "y_in", 15 0, L_0x7f9672c76498;  alias, 1 drivers
v0x55f3192b2b60_0 .var/s "y_next", 15 0;
v0x55f3192b2c40_0 .var/s "y_out", 15 0;
v0x55f3192b2d20_0 .var/s "y_shift", 15 0;
v0x55f3192b2e00_0 .net/s "z_in", 15 0, L_0x55f3192ea7a0;  alias, 1 drivers
v0x55f3192b2ee0_0 .var/s "z_next", 15 0;
v0x55f3192b2fc0_0 .var/s "z_out", 15 0;
E_0x55f3192b2370 .event anyedge, v0x55f3192b26b0_0, v0x55f3192b2a80_0, v0x55f3192b2e00_0;
S_0x55f3192b3240 .scope generate, "gen_cordic_stages[1]" "gen_cordic_stages[1]" 10 26, 10 26 0, S_0x55f3192b1850;
 .timescale -9 -12;
P_0x55f3192b3410 .param/l "i" 1 10 26, +C4<01>;
S_0x55f3192b34d0 .scope module, "u_stage" "cordic_stage" 10 31, 11 4 0, S_0x55f3192b3240;
 .timescale -9 -12;
    .port_info 0 /INPUT 1 "clk";
    .port_info 1 /INPUT 1 "rst_n";
    .port_info 2 /INPUT 1 "valid_in";
    .port_info 3 /INPUT 16 "x_in";
    .port_info 4 /INPUT 16 "y_in";
    .port_info 5 /INPUT 16 "z_in";
    .port_info 6 /OUTPUT 1 "valid_out";
    .port_info 7 /OUTPUT 16 "x_out";
    .port_info 8 /OUTPUT 16 "y_out";
    .port_info 9 /OUTPUT 16 "z_out";
P_0x55f3192b36b0 .param/l "ATAN_VAL" 0 11 8, +C4<0000011101101011>;
P_0x55f3192b36f0 .param/l "DATA_WIDTH" 0 11 6, +C4<00000000000000000000000000010000>;
P_0x55f3192b3730 .param/l "STAGE_IDX" 0 11 7, +C4<00000000000000000000000000000001>;
v0x55f3192b3af0_0 .net "clk", 0 0, v0x55f3192d6c70_0;  alias, 1 drivers
v0x55f3192b3bb0_0 .net "rst_n", 0 0, v0x55f3192d73f0_0;  alias, 1 drivers
v0x55f3192b3c70_0 .net "valid_in", 0 0, v0x55f3192b2610_0;  alias, 1 drivers
v0x55f3192b3d10_0 .var "valid_out", 0 0;
v0x55f3192b3db0_0 .net/s "x_in", 15 0, v0x55f3192b28c0_0;  alias, 1 drivers
v0x55f3192b3ea0_0 .var/s "x_next", 15 0;
v0x55f3192b3f40_0 .var/s "x_out", 15 0;
v0x55f3192b4020_0 .var/s "x_shift", 15 0;
v0x55f3192b4100_0 .net/s "y_in", 15 0, v0x55f3192b2c40_0;  alias, 1 drivers
v0x55f3192b41c0_0 .var/s "y_next", 15 0;
v0x55f3192b4280_0 .var/s "y_out", 15 0;
v0x55f3192b4360_0 .var/s "y_shift", 15 0;
v0x55f3192b4440_0 .net/s "z_in", 15 0, v0x55f3192b2fc0_0;  alias, 1 drivers
v0x55f3192b4500_0 .var/s "z_next", 15 0;
v0x55f3192b45c0_0 .var/s "z_out", 15 0;
E_0x55f3192b3a70 .event anyedge, v0x55f3192b28c0_0, v0x55f3192b2c40_0, v0x55f3192b2fc0_0;
S_0x55f3192b4840 .scope generate, "gen_cordic_stages[2]" "gen_cordic_stages[2]" 10 26, 10 26 0, S_0x55f3192b1850;
 .timescale -9 -12;
P_0x55f3192b49f0 .param/l "i" 1 10 26, +C4<010>;
S_0x55f3192b4ab0 .scope module, "u_stage" "cordic_stage" 10 31, 11 4 0, S_0x55f3192b4840;
 .timescale -9 -12;
    .port_info 0 /INPUT 1 "clk";
    .port_info 1 /INPUT 1 "rst_n";
    .port_info 2 /INPUT 1 "valid_in";
    .port_info 3 /INPUT 16 "x_in";
    .port_info 4 /INPUT 16 "y_in";
    .port_info 5 /INPUT 16 "z_in";
    .port_info 6 /OUTPUT 1 "valid_out";
    .port_info 7 /OUTPUT 16 "x_out";
    .port_info 8 /OUTPUT 16 "y_out";
    .port_info 9 /OUTPUT 16 "z_out";
P_0x55f3192b4c90 .param/l "ATAN_VAL" 0 11 8, +C4<0000001111101011>;
P_0x55f3192b4cd0 .param/l "DATA_WIDTH" 0 11 6, +C4<00000000000000000000000000010000>;
P_0x55f3192b4d10 .param/l "STAGE_IDX" 0 11 7, +C4<00000000000000000000000000000010>;
v0x55f3192b5100_0 .net "clk", 0 0, v0x55f3192d6c70_0;  alias, 1 drivers
v0x55f3192b51c0_0 .net "rst_n", 0 0, v0x55f3192d73f0_0;  alias, 1 drivers
v0x55f3192b5280_0 .net "valid_in", 0 0, v0x55f3192b3d10_0;  alias, 1 drivers
v0x55f3192b5380_0 .var "valid_out", 0 0;
v0x55f3192b5420_0 .net/s "x_in", 15 0, v0x55f3192b3f40_0;  alias, 1 drivers
v0x55f3192b5510_0 .var/s "x_next", 15 0;
v0x55f3192b55b0_0 .var/s "x_out", 15 0;
v0x55f3192b5690_0 .var/s "x_shift", 15 0;
v0x55f3192b5770_0 .net/s "y_in", 15 0, v0x55f3192b4280_0;  alias, 1 drivers
v0x55f3192b5860_0 .var/s "y_next", 15 0;
v0x55f3192b5920_0 .var/s "y_out", 15 0;
v0x55f3192b5a00_0 .var/s "y_shift", 15 0;
v0x55f3192b5ae0_0 .net/s "z_in", 15 0, v0x55f3192b45c0_0;  alias, 1 drivers
v0x55f3192b5bd0_0 .var/s "z_next", 15 0;
v0x55f3192b5c90_0 .var/s "z_out", 15 0;
E_0x55f3192b5080 .event anyedge, v0x55f3192b3f40_0, v0x55f3192b4280_0, v0x55f3192b45c0_0;
S_0x55f3192b5f10 .scope generate, "gen_cordic_stages[3]" "gen_cordic_stages[3]" 10 26, 10 26 0, S_0x55f3192b1850;
 .timescale -9 -12;
P_0x55f3192b60c0 .param/l "i" 1 10 26, +C4<011>;
S_0x55f3192b61a0 .scope module, "u_stage" "cordic_stage" 10 31, 11 4 0, S_0x55f3192b5f10;
 .timescale -9 -12;
    .port_info 0 /INPUT 1 "clk";
    .port_info 1 /INPUT 1 "rst_n";
    .port_info 2 /INPUT 1 "valid_in";
    .port_info 3 /INPUT 16 "x_in";
    .port_info 4 /INPUT 16 "y_in";
    .port_info 5 /INPUT 16 "z_in";
    .port_info 6 /OUTPUT 1 "valid_out";
    .port_info 7 /OUTPUT 16 "x_out";
    .port_info 8 /OUTPUT 16 "y_out";
    .port_info 9 /OUTPUT 16 "z_out";
P_0x55f3192b6380 .param/l "ATAN_VAL" 0 11 8, +C4<0000000111111101>;
P_0x55f3192b63c0 .param/l "DATA_WIDTH" 0 11 6, +C4<00000000000000000000000000010000>;
P_0x55f3192b6400 .param/l "STAGE_IDX" 0 11 7, +C4<00000000000000000000000000000011>;
v0x55f3192b6820_0 .net "clk", 0 0, v0x55f3192d6c70_0;  alias, 1 drivers
v0x55f3192b68e0_0 .net "rst_n", 0 0, v0x55f3192d73f0_0;  alias, 1 drivers
v0x55f3192b69a0_0 .net "valid_in", 0 0, v0x55f3192b5380_0;  alias, 1 drivers
v0x55f3192b6aa0_0 .var "valid_out", 0 0;
v0x55f3192b6b40_0 .net/s "x_in", 15 0, v0x55f3192b55b0_0;  alias, 1 drivers
v0x55f3192b6c30_0 .var/s "x_next", 15 0;
v0x55f3192b6cd0_0 .var/s "x_out", 15 0;
v0x55f3192b6db0_0 .var/s "x_shift", 15 0;
v0x55f3192b6e90_0 .net/s "y_in", 15 0, v0x55f3192b5920_0;  alias, 1 drivers
v0x55f3192b6f80_0 .var/s "y_next", 15 0;
v0x55f3192b7040_0 .var/s "y_out", 15 0;
v0x55f3192b7120_0 .var/s "y_shift", 15 0;
v0x55f3192b7200_0 .net/s "z_in", 15 0, v0x55f3192b5c90_0;  alias, 1 drivers
v0x55f3192b72f0_0 .var/s "z_next", 15 0;
v0x55f3192b73b0_0 .var/s "z_out", 15 0;
E_0x55f3192b67a0 .event anyedge, v0x55f3192b55b0_0, v0x55f3192b5920_0, v0x55f3192b5c90_0;
S_0x55f3192b7630 .scope generate, "gen_cordic_stages[4]" "gen_cordic_stages[4]" 10 26, 10 26 0, S_0x55f3192b1850;
 .timescale -9 -12;
P_0x55f3192b7830 .param/l "i" 1 10 26, +C4<0100>;
S_0x55f3192b7910 .scope module, "u_stage" "cordic_stage" 10 31, 11 4 0, S_0x55f3192b7630;
 .timescale -9 -12;
    .port_info 0 /INPUT 1 "clk";
    .port_info 1 /INPUT 1 "rst_n";
    .port_info 2 /INPUT 1 "valid_in";
    .port_info 3 /INPUT 16 "x_in";
    .port_info 4 /INPUT 16 "y_in";
    .port_info 5 /INPUT 16 "z_in";
    .port_info 6 /OUTPUT 1 "valid_out";
    .port_info 7 /OUTPUT 16 "x_out";
    .port_info 8 /OUTPUT 16 "y_out";
    .port_info 9 /OUTPUT 16 "z_out";
P_0x55f3192b7af0 .param/l "ATAN_VAL" 0 11 8, +C4<0000000100000000>;
P_0x55f3192b7b30 .param/l "DATA_WIDTH" 0 11 6, +C4<00000000000000000000000000010000>;
P_0x55f3192b7b70 .param/l "STAGE_IDX" 0 11 7, +C4<00000000000000000000000000000100>;
v0x55f3192b7f60_0 .net "clk", 0 0, v0x55f3192d6c70_0;  alias, 1 drivers
v0x55f3192b8020_0 .net "rst_n", 0 0, v0x55f3192d73f0_0;  alias, 1 drivers
v0x55f3192b80e0_0 .net "valid_in", 0 0, v0x55f3192b6aa0_0;  alias, 1 drivers
v0x55f3192b81e0_0 .var "valid_out", 0 0;
v0x55f3192b8280_0 .net/s "x_in", 15 0, v0x55f3192b6cd0_0;  alias, 1 drivers
v0x55f3192b8370_0 .var/s "x_next", 15 0;
v0x55f3192b8410_0 .var/s "x_out", 15 0;
v0x55f3192b84f0_0 .var/s "x_shift", 15 0;
v0x55f3192b85d0_0 .net/s "y_in", 15 0, v0x55f3192b7040_0;  alias, 1 drivers
v0x55f3192b86c0_0 .var/s "y_next", 15 0;
v0x55f3192b8780_0 .var/s "y_out", 15 0;
v0x55f3192b8860_0 .var/s "y_shift", 15 0;
v0x55f3192b8940_0 .net/s "z_in", 15 0, v0x55f3192b73b0_0;  alias, 1 drivers
v0x55f3192b8a30_0 .var/s "z_next", 15 0;
v0x55f3192b8af0_0 .var/s "z_out", 15 0;
E_0x55f3192b7ee0 .event anyedge, v0x55f3192b6cd0_0, v0x55f3192b7040_0, v0x55f3192b73b0_0;
S_0x55f3192b8d70 .scope generate, "gen_cordic_stages[5]" "gen_cordic_stages[5]" 10 26, 10 26 0, S_0x55f3192b1850;
 .timescale -9 -12;
P_0x55f3192b8f20 .param/l "i" 1 10 26, +C4<0101>;
S_0x55f3192b9000 .scope module, "u_stage" "cordic_stage" 10 31, 11 4 0, S_0x55f3192b8d70;
 .timescale -9 -12;
    .port_info 0 /INPUT 1 "clk";
    .port_info 1 /INPUT 1 "rst_n";
    .port_info 2 /INPUT 1 "valid_in";
    .port_info 3 /INPUT 16 "x_in";
    .port_info 4 /INPUT 16 "y_in";
    .port_info 5 /INPUT 16 "z_in";
    .port_info 6 /OUTPUT 1 "valid_out";
    .port_info 7 /OUTPUT 16 "x_out";
    .port_info 8 /OUTPUT 16 "y_out";
    .port_info 9 /OUTPUT 16 "z_out";
P_0x55f3192b91e0 .param/l "ATAN_VAL" 0 11 8, +C4<0000000010000000>;
P_0x55f3192b9220 .param/l "DATA_WIDTH" 0 11 6, +C4<00000000000000000000000000010000>;
P_0x55f3192b9260 .param/l "STAGE_IDX" 0 11 7, +C4<00000000000000000000000000000101>;
v0x55f3192b9680_0 .net "clk", 0 0, v0x55f3192d6c70_0;  alias, 1 drivers
v0x55f3192b9740_0 .net "rst_n", 0 0, v0x55f3192d73f0_0;  alias, 1 drivers
v0x55f3192b9800_0 .net "valid_in", 0 0, v0x55f3192b81e0_0;  alias, 1 drivers
v0x55f3192b9900_0 .var "valid_out", 0 0;
v0x55f3192b99a0_0 .net/s "x_in", 15 0, v0x55f3192b8410_0;  alias, 1 drivers
v0x55f3192b9a90_0 .var/s "x_next", 15 0;
v0x55f3192b9b30_0 .var/s "x_out", 15 0;
v0x55f3192b9c10_0 .var/s "x_shift", 15 0;
v0x55f3192b9cf0_0 .net/s "y_in", 15 0, v0x55f3192b8780_0;  alias, 1 drivers
v0x55f3192b9de0_0 .var/s "y_next", 15 0;
v0x55f3192b9ea0_0 .var/s "y_out", 15 0;
v0x55f3192b9f80_0 .var/s "y_shift", 15 0;
v0x55f3192ba060_0 .net/s "z_in", 15 0, v0x55f3192b8af0_0;  alias, 1 drivers
v0x55f3192ba150_0 .var/s "z_next", 15 0;
v0x55f3192ba210_0 .var/s "z_out", 15 0;
E_0x55f3192b9600 .event anyedge, v0x55f3192b8410_0, v0x55f3192b8780_0, v0x55f3192b8af0_0;
S_0x55f3192ba490 .scope generate, "gen_cordic_stages[6]" "gen_cordic_stages[6]" 10 26, 10 26 0, S_0x55f3192b1850;
 .timescale -9 -12;
P_0x55f3192ba640 .param/l "i" 1 10 26, +C4<0110>;
S_0x55f3192ba720 .scope module, "u_stage" "cordic_stage" 10 31, 11 4 0, S_0x55f3192ba490;
 .timescale -9 -12;
    .port_info 0 /INPUT 1 "clk";
    .port_info 1 /INPUT 1 "rst_n";
    .port_info 2 /INPUT 1 "valid_in";
    .port_info 3 /INPUT 16 "x_in";
    .port_info 4 /INPUT 16 "y_in";
    .port_info 5 /INPUT 16 "z_in";
    .port_info 6 /OUTPUT 1 "valid_out";
    .port_info 7 /OUTPUT 16 "x_out";
    .port_info 8 /OUTPUT 16 "y_out";
    .port_info 9 /OUTPUT 16 "z_out";
P_0x55f3192ba900 .param/l "ATAN_VAL" 0 11 8, +C4<0000000001000000>;
P_0x55f3192ba940 .param/l "DATA_WIDTH" 0 11 6, +C4<00000000000000000000000000010000>;
P_0x55f3192ba980 .param/l "STAGE_IDX" 0 11 7, +C4<00000000000000000000000000000110>;
v0x55f3192bada0_0 .net "clk", 0 0, v0x55f3192d6c70_0;  alias, 1 drivers
v0x55f3192bae60_0 .net "rst_n", 0 0, v0x55f3192d73f0_0;  alias, 1 drivers
v0x55f3192baf20_0 .net "valid_in", 0 0, v0x55f3192b9900_0;  alias, 1 drivers
v0x55f3192bb020_0 .var "valid_out", 0 0;
v0x55f3192bb0c0_0 .net/s "x_in", 15 0, v0x55f3192b9b30_0;  alias, 1 drivers
v0x55f3192bb1b0_0 .var/s "x_next", 15 0;
v0x55f3192bb250_0 .var/s "x_out", 15 0;
v0x55f3192bb330_0 .var/s "x_shift", 15 0;
v0x55f3192bb410_0 .net/s "y_in", 15 0, v0x55f3192b9ea0_0;  alias, 1 drivers
v0x55f3192bb500_0 .var/s "y_next", 15 0;
v0x55f3192bb5c0_0 .var/s "y_out", 15 0;
v0x55f3192bb6a0_0 .var/s "y_shift", 15 0;
v0x55f3192bb780_0 .net/s "z_in", 15 0, v0x55f3192ba210_0;  alias, 1 drivers
v0x55f3192bb870_0 .var/s "z_next", 15 0;
v0x55f3192bb930_0 .var/s "z_out", 15 0;
E_0x55f3192bad20 .event anyedge, v0x55f3192b9b30_0, v0x55f3192b9ea0_0, v0x55f3192ba210_0;
S_0x55f3192bbbb0 .scope generate, "gen_cordic_stages[7]" "gen_cordic_stages[7]" 10 26, 10 26 0, S_0x55f3192b1850;
 .timescale -9 -12;
P_0x55f3192bbd60 .param/l "i" 1 10 26, +C4<0111>;
S_0x55f3192bbe40 .scope module, "u_stage" "cordic_stage" 10 31, 11 4 0, S_0x55f3192bbbb0;
 .timescale -9 -12;
    .port_info 0 /INPUT 1 "clk";
    .port_info 1 /INPUT 1 "rst_n";
    .port_info 2 /INPUT 1 "valid_in";
    .port_info 3 /INPUT 16 "x_in";
    .port_info 4 /INPUT 16 "y_in";
    .port_info 5 /INPUT 16 "z_in";
    .port_info 6 /OUTPUT 1 "valid_out";
    .port_info 7 /OUTPUT 16 "x_out";
    .port_info 8 /OUTPUT 16 "y_out";
    .port_info 9 /OUTPUT 16 "z_out";
P_0x55f3192bc020 .param/l "ATAN_VAL" 0 11 8, +C4<0000000000100000>;
P_0x55f3192bc060 .param/l "DATA_WIDTH" 0 11 6, +C4<00000000000000000000000000010000>;
P_0x55f3192bc0a0 .param/l "STAGE_IDX" 0 11 7, +C4<00000000000000000000000000000111>;
v0x55f3192bc4c0_0 .net "clk", 0 0, v0x55f3192d6c70_0;  alias, 1 drivers
v0x55f3192bc580_0 .net "rst_n", 0 0, v0x55f3192d73f0_0;  alias, 1 drivers
v0x55f3192bc640_0 .net "valid_in", 0 0, v0x55f3192bb020_0;  alias, 1 drivers
v0x55f3192bc740_0 .var "valid_out", 0 0;
v0x55f3192bc7e0_0 .net/s "x_in", 15 0, v0x55f3192bb250_0;  alias, 1 drivers
v0x55f3192bc8d0_0 .var/s "x_next", 15 0;
v0x55f3192bc970_0 .var/s "x_out", 15 0;
v0x55f3192bca50_0 .var/s "x_shift", 15 0;
v0x55f3192bcb30_0 .net/s "y_in", 15 0, v0x55f3192bb5c0_0;  alias, 1 drivers
v0x55f3192bcc20_0 .var/s "y_next", 15 0;
v0x55f3192bcce0_0 .var/s "y_out", 15 0;
v0x55f3192bcdc0_0 .var/s "y_shift", 15 0;
v0x55f3192bcea0_0 .net/s "z_in", 15 0, v0x55f3192bb930_0;  alias, 1 drivers
v0x55f3192bcf90_0 .var/s "z_next", 15 0;
v0x55f3192bd050_0 .var/s "z_out", 15 0;
E_0x55f3192bc440 .event anyedge, v0x55f3192bb250_0, v0x55f3192bb5c0_0, v0x55f3192bb930_0;
S_0x55f3192bd2d0 .scope generate, "gen_cordic_stages[8]" "gen_cordic_stages[8]" 10 26, 10 26 0, S_0x55f3192b1850;
 .timescale -9 -12;
P_0x55f3192b77e0 .param/l "i" 1 10 26, +C4<01000>;
S_0x55f3192bd5a0 .scope module, "u_stage" "cordic_stage" 10 31, 11 4 0, S_0x55f3192bd2d0;
 .timescale -9 -12;
    .port_info 0 /INPUT 1 "clk";
    .port_info 1 /INPUT 1 "rst_n";
    .port_info 2 /INPUT 1 "valid_in";
    .port_info 3 /INPUT 16 "x_in";
    .port_info 4 /INPUT 16 "y_in";
    .port_info 5 /INPUT 16 "z_in";
    .port_info 6 /OUTPUT 1 "valid_out";
    .port_info 7 /OUTPUT 16 "x_out";
    .port_info 8 /OUTPUT 16 "y_out";
    .port_info 9 /OUTPUT 16 "z_out";
P_0x55f3192bd780 .param/l "ATAN_VAL" 0 11 8, +C4<0000000000010000>;
P_0x55f3192bd7c0 .param/l "DATA_WIDTH" 0 11 6, +C4<00000000000000000000000000010000>;
P_0x55f3192bd800 .param/l "STAGE_IDX" 0 11 7, +C4<00000000000000000000000000001000>;
v0x55f3192bdc20_0 .net "clk", 0 0, v0x55f3192d6c70_0;  alias, 1 drivers
v0x55f3192bdce0_0 .net "rst_n", 0 0, v0x55f3192d73f0_0;  alias, 1 drivers
v0x55f3192bdda0_0 .net "valid_in", 0 0, v0x55f3192bc740_0;  alias, 1 drivers
v0x55f3192bdea0_0 .var "valid_out", 0 0;
v0x55f3192bdf40_0 .net/s "x_in", 15 0, v0x55f3192bc970_0;  alias, 1 drivers
v0x55f3192be030_0 .var/s "x_next", 15 0;
v0x55f3192be0d0_0 .var/s "x_out", 15 0;
v0x55f3192be1b0_0 .var/s "x_shift", 15 0;
v0x55f3192be290_0 .net/s "y_in", 15 0, v0x55f3192bcce0_0;  alias, 1 drivers
v0x55f3192be380_0 .var/s "y_next", 15 0;
v0x55f3192be440_0 .var/s "y_out", 15 0;
v0x55f3192be520_0 .var/s "y_shift", 15 0;
v0x55f3192be600_0 .net/s "z_in", 15 0, v0x55f3192bd050_0;  alias, 1 drivers
v0x55f3192be6f0_0 .var/s "z_next", 15 0;
v0x55f3192be7b0_0 .var/s "z_out", 15 0;
E_0x55f3192bdba0 .event anyedge, v0x55f3192bc970_0, v0x55f3192bcce0_0, v0x55f3192bd050_0;
S_0x55f3192bea30 .scope generate, "gen_cordic_stages[9]" "gen_cordic_stages[9]" 10 26, 10 26 0, S_0x55f3192b1850;
 .timescale -9 -12;
P_0x55f3192bebe0 .param/l "i" 1 10 26, +C4<01001>;
S_0x55f3192becc0 .scope module, "u_stage" "cordic_stage" 10 31, 11 4 0, S_0x55f3192bea30;
 .timescale -9 -12;
    .port_info 0 /INPUT 1 "clk";
    .port_info 1 /INPUT 1 "rst_n";
    .port_info 2 /INPUT 1 "valid_in";
    .port_info 3 /INPUT 16 "x_in";
    .port_info 4 /INPUT 16 "y_in";
    .port_info 5 /INPUT 16 "z_in";
    .port_info 6 /OUTPUT 1 "valid_out";
    .port_info 7 /OUTPUT 16 "x_out";
    .port_info 8 /OUTPUT 16 "y_out";
    .port_info 9 /OUTPUT 16 "z_out";
P_0x55f3192beea0 .param/l "ATAN_VAL" 0 11 8, +C4<0000000000001000>;
P_0x55f3192beee0 .param/l "DATA_WIDTH" 0 11 6, +C4<00000000000000000000000000010000>;
P_0x55f3192bef20 .param/l "STAGE_IDX" 0 11 7, +C4<00000000000000000000000000001001>;
v0x55f3192bf340_0 .net "clk", 0 0, v0x55f3192d6c70_0;  alias, 1 drivers
v0x55f3192bf400_0 .net "rst_n", 0 0, v0x55f3192d73f0_0;  alias, 1 drivers
v0x55f3192bf4c0_0 .net "valid_in", 0 0, v0x55f3192bdea0_0;  alias, 1 drivers
v0x55f3192bf5c0_0 .var "valid_out", 0 0;
v0x55f3192bf660_0 .net/s "x_in", 15 0, v0x55f3192be0d0_0;  alias, 1 drivers
v0x55f3192bf750_0 .var/s "x_next", 15 0;
v0x55f3192bf7f0_0 .var/s "x_out", 15 0;
v0x55f3192bf8d0_0 .var/s "x_shift", 15 0;
v0x55f3192bf9b0_0 .net/s "y_in", 15 0, v0x55f3192be440_0;  alias, 1 drivers
v0x55f3192bfaa0_0 .var/s "y_next", 15 0;
v0x55f3192bfb60_0 .var/s "y_out", 15 0;
v0x55f3192bfc40_0 .var/s "y_shift", 15 0;
v0x55f3192bfd20_0 .net/s "z_in", 15 0, v0x55f3192be7b0_0;  alias, 1 drivers
v0x55f3192bfe10_0 .var/s "z_next", 15 0;
v0x55f3192bfed0_0 .var/s "z_out", 15 0;
E_0x55f3192bf2c0 .event anyedge, v0x55f3192be0d0_0, v0x55f3192be440_0, v0x55f3192be7b0_0;
S_0x55f3192c0150 .scope generate, "gen_cordic_stages[10]" "gen_cordic_stages[10]" 10 26, 10 26 0, S_0x55f3192b1850;
 .timescale -9 -12;
P_0x55f3192c0300 .param/l "i" 1 10 26, +C4<01010>;
S_0x55f3192c03e0 .scope module, "u_stage" "cordic_stage" 10 31, 11 4 0, S_0x55f3192c0150;
 .timescale -9 -12;
    .port_info 0 /INPUT 1 "clk";
    .port_info 1 /INPUT 1 "rst_n";
    .port_info 2 /INPUT 1 "valid_in";
    .port_info 3 /INPUT 16 "x_in";
    .port_info 4 /INPUT 16 "y_in";
    .port_info 5 /INPUT 16 "z_in";
    .port_info 6 /OUTPUT 1 "valid_out";
    .port_info 7 /OUTPUT 16 "x_out";
    .port_info 8 /OUTPUT 16 "y_out";
    .port_info 9 /OUTPUT 16 "z_out";
P_0x55f3192c05c0 .param/l "ATAN_VAL" 0 11 8, +C4<0000000000000100>;
P_0x55f3192c0600 .param/l "DATA_WIDTH" 0 11 6, +C4<00000000000000000000000000010000>;
P_0x55f3192c0640 .param/l "STAGE_IDX" 0 11 7, +C4<00000000000000000000000000001010>;
v0x55f3192c0a60_0 .net "clk", 0 0, v0x55f3192d6c70_0;  alias, 1 drivers
v0x55f3192c0b20_0 .net "rst_n", 0 0, v0x55f3192d73f0_0;  alias, 1 drivers
v0x55f3192c0be0_0 .net "valid_in", 0 0, v0x55f3192bf5c0_0;  alias, 1 drivers
v0x55f3192c0ce0_0 .var "valid_out", 0 0;
v0x55f3192c0d80_0 .net/s "x_in", 15 0, v0x55f3192bf7f0_0;  alias, 1 drivers
v0x55f3192c0e70_0 .var/s "x_next", 15 0;
v0x55f3192c0f10_0 .var/s "x_out", 15 0;
v0x55f3192c0ff0_0 .var/s "x_shift", 15 0;
v0x55f3192c10d0_0 .net/s "y_in", 15 0, v0x55f3192bfb60_0;  alias, 1 drivers
v0x55f3192c11c0_0 .var/s "y_next", 15 0;
v0x55f3192c1280_0 .var/s "y_out", 15 0;
v0x55f3192c1360_0 .var/s "y_shift", 15 0;
v0x55f3192c1440_0 .net/s "z_in", 15 0, v0x55f3192bfed0_0;  alias, 1 drivers
v0x55f3192c1530_0 .var/s "z_next", 15 0;
v0x55f3192c15f0_0 .var/s "z_out", 15 0;
E_0x55f3192c09e0 .event anyedge, v0x55f3192bf7f0_0, v0x55f3192bfb60_0, v0x55f3192bfed0_0;
S_0x55f3192c1870 .scope generate, "gen_cordic_stages[11]" "gen_cordic_stages[11]" 10 26, 10 26 0, S_0x55f3192b1850;
 .timescale -9 -12;
P_0x55f3192c1a20 .param/l "i" 1 10 26, +C4<01011>;
S_0x55f3192c1b00 .scope module, "u_stage" "cordic_stage" 10 31, 11 4 0, S_0x55f3192c1870;
 .timescale -9 -12;
    .port_info 0 /INPUT 1 "clk";
    .port_info 1 /INPUT 1 "rst_n";
    .port_info 2 /INPUT 1 "valid_in";
    .port_info 3 /INPUT 16 "x_in";
    .port_info 4 /INPUT 16 "y_in";
    .port_info 5 /INPUT 16 "z_in";
    .port_info 6 /OUTPUT 1 "valid_out";
    .port_info 7 /OUTPUT 16 "x_out";
    .port_info 8 /OUTPUT 16 "y_out";
    .port_info 9 /OUTPUT 16 "z_out";
P_0x55f3192c1ce0 .param/l "ATAN_VAL" 0 11 8, +C4<0000000000000010>;
P_0x55f3192c1d20 .param/l "DATA_WIDTH" 0 11 6, +C4<00000000000000000000000000010000>;
P_0x55f3192c1d60 .param/l "STAGE_IDX" 0 11 7, +C4<00000000000000000000000000001011>;
v0x55f3192c2180_0 .net "clk", 0 0, v0x55f3192d6c70_0;  alias, 1 drivers
v0x55f3192c2240_0 .net "rst_n", 0 0, v0x55f3192d73f0_0;  alias, 1 drivers
v0x55f3192c2300_0 .net "valid_in", 0 0, v0x55f3192c0ce0_0;  alias, 1 drivers
v0x55f3192c2400_0 .var "valid_out", 0 0;
v0x55f3192c24a0_0 .net/s "x_in", 15 0, v0x55f3192c0f10_0;  alias, 1 drivers
v0x55f3192c2590_0 .var/s "x_next", 15 0;
v0x55f3192c2630_0 .var/s "x_out", 15 0;
v0x55f3192c2710_0 .var/s "x_shift", 15 0;
v0x55f3192c27f0_0 .net/s "y_in", 15 0, v0x55f3192c1280_0;  alias, 1 drivers
v0x55f3192c28e0_0 .var/s "y_next", 15 0;
v0x55f3192c29a0_0 .var/s "y_out", 15 0;
v0x55f3192c2a80_0 .var/s "y_shift", 15 0;
v0x55f3192c2b60_0 .net/s "z_in", 15 0, v0x55f3192c15f0_0;  alias, 1 drivers
v0x55f3192c2c50_0 .var/s "z_next", 15 0;
v0x55f3192c2d10_0 .var/s "z_out", 15 0;
E_0x55f3192c2100 .event anyedge, v0x55f3192c0f10_0, v0x55f3192c1280_0, v0x55f3192c15f0_0;
S_0x55f3192c2f90 .scope generate, "gen_cordic_stages[12]" "gen_cordic_stages[12]" 10 26, 10 26 0, S_0x55f3192b1850;
 .timescale -9 -12;
P_0x55f3192c3140 .param/l "i" 1 10 26, +C4<01100>;
S_0x55f3192c3220 .scope module, "u_stage" "cordic_stage" 10 31, 11 4 0, S_0x55f3192c2f90;
 .timescale -9 -12;
    .port_info 0 /INPUT 1 "clk";
    .port_info 1 /INPUT 1 "rst_n";
    .port_info 2 /INPUT 1 "valid_in";
    .port_info 3 /INPUT 16 "x_in";
    .port_info 4 /INPUT 16 "y_in";
    .port_info 5 /INPUT 16 "z_in";
    .port_info 6 /OUTPUT 1 "valid_out";
    .port_info 7 /OUTPUT 16 "x_out";
    .port_info 8 /OUTPUT 16 "y_out";
    .port_info 9 /OUTPUT 16 "z_out";
P_0x55f3192c3400 .param/l "ATAN_VAL" 0 11 8, +C4<0000000000000001>;
P_0x55f3192c3440 .param/l "DATA_WIDTH" 0 11 6, +C4<00000000000000000000000000010000>;
P_0x55f3192c3480 .param/l "STAGE_IDX" 0 11 7, +C4<00000000000000000000000000001100>;
v0x55f3192c38a0_0 .net "clk", 0 0, v0x55f3192d6c70_0;  alias, 1 drivers
v0x55f3192c3960_0 .net "rst_n", 0 0, v0x55f3192d73f0_0;  alias, 1 drivers
v0x55f3192c3a20_0 .net "valid_in", 0 0, v0x55f3192c2400_0;  alias, 1 drivers
v0x55f3192c3b20_0 .var "valid_out", 0 0;
v0x55f3192c3bc0_0 .net/s "x_in", 15 0, v0x55f3192c2630_0;  alias, 1 drivers
v0x55f3192c3cb0_0 .var/s "x_next", 15 0;
v0x55f3192c3d50_0 .var/s "x_out", 15 0;
v0x55f3192c3e30_0 .var/s "x_shift", 15 0;
v0x55f3192c3f10_0 .net/s "y_in", 15 0, v0x55f3192c29a0_0;  alias, 1 drivers
v0x55f3192c4000_0 .var/s "y_next", 15 0;
v0x55f3192c40c0_0 .var/s "y_out", 15 0;
v0x55f3192c41a0_0 .var/s "y_shift", 15 0;
v0x55f3192c4280_0 .net/s "z_in", 15 0, v0x55f3192c2d10_0;  alias, 1 drivers
v0x55f3192c4370_0 .var/s "z_next", 15 0;
v0x55f3192c4430_0 .var/s "z_out", 15 0;
E_0x55f3192c3820 .event anyedge, v0x55f3192c2630_0, v0x55f3192c29a0_0, v0x55f3192c2d10_0;
S_0x55f3192c46b0 .scope generate, "gen_cordic_stages[13]" "gen_cordic_stages[13]" 10 26, 10 26 0, S_0x55f3192b1850;
 .timescale -9 -12;
P_0x55f3192c4860 .param/l "i" 1 10 26, +C4<01101>;
S_0x55f3192c4940 .scope module, "u_stage" "cordic_stage" 10 31, 11 4 0, S_0x55f3192c46b0;
 .timescale -9 -12;
    .port_info 0 /INPUT 1 "clk";
    .port_info 1 /INPUT 1 "rst_n";
    .port_info 2 /INPUT 1 "valid_in";
    .port_info 3 /INPUT 16 "x_in";
    .port_info 4 /INPUT 16 "y_in";
    .port_info 5 /INPUT 16 "z_in";
    .port_info 6 /OUTPUT 1 "valid_out";
    .port_info 7 /OUTPUT 16 "x_out";
    .port_info 8 /OUTPUT 16 "y_out";
    .port_info 9 /OUTPUT 16 "z_out";
P_0x55f3192c4b20 .param/l "ATAN_VAL" 0 11 8, +C4<0000000000000001>;
P_0x55f3192c4b60 .param/l "DATA_WIDTH" 0 11 6, +C4<00000000000000000000000000010000>;
P_0x55f3192c4ba0 .param/l "STAGE_IDX" 0 11 7, +C4<00000000000000000000000000001101>;
v0x55f3192c4fc0_0 .net "clk", 0 0, v0x55f3192d6c70_0;  alias, 1 drivers
v0x55f3192c5080_0 .net "rst_n", 0 0, v0x55f3192d73f0_0;  alias, 1 drivers
v0x55f3192c5140_0 .net "valid_in", 0 0, v0x55f3192c3b20_0;  alias, 1 drivers
v0x55f3192c5240_0 .var "valid_out", 0 0;
v0x55f3192c52e0_0 .net/s "x_in", 15 0, v0x55f3192c3d50_0;  alias, 1 drivers
v0x55f3192c53d0_0 .var/s "x_next", 15 0;
v0x55f3192c5470_0 .var/s "x_out", 15 0;
v0x55f3192c5550_0 .var/s "x_shift", 15 0;
v0x55f3192c5630_0 .net/s "y_in", 15 0, v0x55f3192c40c0_0;  alias, 1 drivers
v0x55f3192c5720_0 .var/s "y_next", 15 0;
v0x55f3192c57e0_0 .var/s "y_out", 15 0;
v0x55f3192c58c0_0 .var/s "y_shift", 15 0;
v0x55f3192c59a0_0 .net/s "z_in", 15 0, v0x55f3192c4430_0;  alias, 1 drivers
v0x55f3192c5a90_0 .var/s "z_next", 15 0;
v0x55f3192c5b50_0 .var/s "z_out", 15 0;
E_0x55f3192c4f40 .event anyedge, v0x55f3192c3d50_0, v0x55f3192c40c0_0, v0x55f3192c4430_0;
S_0x55f3192c5dd0 .scope generate, "gen_cordic_stages[14]" "gen_cordic_stages[14]" 10 26, 10 26 0, S_0x55f3192b1850;
 .timescale -9 -12;
P_0x55f3192c5f80 .param/l "i" 1 10 26, +C4<01110>;
S_0x55f3192c6060 .scope module, "u_stage" "cordic_stage" 10 31, 11 4 0, S_0x55f3192c5dd0;
 .timescale -9 -12;
    .port_info 0 /INPUT 1 "clk";
    .port_info 1 /INPUT 1 "rst_n";
    .port_info 2 /INPUT 1 "valid_in";
    .port_info 3 /INPUT 16 "x_in";
    .port_info 4 /INPUT 16 "y_in";
    .port_info 5 /INPUT 16 "z_in";
    .port_info 6 /OUTPUT 1 "valid_out";
    .port_info 7 /OUTPUT 16 "x_out";
    .port_info 8 /OUTPUT 16 "y_out";
    .port_info 9 /OUTPUT 16 "z_out";
P_0x55f3192c6240 .param/l "ATAN_VAL" 0 11 8, +C4<0000000000000000>;
P_0x55f3192c6280 .param/l "DATA_WIDTH" 0 11 6, +C4<00000000000000000000000000010000>;
P_0x55f3192c62c0 .param/l "STAGE_IDX" 0 11 7, +C4<00000000000000000000000000001110>;
v0x55f3192c66e0_0 .net "clk", 0 0, v0x55f3192d6c70_0;  alias, 1 drivers
v0x55f3192c67a0_0 .net "rst_n", 0 0, v0x55f3192d73f0_0;  alias, 1 drivers
v0x55f3192c6860_0 .net "valid_in", 0 0, v0x55f3192c5240_0;  alias, 1 drivers
v0x55f3192c6960_0 .var "valid_out", 0 0;
v0x55f3192c6a00_0 .net/s "x_in", 15 0, v0x55f3192c5470_0;  alias, 1 drivers
v0x55f3192c6af0_0 .var/s "x_next", 15 0;
v0x55f3192c6b90_0 .var/s "x_out", 15 0;
v0x55f3192c6c70_0 .var/s "x_shift", 15 0;
v0x55f3192c6d50_0 .net/s "y_in", 15 0, v0x55f3192c57e0_0;  alias, 1 drivers
v0x55f3192c6e40_0 .var/s "y_next", 15 0;
v0x55f3192c6f00_0 .var/s "y_out", 15 0;
v0x55f3192c6fe0_0 .var/s "y_shift", 15 0;
v0x55f3192c70c0_0 .net/s "z_in", 15 0, v0x55f3192c5b50_0;  alias, 1 drivers
v0x55f3192c71b0_0 .var/s "z_next", 15 0;
v0x55f3192c7270_0 .var/s "z_out", 15 0;
E_0x55f3192c6660 .event anyedge, v0x55f3192c5470_0, v0x55f3192c57e0_0, v0x55f3192c5b50_0;
S_0x55f3192c74f0 .scope generate, "gen_cordic_stages[15]" "gen_cordic_stages[15]" 10 26, 10 26 0, S_0x55f3192b1850;
 .timescale -9 -12;
P_0x55f3192c76a0 .param/l "i" 1 10 26, +C4<01111>;
S_0x55f3192c7780 .scope module, "u_stage" "cordic_stage" 10 31, 11 4 0, S_0x55f3192c74f0;
 .timescale -9 -12;
    .port_info 0 /INPUT 1 "clk";
    .port_info 1 /INPUT 1 "rst_n";
    .port_info 2 /INPUT 1 "valid_in";
    .port_info 3 /INPUT 16 "x_in";
    .port_info 4 /INPUT 16 "y_in";
    .port_info 5 /INPUT 16 "z_in";
    .port_info 6 /OUTPUT 1 "valid_out";
    .port_info 7 /OUTPUT 16 "x_out";
    .port_info 8 /OUTPUT 16 "y_out";
    .port_info 9 /OUTPUT 16 "z_out";
P_0x55f3192c7960 .param/l "ATAN_VAL" 0 11 8, +C4<0000000000000000>;
P_0x55f3192c79a0 .param/l "DATA_WIDTH" 0 11 6, +C4<00000000000000000000000000010000>;
P_0x55f3192c79e0 .param/l "STAGE_IDX" 0 11 7, +C4<00000000000000000000000000001111>;
v0x55f3192c7e00_0 .net "clk", 0 0, v0x55f3192d6c70_0;  alias, 1 drivers
v0x55f3192c7ec0_0 .net "rst_n", 0 0, v0x55f3192d73f0_0;  alias, 1 drivers
v0x55f3192c7f80_0 .net "valid_in", 0 0, v0x55f3192c6960_0;  alias, 1 drivers
v0x55f3192c8080_0 .var "valid_out", 0 0;
v0x55f3192c8120_0 .net/s "x_in", 15 0, v0x55f3192c6b90_0;  alias, 1 drivers
v0x55f3192c8210_0 .var/s "x_next", 15 0;
v0x55f3192c82b0_0 .var/s "x_out", 15 0;
v0x55f3192c8390_0 .var/s "x_shift", 15 0;
v0x55f3192c8470_0 .net/s "y_in", 15 0, v0x55f3192c6f00_0;  alias, 1 drivers
v0x55f3192c8560_0 .var/s "y_next", 15 0;
v0x55f3192c8620_0 .var/s "y_out", 15 0;
v0x55f3192c8700_0 .var/s "y_shift", 15 0;
v0x55f3192c87e0_0 .net/s "z_in", 15 0, v0x55f3192c7270_0;  alias, 1 drivers
v0x55f3192c88d0_0 .var/s "z_next", 15 0;
v0x55f3192c8990_0 .var/s "z_out", 15 0;
E_0x55f3192c7d80 .event anyedge, v0x55f3192c6b90_0, v0x55f3192c6f00_0, v0x55f3192c7270_0;
S_0x55f3192cb0a0 .scope module, "siren_s" "siren_scaler" 6 22, 12 4 0, S_0x55f3192af2a0;
 .timescale -9 -12;
    .port_info 0 /INPUT 1 "clk";
    .port_info 1 /INPUT 1 "rst_in";
    .port_info 2 /INPUT 1 "valid_in";
    .port_info 3 /INPUT 16 "data_in";
    .port_info 4 /OUTPUT 1 "valid_out";
    .port_info 5 /OUTPUT 16 "data_out";
P_0x55f3192cb230 .param/l "CONST_2PI" 1 12 14, +C4<00000000000000000110010010001000>;
P_0x55f3192cb270 .param/l "CONST_PI" 1 12 13, +C4<00000000000000000011001001000100>;
v0x55f3192cb500_0 .var/s "centered_angle", 31 0;
v0x55f3192cb5a0_0 .net "clk", 0 0, v0x55f3192d6c70_0;  alias, 1 drivers
v0x55f3192cb640_0 .net/s "data_in", 15 0, v0x55f3192afaa0_0;  alias, 1 drivers
v0x55f3192cb6e0_0 .var/s "data_out", 15 0;
v0x55f3192cb7d0_0 .var/s "ext_data", 31 0;
v0x55f3192cb8c0_0 .var/s "mod_angle", 31 0;
v0x55f3192cb960_0 .net "rst_in", 0 0, v0x55f3192d73f0_0;  alias, 1 drivers
v0x55f3192cba00_0 .var/s "scaled_angle", 31 0;
v0x55f3192cbaa0_0 .net "valid_in", 0 0, v0x55f3192b0400_0;  alias, 1 drivers
v0x55f3192cbb40_0 .var "valid_out", 0 0;
E_0x55f3192cb4c0 .event anyedge, v0x55f3192afaa0_0;
S_0x55f3192d22f0 .scope module, "dut_sharpen" "siren_sharpen" 4 57, 13 4 0, S_0x55f31916c6a0;
 .timescale -9 -12;
    .port_info 0 /INPUT 1 "clk";
    .port_info 1 /INPUT 1 "rst_in";
    .port_info 2 /INPUT 16 "data_in";
    .port_info 3 /INPUT 1 "valid_in";
    .port_info 4 /OUTPUT 1 "pixel_valid";
    .port_info 5 /OUTPUT 16 "pixel_out";
    .port_info 6 /OUTPUT 1 "frame_done";
enum0x55f31901e690 .enum4 (2)
   "S_IDLE" 2'b00,
   "S_RUN" 2'b01,
   "S_FLUSH" 2'b10,
   "S_DONE" 2'b11
 ;
L_0x55f3192f64a0 .functor BUFZ 16, L_0x55f3192f6230, C4<0000000000000000>, C4<0000000000000000>, C4<0000000000000000>;
L_0x55f3192f67f0 .functor BUFZ 16, L_0x55f3192f6560, C4<0000000000000000>, C4<0000000000000000>, C4<0000000000000000>;
L_0x55f3192f7520 .functor AND 1, v0x55f3192d5880_0, L_0x55f3192f7400, C4<1>, C4<1>;
L_0x55f3192f7780 .functor AND 1, L_0x55f3192f7520, L_0x55f3192f7610, C4<1>, C4<1>;
v0x55f3192d26e0_0 .net *"_ivl_0", 15 0, L_0x55f3192f6230;  1 drivers
v0x55f3192d27e0_0 .net *"_ivl_10", 6 0, L_0x55f3192f6630;  1 drivers
L_0x7f9672c76690 .functor BUFT 1, C4<00>, C4<0>, C4<0>, C4<0>;
v0x55f3192d28c0_0 .net *"_ivl_13", 1 0, L_0x7f9672c76690;  1 drivers
L_0x7f9672c766d8 .functor BUFT 1, C4<10>, C4<0>, C4<0>, C4<0>;
v0x55f3192d2980_0 .net/2u *"_ivl_16", 1 0, L_0x7f9672c766d8;  1 drivers
v0x55f3192d2a60_0 .net *"_ivl_18", 0 0, L_0x55f3192f68b0;  1 drivers
v0x55f3192d2b70_0 .net *"_ivl_2", 6 0, L_0x55f3192f6330;  1 drivers
L_0x7f9672c76720 .functor BUFT 1, C4<0000000000000000>, C4<0>, C4<0>, C4<0>;
v0x55f3192d2c50_0 .net/2s *"_ivl_20", 15 0, L_0x7f9672c76720;  1 drivers
L_0x7f9672c76768 .functor BUFT 1, C4<100010>, C4<0>, C4<0>, C4<0>;
v0x55f3192d2d30_0 .net/2u *"_ivl_24", 5 0, L_0x7f9672c76768;  1 drivers
v0x55f3192d2e10_0 .net *"_ivl_26", 0 0, L_0x55f3192f7400;  1 drivers
v0x55f3192d2ed0_0 .net *"_ivl_29", 0 0, L_0x55f3192f7520;  1 drivers
L_0x7f9672c767b0 .functor BUFT 1, C4<10000000000>, C4<0>, C4<0>, C4<0>;
v0x55f3192d2f90_0 .net/2u *"_ivl_30", 10 0, L_0x7f9672c767b0;  1 drivers
v0x55f3192d3070_0 .net *"_ivl_32", 0 0, L_0x55f3192f7610;  1 drivers
L_0x7f9672c767f8 .functor BUFT 1, C4<11>, C4<0>, C4<0>, C4<0>;
v0x55f3192d3130_0 .net/2u *"_ivl_36", 1 0, L_0x7f9672c767f8;  1 drivers
L_0x7f9672c76648 .functor BUFT 1, C4<00>, C4<0>, C4<0>, C4<0>;
v0x55f3192d3210_0 .net *"_ivl_5", 1 0, L_0x7f9672c76648;  1 drivers
v0x55f3192d32f0_0 .net *"_ivl_8", 15 0, L_0x55f3192f6560;  1 drivers
v0x55f3192d33d0_0 .var/s "card_sum", 20 0;
v0x55f3192d34b0_0 .var/s "center_mult7", 20 0;
v0x55f3192d3590_0 .net "clk", 0 0, v0x55f3192d6c70_0;  alias, 1 drivers
v0x55f3192d3630_0 .var "col_x", 4 0;
v0x55f3192d3710_0 .net/s "data_in", 15 0, v0x55f3192ce800_0;  alias, 1 drivers
v0x55f3192d37d0_0 .var/s "diag_sum", 20 0;
v0x55f3192d3890_0 .var/s "ext_c", 20 0;
v0x55f3192d3970_0 .var/s "ext_e", 20 0;
v0x55f3192d3a50_0 .var/s "ext_n", 20 0;
v0x55f3192d3b30_0 .var/s "ext_ne", 20 0;
v0x55f3192d3c10_0 .var/s "ext_nw", 20 0;
v0x55f3192d3cf0_0 .var/s "ext_s", 20 0;
v0x55f3192d3dd0_0 .var/s "ext_se", 20 0;
v0x55f3192d3eb0_0 .var/s "ext_sw", 20 0;
v0x55f3192d3f90_0 .var/s "ext_w", 20 0;
v0x55f3192d4070_0 .var "fill_cnt", 5 0;
v0x55f3192d4150_0 .var "flush_timer", 4 0;
v0x55f3192d4230_0 .net "frame_done", 0 0, L_0x55f3192f78e0;  alias, 1 drivers
v0x55f3192d4500_0 .var "in_cnt", 10 0;
v0x55f3192d45e0_0 .net/s "ingest_pixel", 15 0, L_0x55f3192f7310;  1 drivers
v0x55f3192d46c0_0 .net/s "lb0_dout", 15 0, L_0x55f3192f64a0;  1 drivers
v0x55f3192d47a0_0 .net/s "lb1_dout", 15 0, L_0x55f3192f67f0;  1 drivers
v0x55f3192d4880_0 .var "lb_pointer", 4 0;
v0x55f3192d4960 .array "line_buf_0", 31 0, 15 0;
v0x55f3192d4a20 .array "line_buf_1", 31 0, 15 0;
v0x55f3192d4ae0_0 .var "next_state", 1 0;
v0x55f3192d4bc0_0 .var "out_cnt", 10 0;
v0x55f3192d4ca0_0 .var/s "pixel_out", 15 0;
v0x55f3192d4d80_0 .net "pixel_valid", 0 0, L_0x55f3192f7780;  alias, 1 drivers
v0x55f3192d4e40_0 .var/s "r0_c0", 15 0;
v0x55f3192d4f20_0 .var/s "r0_c1", 15 0;
v0x55f3192d5000_0 .var/s "r0_c2", 15 0;
v0x55f3192d50e0_0 .var/s "r1_c0", 15 0;
v0x55f3192d51c0_0 .var/s "r1_c1", 15 0;
v0x55f3192d52a0_0 .var/s "r1_c2", 15 0;
v0x55f3192d5380_0 .var/s "r2_c0", 15 0;
v0x55f3192d5460_0 .var/s "r2_c1", 15 0;
v0x55f3192d5540_0 .var/s "r2_c2", 15 0;
v0x55f3192d5620_0 .var "row_y", 4 0;
v0x55f3192d5700_0 .net "rst_in", 0 0, v0x55f3192d73f0_0;  alias, 1 drivers
v0x55f3192d57a0_0 .var/s "sharp_diff", 20 0;
v0x55f3192d5880_0 .var "shift_en", 0 0;
v0x55f3192d5940_0 .var "state", 1 0;
v0x55f3192d5a20_0 .var/s "tap_c", 15 0;
v0x55f3192d5b00_0 .var/s "tap_e", 15 0;
v0x55f3192d5be0_0 .var/s "tap_n", 15 0;
v0x55f3192d5cc0_0 .var/s "tap_s", 15 0;
v0x55f3192d5da0_0 .var/s "tap_w", 15 0;
v0x55f3192d5e80_0 .net "valid_in", 0 0, L_0x55f3192eada0;  alias, 1 drivers
E_0x55f3192d25c0 .event anyedge, v0x55f3192d57a0_0;
E_0x55f3192d2640/0 .event anyedge, v0x55f3192d51c0_0, v0x55f3192d5620_0, v0x55f3192d4f20_0, v0x55f3192d5460_0;
E_0x55f3192d2640/1 .event anyedge, v0x55f3192d3630_0, v0x55f3192d52a0_0, v0x55f3192d50e0_0, v0x55f3192d5000_0;
E_0x55f3192d2640/2 .event anyedge, v0x55f3192d4e40_0, v0x55f3192d5540_0, v0x55f3192d5380_0;
E_0x55f3192d2640 .event/or E_0x55f3192d2640/0, E_0x55f3192d2640/1, E_0x55f3192d2640/2;
E_0x55f3192d2680/0 .event anyedge, v0x55f3192d5940_0, v0x55f3192ce8e0_0, v0x55f3192d4150_0, v0x55f3192d4500_0;
E_0x55f3192d2680/1 .event anyedge, v0x55f3192d4bc0_0;
E_0x55f3192d2680 .event/or E_0x55f3192d2680/0, E_0x55f3192d2680/1;
L_0x55f3192f6230 .array/port v0x55f3192d4960, L_0x55f3192f6330;
L_0x55f3192f6330 .concat [ 5 2 0 0], v0x55f3192d4880_0, L_0x7f9672c76648;
L_0x55f3192f6560 .array/port v0x55f3192d4a20, L_0x55f3192f6630;
L_0x55f3192f6630 .concat [ 5 2 0 0], v0x55f3192d4880_0, L_0x7f9672c76690;
L_0x55f3192f68b0 .cmp/eq 2, v0x55f3192d5940_0, L_0x7f9672c766d8;
L_0x55f3192f7310 .functor MUXZ 16, v0x55f3192ce800_0, L_0x7f9672c76720, L_0x55f3192f68b0, C4<>;
L_0x55f3192f7400 .cmp/eq 6, v0x55f3192d4070_0, L_0x7f9672c76768;
L_0x55f3192f7610 .cmp/gt 11, L_0x7f9672c767b0, v0x55f3192d4bc0_0;
L_0x55f3192f78e0 .cmp/eq 2, v0x55f3192d5940_0, L_0x7f9672c767f8;
    .scope S_0x55f3191bea30;
T_0 ;
Ewait_0 .event/or E_0x55f318f9c910, E_0x0;
    %wait Ewait_0;
    %load/vec4 v0x55f319119b70_0;
    %pad/s 32;
    %load/vec4 v0x55f31914d020_0;
    %pad/s 32;
    %mul;
    %store/vec4 v0x55f319148e80_0, 0, 32;
    %load/vec4 v0x55f319148e80_0;
    %addi 2048, 0, 32;
    %ix/load 4, 12, 0;
    %flag_set/imm 4, 0;
    %shiftr/s 4;
    %store/vec4 v0x55f319148b70_0, 0, 32;
    %load/vec4 v0x55f319145bd0_0;
    %flag_set/vec4 8;
    %jmp/1 T_0.2, 8;
    %load/vec4 v0x55f319119b70_0;
    %cmpi/e 0, 0, 16;
    %flag_get/vec4 4;
    %jmp/0 T_0.3, 4;
    %load/vec4 v0x55f31914d020_0;
    %pushi/vec4 0, 0, 16;
    %cmp/e;
    %flag_get/vec4 4;
    %and;
T_0.3;
    %flag_set/vec4 9;
    %flag_or 8, 9;
T_0.2;
    %jmp/0xz  T_0.0, 8;
    %load/vec4 v0x55f319281fd0_0;
    %pad/s 33;
    %store/vec4 v0x55f319148910_0, 0, 33;
    %jmp T_0.1;
T_0.0 ;
    %load/vec4 v0x55f319281cf0_0;
    %pad/s 33;
    %store/vec4 v0x55f319148910_0, 0, 33;
T_0.1 ;
    %load/vec4 v0x55f319148910_0;
    %load/vec4 v0x55f319148b70_0;
    %pad/s 33;
    %add;
    %store/vec4 v0x55f31914c810_0, 0, 33;
    %jmp T_0;
    .thread T_0, $push;
    .scope S_0x55f3191bea30;
T_1 ;
    %wait E_0x55f318f9b9a0;
    %load/vec4 v0x55f319149ad0_0;
    %nor/r;
    %flag_set/vec4 8;
    %jmp/0xz  T_1.0, 8;
    %pushi/vec4 0, 0, 1;
    %assign/vec4 v0x55f31914cd80_0, 0;
    %pushi/vec4 0, 0, 16;
    %assign/vec4 v0x55f319281cf0_0, 0;
    %pushi/vec4 0, 0, 1;
    %assign/vec4 v0x55f319149120_0, 0;
    %jmp T_1.1;
T_1.0 ;
    %load/vec4 v0x55f31914ca70_0;
    %flag_set/vec4 8;
    %flag_get/vec4 8;
    %jmp/0 T_1.2, 8;
    %load/vec4 v0x55f319145bd0_0;
    %nor/r;
    %and;
T_1.2;
    %assign/vec4 v0x55f31914cd80_0, 0;
    %load/vec4 v0x55f31914ca70_0;
    %flag_set/vec4 8;
    %jmp/0xz  T_1.3, 8;
    %load/vec4 v0x55f31914c810_0;
    %cmpi/s 32767, 0, 33;
    %flag_or 5, 4; GT is !LE
    %flag_inv 5;
    %jmp/0xz  T_1.5, 5;
    %pushi/vec4 1, 0, 1;
    %assign/vec4 v0x55f319149120_0, 0;
    %pushi/vec4 32767, 0, 16;
    %assign/vec4 v0x55f319281cf0_0, 0;
    %jmp T_1.6;
T_1.5 ;
    %load/vec4 v0x55f31914c810_0;
    %pushi/vec4 4294950912, 0, 32;
    %concati/vec4 0, 0, 1;
    %cmp/s;
    %jmp/0xz  T_1.7, 5;
    %pushi/vec4 1, 0, 1;
    %assign/vec4 v0x55f319149120_0, 0;
    %pushi/vec4 32768, 0, 16;
    %assign/vec4 v0x55f319281cf0_0, 0;
    %jmp T_1.8;
T_1.7 ;
    %pushi/vec4 0, 0, 1;
    %assign/vec4 v0x55f319149120_0, 0;
    %load/vec4 v0x55f31914c810_0;
    %parti/s 16, 0, 2;
    %assign/vec4 v0x55f319281cf0_0, 0;
T_1.8 ;
T_1.6 ;
T_1.3 ;
T_1.1 ;
    %jmp T_1;
    .thread T_1;
    .scope S_0x55f31923d100;
T_2 ;
Ewait_1 .event/or E_0x55f31923c940, E_0x0;
    %wait Ewait_1;
    %load/vec4 v0x55f31919abd0_0;
    %pad/s 32;
    %store/vec4 v0x55f31919ead0_0, 0, 32;
    %load/vec4 v0x55f31919ead0_0;
    %muli 30, 0, 32;
    %store/vec4 v0x55f319162300_0, 0, 32;
    %load/vec4 v0x55f319162300_0;
    %pushi/vec4 25736, 0, 32;
    %mod/s;
    %store/vec4 v0x55f3191a29d0_0, 0, 32;
    %load/vec4 v0x55f3191a29d0_0;
    %cmpi/s 12868, 0, 32;
    %flag_or 5, 4; GT is !LE
    %flag_inv 5;
    %jmp/0xz  T_2.0, 5;
    %load/vec4 v0x55f3191a29d0_0;
    %subi 25736, 0, 32;
    %store/vec4 v0x55f319192dd0_0, 0, 32;
    %jmp T_2.1;
T_2.0 ;
    %load/vec4 v0x55f3191a29d0_0;
    %cmpi/s 4294954428, 0, 32;
    %jmp/0xz  T_2.2, 5;
    %load/vec4 v0x55f3191a29d0_0;
    %addi 25736, 0, 32;
    %store/vec4 v0x55f319192dd0_0, 0, 32;
    %jmp T_2.3;
T_2.2 ;
    %load/vec4 v0x55f3191a29d0_0;
    %store/vec4 v0x55f319192dd0_0, 0, 32;
T_2.3 ;
T_2.1 ;
    %jmp T_2;
    .thread T_2, $push;
    .scope S_0x55f31923d100;
T_3 ;
    %wait E_0x55f318f9b9a0;
    %load/vec4 v0x55f319162260_0;
    %nor/r;
    %flag_set/vec4 8;
    %jmp/0xz  T_3.0, 8;
    %pushi/vec4 0, 0, 1;
    %assign/vec4 v0x55f3191aa7a0_0, 0;
    %pushi/vec4 0, 0, 16;
    %assign/vec4 v0x55f31919ac70_0, 0;
    %jmp T_3.1;
T_3.0 ;
    %load/vec4 v0x55f3191aa700_0;
    %assign/vec4 v0x55f3191aa7a0_0, 0;
    %load/vec4 v0x55f3191aa700_0;
    %flag_set/vec4 8;
    %jmp/0xz  T_3.2, 8;
    %load/vec4 v0x55f319192dd0_0;
    %parti/s 16, 0, 2;
    %assign/vec4 v0x55f31919ac70_0, 0;
T_3.2 ;
T_3.1 ;
    %jmp T_3;
    .thread T_3;
    .scope S_0x55f3191b6c30;
T_4 ;
    %wait E_0x55f318f9bf80;
    %load/vec4 v0x55f3191518d0_0;
    %pad/s 32;
    %store/vec4 v0x55f319150f20_0, 0, 32;
    %load/vec4 v0x55f319150f20_0;
    %cmpi/s 12868, 0, 32;
    %flag_or 5, 4; GT is !LE
    %flag_inv 5;
    %jmp/0xz  T_4.0, 5;
    %load/vec4 v0x55f319150f20_0;
    %subi 25736, 0, 32;
    %store/vec4 v0x55f319154610_0, 0, 32;
    %jmp T_4.1;
T_4.0 ;
    %load/vec4 v0x55f319150f20_0;
    %store/vec4 v0x55f319154610_0, 0, 32;
T_4.1 ;
    %load/vec4 v0x55f319154610_0;
    %cmpi/s 6434, 0, 32;
    %flag_or 5, 4; GT is !LE
    %flag_inv 5;
    %jmp/0xz  T_4.2, 5;
    %pushi/vec4 12868, 0, 32;
    %load/vec4 v0x55f319154610_0;
    %sub;
    %store/vec4 v0x55f319154b80_0, 0, 32;
    %jmp T_4.3;
T_4.2 ;
    %load/vec4 v0x55f319154610_0;
    %cmpi/s 4294960862, 0, 32;
    %jmp/0xz  T_4.4, 5;
    %pushi/vec4 4294954428, 0, 32;
    %load/vec4 v0x55f319154610_0;
    %sub;
    %store/vec4 v0x55f319154b80_0, 0, 32;
    %jmp T_4.5;
T_4.4 ;
    %load/vec4 v0x55f319154610_0;
    %store/vec4 v0x55f319154b80_0, 0, 32;
T_4.5 ;
T_4.3 ;
    %jmp T_4;
    .thread T_4, $push;
    .scope S_0x55f3191b6c30;
T_5 ;
    %wait E_0x55f318f9b9a0;
    %load/vec4 v0x55f3191557d0_0;
    %nor/r;
    %flag_set/vec4 8;
    %jmp/0xz  T_5.0, 8;
    %pushi/vec4 0, 0, 1;
    %assign/vec4 v0x55f319158770_0, 0;
    %pushi/vec4 0, 0, 16;
    %assign/vec4 v0x55f319154e20_0, 0;
    %jmp T_5.1;
T_5.0 ;
    %load/vec4 v0x55f319158510_0;
    %assign/vec4 v0x55f319158770_0, 0;
    %load/vec4 v0x55f319158510_0;
    %flag_set/vec4 8;
    %jmp/0xz  T_5.2, 8;
    %load/vec4 v0x55f319154b80_0;
    %parti/s 16, 0, 2;
    %assign/vec4 v0x55f319154e20_0, 0;
T_5.2 ;
T_5.1 ;
    %jmp T_5;
    .thread T_5;
    .scope S_0x55f31919fb90;
T_6 ;
Ewait_2 .event/or E_0x55f319283b90, E_0x0;
    %wait Ewait_2;
    %load/vec4 v0x55f3191676e0_0;
    %store/vec4 v0x55f319168660_0, 0, 16;
    %load/vec4 v0x55f31916bb50_0;
    %store/vec4 v0x55f31916c360_0, 0, 16;
    %load/vec4 v0x55f31916cd10_0;
    %pad/s 32;
    %cmpi/s 0, 0, 32;
    %flag_inv 5; GE is !LT
    %jmp/0xz  T_6.0, 5;
    %load/vec4 v0x55f3191676e0_0;
    %load/vec4 v0x55f31916c360_0;
    %sub;
    %store/vec4 v0x55f319167c20_0, 0, 16;
    %load/vec4 v0x55f31916bb50_0;
    %load/vec4 v0x55f319168660_0;
    %add;
    %store/vec4 v0x55f31916bdb0_0, 0, 16;
    %load/vec4 v0x55f31916cd10_0;
    %subi 3217, 0, 16;
    %store/vec4 v0x55f31916fa50_0, 0, 16;
    %jmp T_6.1;
T_6.0 ;
    %load/vec4 v0x55f3191676e0_0;
    %load/vec4 v0x55f31916c360_0;
    %add;
    %store/vec4 v0x55f319167c20_0, 0, 16;
    %load/vec4 v0x55f31916bb50_0;
    %load/vec4 v0x55f319168660_0;
    %sub;
    %store/vec4 v0x55f31916bdb0_0, 0, 16;
    %load/vec4 v0x55f31916cd10_0;
    %addi 3217, 0, 16;
    %store/vec4 v0x55f31916fa50_0, 0, 16;
T_6.1 ;
    %jmp T_6;
    .thread T_6, $push;
    .scope S_0x55f31919fb90;
T_7 ;
    %wait E_0x55f318f9b9a0;
    %load/vec4 v0x55f31915b940_0;
    %nor/r;
    %flag_set/vec4 8;
    %jmp/0xz  T_7.0, 8;
    %pushi/vec4 0, 0, 1;
    %assign/vec4 v0x55f319167250_0, 0;
    %pushi/vec4 0, 0, 16;
    %assign/vec4 v0x55f3191680f0_0, 0;
    %pushi/vec4 0, 0, 16;
    %assign/vec4 v0x55f31916c0c0_0, 0;
    %pushi/vec4 0, 0, 16;
    %assign/vec4 v0x55f31916fcb0_0, 0;
    %jmp T_7.1;
T_7.0 ;
    %load/vec4 v0x55f319159ef0_0;
    %assign/vec4 v0x55f319167250_0, 0;
    %load/vec4 v0x55f319159ef0_0;
    %flag_set/vec4 8;
    %jmp/0xz  T_7.2, 8;
    %load/vec4 v0x55f319167c20_0;
    %assign/vec4 v0x55f3191680f0_0, 0;
    %load/vec4 v0x55f31916bdb0_0;
    %assign/vec4 v0x55f31916c0c0_0, 0;
    %load/vec4 v0x55f31916fa50_0;
    %assign/vec4 v0x55f31916fcb0_0, 0;
    %jmp T_7.3;
T_7.2 ;
    %pushi/vec4 0, 0, 16;
    %assign/vec4 v0x55f3191680f0_0, 0;
    %pushi/vec4 0, 0, 16;
    %assign/vec4 v0x55f31916c0c0_0, 0;
    %pushi/vec4 0, 0, 16;
    %assign/vec4 v0x55f31916fcb0_0, 0;
T_7.3 ;
T_7.1 ;
    %jmp T_7;
    .thread T_7;
    .scope S_0x55f319197d90;
T_8 ;
Ewait_3 .event/or E_0x55f3191700b0, E_0x0;
    %wait Ewait_3;
    %load/vec4 v0x55f319173ec0_0;
    %ix/load 4, 1, 0;
    %flag_set/imm 4, 0;
    %shiftr/s 4;
    %store/vec4 v0x55f319177850_0, 0, 16;
    %load/vec4 v0x55f319177ab0_0;
    %ix/load 4, 1, 0;
    %flag_set/imm 4, 0;
    %shiftr/s 4;
    %store/vec4 v0x55f319178a10_0, 0, 16;
    %load/vec4 v0x55f31917b750_0;
    %pad/s 32;
    %cmpi/s 0, 0, 32;
    %flag_inv 5; GE is !LT
    %jmp/0xz  T_8.0, 5;
    %load/vec4 v0x55f319173ec0_0;
    %load/vec4 v0x55f319178a10_0;
    %sub;
    %store/vec4 v0x55f319174160_0, 0, 16;
    %load/vec4 v0x55f319177ab0_0;
    %load/vec4 v0x55f319177850_0;
    %add;
    %store/vec4 v0x55f319177dc0_0, 0, 16;
    %load/vec4 v0x55f31917b750_0;
    %subi 1899, 0, 16;
    %store/vec4 v0x55f31917b9b0_0, 0, 16;
    %jmp T_8.1;
T_8.0 ;
    %load/vec4 v0x55f319173ec0_0;
    %load/vec4 v0x55f319178a10_0;
    %add;
    %store/vec4 v0x55f319174160_0, 0, 16;
    %load/vec4 v0x55f319177ab0_0;
    %load/vec4 v0x55f319177850_0;
    %sub;
    %store/vec4 v0x55f319177dc0_0, 0, 16;
    %load/vec4 v0x55f31917b750_0;
    %addi 1899, 0, 16;
    %store/vec4 v0x55f31917b9b0_0, 0, 16;
T_8.1 ;
    %jmp T_8;
    .thread T_8, $push;
    .scope S_0x55f319197d90;
T_9 ;
    %wait E_0x55f318f9b9a0;
    %load/vec4 v0x55f319170c10_0;
    %nor/r;
    %flag_set/vec4 8;
    %jmp/0xz  T_9.0, 8;
    %pushi/vec4 0, 0, 1;
    %assign/vec4 v0x55f319173bb0_0, 0;
    %pushi/vec4 0, 0, 16;
    %assign/vec4 v0x55f319174b10_0, 0;
    %pushi/vec4 0, 0, 16;
    %assign/vec4 v0x55f319178060_0, 0;
    %pushi/vec4 0, 0, 16;
    %assign/vec4 v0x55f31917bcc0_0, 0;
    %jmp T_9.1;
T_9.0 ;
    %load/vec4 v0x55f319173950_0;
    %assign/vec4 v0x55f319173bb0_0, 0;
    %load/vec4 v0x55f319173950_0;
    %flag_set/vec4 8;
    %jmp/0xz  T_9.2, 8;
    %load/vec4 v0x55f319174160_0;
    %assign/vec4 v0x55f319174b10_0, 0;
    %load/vec4 v0x55f319177dc0_0;
    %assign/vec4 v0x55f319178060_0, 0;
    %load/vec4 v0x55f31917b9b0_0;
    %assign/vec4 v0x55f31917bcc0_0, 0;
    %jmp T_9.3;
T_9.2 ;
    %pushi/vec4 0, 0, 16;
    %assign/vec4 v0x55f319174b10_0, 0;
    %pushi/vec4 0, 0, 16;
    %assign/vec4 v0x55f319178060_0, 0;
    %pushi/vec4 0, 0, 16;
    %assign/vec4 v0x55f31917bcc0_0, 0;
T_9.3 ;
T_9.1 ;
    %jmp T_9;
    .thread T_9;
    .scope S_0x55f31918ff90;
T_10 ;
Ewait_4 .event/or E_0x55f31917baa0, E_0x0;
    %wait Ewait_4;
    %load/vec4 v0x55f31917fe60_0;
    %ix/load 4, 2, 0;
    %flag_set/imm 4, 0;
    %shiftr/s 4;
    %store/vec4 v0x55f3191837b0_0, 0, 16;
    %load/vec4 v0x55f319183ac0_0;
    %ix/load 4, 2, 0;
    %flag_set/imm 4, 0;
    %shiftr/s 4;
    %store/vec4 v0x55f319187450_0, 0, 16;
    %load/vec4 v0x55f3191876b0_0;
    %pad/s 32;
    %cmpi/s 0, 0, 32;
    %flag_inv 5; GE is !LT
    %jmp/0xz  T_10.0, 5;
    %load/vec4 v0x55f31917fe60_0;
    %load/vec4 v0x55f319187450_0;
    %sub;
    %store/vec4 v0x55f319180810_0, 0, 16;
    %load/vec4 v0x55f319183ac0_0;
    %load/vec4 v0x55f3191837b0_0;
    %add;
    %store/vec4 v0x55f319183d60_0, 0, 16;
    %load/vec4 v0x55f3191876b0_0;
    %subi 1003, 0, 16;
    %store/vec4 v0x55f3191879c0_0, 0, 16;
    %jmp T_10.1;
T_10.0 ;
    %load/vec4 v0x55f31917fe60_0;
    %load/vec4 v0x55f319187450_0;
    %add;
    %store/vec4 v0x55f319180810_0, 0, 16;
    %load/vec4 v0x55f319183ac0_0;
    %load/vec4 v0x55f3191837b0_0;
    %sub;
    %store/vec4 v0x55f319183d60_0, 0, 16;
    %load/vec4 v0x55f3191876b0_0;
    %addi 1003, 0, 16;
    %store/vec4 v0x55f3191879c0_0, 0, 16;
T_10.1 ;
    %jmp T_10;
    .thread T_10, $push;
    .scope S_0x55f31918ff90;
T_11 ;
    %wait E_0x55f318f9b9a0;
    %load/vec4 v0x55f31917f650_0;
    %nor/r;
    %flag_set/vec4 8;
    %jmp/0xz  T_11.0, 8;
    %pushi/vec4 0, 0, 1;
    %assign/vec4 v0x55f31917fbc0_0, 0;
    %pushi/vec4 0, 0, 16;
    %assign/vec4 v0x55f319183550_0, 0;
    %pushi/vec4 0, 0, 16;
    %assign/vec4 v0x55f319184710_0, 0;
    %pushi/vec4 0, 0, 16;
    %assign/vec4 v0x55f319187c60_0, 0;
    %jmp T_11.1;
T_11.0 ;
    %load/vec4 v0x55f31917f8b0_0;
    %assign/vec4 v0x55f31917fbc0_0, 0;
    %load/vec4 v0x55f31917f8b0_0;
    %flag_set/vec4 8;
    %jmp/0xz  T_11.2, 8;
    %load/vec4 v0x55f319180810_0;
    %assign/vec4 v0x55f319183550_0, 0;
    %load/vec4 v0x55f319183d60_0;
    %assign/vec4 v0x55f319184710_0, 0;
    %load/vec4 v0x55f3191879c0_0;
    %assign/vec4 v0x55f319187c60_0, 0;
    %jmp T_11.3;
T_11.2 ;
    %pushi/vec4 0, 0, 16;
    %assign/vec4 v0x55f319183550_0, 0;
    %pushi/vec4 0, 0, 16;
    %assign/vec4 v0x55f319184710_0, 0;
    %pushi/vec4 0, 0, 16;
    %assign/vec4 v0x55f319187c60_0, 0;
T_11.3 ;
T_11.1 ;
    %jmp T_11;
    .thread T_11;
    .scope S_0x55f319188190;
T_12 ;
Ewait_5 .event/or E_0x55f31918b3d0, E_0x0;
    %wait Ewait_5;
    %load/vec4 v0x55f31918f250_0;
    %ix/load 4, 3, 0;
    %flag_set/imm 4, 0;
    %shiftr/s 4;
    %store/vec4 v0x55f31918fa60_0, 0, 16;
    %load/vec4 v0x55f319190410_0;
    %ix/load 4, 3, 0;
    %flag_set/imm 4, 0;
    %shiftr/s 4;
    %store/vec4 v0x55f3191936c0_0, 0, 16;
    %load/vec4 v0x55f319193960_0;
    %pad/s 32;
    %cmpi/s 0, 0, 32;
    %flag_inv 5; GE is !LT
    %jmp/0xz  T_12.0, 5;
    %load/vec4 v0x55f31918f250_0;
    %load/vec4 v0x55f3191936c0_0;
    %sub;
    %store/vec4 v0x55f31918f4b0_0, 0, 16;
    %load/vec4 v0x55f319190410_0;
    %load/vec4 v0x55f31918fa60_0;
    %add;
    %store/vec4 v0x55f319193150_0, 0, 16;
    %load/vec4 v0x55f319193960_0;
    %subi 509, 0, 16;
    %store/vec4 v0x55f319194310_0, 0, 16;
    %jmp T_12.1;
T_12.0 ;
    %load/vec4 v0x55f31918f250_0;
    %load/vec4 v0x55f3191936c0_0;
    %add;
    %store/vec4 v0x55f31918f4b0_0, 0, 16;
    %load/vec4 v0x55f319190410_0;
    %load/vec4 v0x55f31918fa60_0;
    %sub;
    %store/vec4 v0x55f319193150_0, 0, 16;
    %load/vec4 v0x55f319193960_0;
    %addi 509, 0, 16;
    %store/vec4 v0x55f319194310_0, 0, 16;
T_12.1 ;
    %jmp T_12;
    .thread T_12, $push;
    .scope S_0x55f319188190;
T_13 ;
    %wait E_0x55f318f9b9a0;
    %load/vec4 v0x55f31918b8c0_0;
    %nor/r;
    %flag_set/vec4 8;
    %jmp/0xz  T_13.0, 8;
    %pushi/vec4 0, 0, 1;
    %assign/vec4 v0x55f31918c510_0, 0;
    %pushi/vec4 0, 0, 16;
    %assign/vec4 v0x55f31918f7c0_0, 0;
    %pushi/vec4 0, 0, 16;
    %assign/vec4 v0x55f3191933b0_0, 0;
    %pushi/vec4 0, 0, 16;
    %assign/vec4 v0x55f319197050_0, 0;
    %jmp T_13.1;
T_13.0 ;
    %load/vec4 v0x55f31918bb60_0;
    %assign/vec4 v0x55f31918c510_0, 0;
    %load/vec4 v0x55f31918bb60_0;
    %flag_set/vec4 8;
    %jmp/0xz  T_13.2, 8;
    %load/vec4 v0x55f31918f4b0_0;
    %assign/vec4 v0x55f31918f7c0_0, 0;
    %load/vec4 v0x55f319193150_0;
    %assign/vec4 v0x55f3191933b0_0, 0;
    %load/vec4 v0x55f319194310_0;
    %assign/vec4 v0x55f319197050_0, 0;
    %jmp T_13.3;
T_13.2 ;
    %pushi/vec4 0, 0, 16;
    %assign/vec4 v0x55f31918f7c0_0, 0;
    %pushi/vec4 0, 0, 16;
    %assign/vec4 v0x55f3191933b0_0, 0;
    %pushi/vec4 0, 0, 16;
    %assign/vec4 v0x55f319197050_0, 0;
T_13.3 ;
T_13.1 ;
    %jmp T_13;
    .thread T_13;
    .scope S_0x55f3191801a0;
T_14 ;
Ewait_6 .event/or E_0x55f31918c5b0, E_0x0;
    %wait Ewait_6;
    %load/vec4 v0x55f31919b1b0_0;
    %ix/load 4, 4, 0;
    %flag_set/imm 4, 0;
    %shiftr/s 4;
    %store/vec4 v0x55f31919c110_0, 0, 16;
    %load/vec4 v0x55f31919ee50_0;
    %ix/load 4, 4, 0;
    %flag_set/imm 4, 0;
    %shiftr/s 4;
    %store/vec4 v0x55f31919f660_0, 0, 16;
    %load/vec4 v0x55f3191a0010_0;
    %pad/s 32;
    %cmpi/s 0, 0, 32;
    %flag_inv 5; GE is !LT
    %jmp/0xz  T_14.0, 5;
    %load/vec4 v0x55f31919b1b0_0;
    %load/vec4 v0x55f31919f660_0;
    %sub;
    %store/vec4 v0x55f31919b4c0_0, 0, 16;
    %load/vec4 v0x55f31919ee50_0;
    %load/vec4 v0x55f31919c110_0;
    %add;
    %store/vec4 v0x55f31919f0b0_0, 0, 16;
    %load/vec4 v0x55f3191a0010_0;
    %subi 256, 0, 16;
    %store/vec4 v0x55f3191a2d50_0, 0, 16;
    %jmp T_14.1;
T_14.0 ;
    %load/vec4 v0x55f31919b1b0_0;
    %load/vec4 v0x55f31919f660_0;
    %add;
    %store/vec4 v0x55f31919b4c0_0, 0, 16;
    %load/vec4 v0x55f31919ee50_0;
    %load/vec4 v0x55f31919c110_0;
    %sub;
    %store/vec4 v0x55f31919f0b0_0, 0, 16;
    %load/vec4 v0x55f3191a0010_0;
    %addi 256, 0, 16;
    %store/vec4 v0x55f3191a2d50_0, 0, 16;
T_14.1 ;
    %jmp T_14;
    .thread T_14, $push;
    .scope S_0x55f3191801a0;
T_15 ;
    %wait E_0x55f318f9b9a0;
    %load/vec4 v0x55f319197860_0;
    %nor/r;
    %flag_set/vec4 8;
    %jmp/0xz  T_15.0, 8;
    %pushi/vec4 0, 0, 1;
    %assign/vec4 v0x55f31919af50_0, 0;
    %pushi/vec4 0, 0, 16;
    %assign/vec4 v0x55f31919b760_0, 0;
    %pushi/vec4 0, 0, 16;
    %assign/vec4 v0x55f31919f3c0_0, 0;
    %pushi/vec4 0, 0, 16;
    %assign/vec4 v0x55f3191a2fb0_0, 0;
    %jmp T_15.1;
T_15.0 ;
    %load/vec4 v0x55f319198210_0;
    %assign/vec4 v0x55f31919af50_0, 0;
    %load/vec4 v0x55f319198210_0;
    %flag_set/vec4 8;
    %jmp/0xz  T_15.2, 8;
    %load/vec4 v0x55f31919b4c0_0;
    %assign/vec4 v0x55f31919b760_0, 0;
    %load/vec4 v0x55f31919f0b0_0;
    %assign/vec4 v0x55f31919f3c0_0, 0;
    %load/vec4 v0x55f3191a2d50_0;
    %assign/vec4 v0x55f3191a2fb0_0, 0;
    %jmp T_15.3;
T_15.2 ;
    %pushi/vec4 0, 0, 16;
    %assign/vec4 v0x55f31919b760_0, 0;
    %pushi/vec4 0, 0, 16;
    %assign/vec4 v0x55f31919f3c0_0, 0;
    %pushi/vec4 0, 0, 16;
    %assign/vec4 v0x55f3191a2fb0_0, 0;
T_15.3 ;
T_15.1 ;
    %jmp T_15;
    .thread T_15;
    .scope S_0x55f3191783a0;
T_16 ;
Ewait_7 .event/or E_0x55f3191a2e10, E_0x0;
    %wait Ewait_7;
    %load/vec4 v0x55f3191a4730_0;
    %ix/load 4, 5, 0;
    %flag_set/imm 4, 0;
    %shiftr/s 4;
    %store/vec4 v0x55f3191b17e0_0, 0, 16;
    %load/vec4 v0x55f3191b1c70_0;
    %ix/load 4, 5, 0;
    %flag_set/imm 4, 0;
    %shiftr/s 4;
    %store/vec4 v0x55f3191b2bf0_0, 0, 16;
    %load/vec4 v0x55f3191b60e0_0;
    %pad/s 32;
    %cmpi/s 0, 0, 32;
    %flag_inv 5; GE is !LT
    %jmp/0xz  T_16.0, 5;
    %load/vec4 v0x55f3191a4730_0;
    %load/vec4 v0x55f3191b2bf0_0;
    %sub;
    %store/vec4 v0x55f3191a7890_0, 0, 16;
    %load/vec4 v0x55f3191b1c70_0;
    %load/vec4 v0x55f3191b17e0_0;
    %add;
    %store/vec4 v0x55f3191b21b0_0, 0, 16;
    %load/vec4 v0x55f3191b60e0_0;
    %subi 128, 0, 16;
    %store/vec4 v0x55f3191b6340_0, 0, 16;
    %jmp T_16.1;
T_16.0 ;
    %load/vec4 v0x55f3191a4730_0;
    %load/vec4 v0x55f3191b2bf0_0;
    %add;
    %store/vec4 v0x55f3191a7890_0, 0, 16;
    %load/vec4 v0x55f3191b1c70_0;
    %load/vec4 v0x55f3191b17e0_0;
    %sub;
    %store/vec4 v0x55f3191b21b0_0, 0, 16;
    %load/vec4 v0x55f3191b60e0_0;
    %addi 128, 0, 16;
    %store/vec4 v0x55f3191b6340_0, 0, 16;
T_16.1 ;
    %jmp T_16;
    .thread T_16, $push;
    .scope S_0x55f3191783a0;
T_17 ;
    %wait E_0x55f318f9b9a0;
    %load/vec4 v0x55f3191a4320_0;
    %nor/r;
    %flag_set/vec4 8;
    %jmp/0xz  T_17.0, 8;
    %pushi/vec4 0, 0, 1;
    %assign/vec4 v0x55f3191a6180_0, 0;
    %pushi/vec4 0, 0, 16;
    %assign/vec4 v0x55f3191a7a70_0, 0;
    %pushi/vec4 0, 0, 16;
    %assign/vec4 v0x55f3191b2680_0, 0;
    %pushi/vec4 0, 0, 16;
    %assign/vec4 v0x55f3191b6650_0, 0;
    %jmp T_17.1;
T_17.0 ;
    %load/vec4 v0x55f3191a5a30_0;
    %assign/vec4 v0x55f3191a6180_0, 0;
    %load/vec4 v0x55f3191a5a30_0;
    %flag_set/vec4 8;
    %jmp/0xz  T_17.2, 8;
    %load/vec4 v0x55f3191a7890_0;
    %assign/vec4 v0x55f3191a7a70_0, 0;
    %load/vec4 v0x55f3191b21b0_0;
    %assign/vec4 v0x55f3191b2680_0, 0;
    %load/vec4 v0x55f3191b6340_0;
    %assign/vec4 v0x55f3191b6650_0, 0;
    %jmp T_17.3;
T_17.2 ;
    %pushi/vec4 0, 0, 16;
    %assign/vec4 v0x55f3191a7a70_0, 0;
    %pushi/vec4 0, 0, 16;
    %assign/vec4 v0x55f3191b2680_0, 0;
    %pushi/vec4 0, 0, 16;
    %assign/vec4 v0x55f3191b6650_0, 0;
T_17.3 ;
T_17.1 ;
    %jmp T_17;
    .thread T_17;
    .scope S_0x55f31920cec0;
T_18 ;
Ewait_8 .event/or E_0x55f3191a6270, E_0x0;
    %wait Ewait_8;
    %load/vec4 v0x55f3191bdee0_0;
    %ix/load 4, 6, 0;
    %flag_set/imm 4, 0;
    %shiftr/s 4;
    %store/vec4 v0x55f3191be6f0_0, 0, 16;
    %load/vec4 v0x55f3191bf0a0_0;
    %ix/load 4, 6, 0;
    %flag_set/imm 4, 0;
    %shiftr/s 4;
    %store/vec4 v0x55f3191c2350_0, 0, 16;
    %load/vec4 v0x55f3191c25f0_0;
    %pad/s 32;
    %cmpi/s 0, 0, 32;
    %flag_inv 5; GE is !LT
    %jmp/0xz  T_18.0, 5;
    %load/vec4 v0x55f3191bdee0_0;
    %load/vec4 v0x55f3191c2350_0;
    %sub;
    %store/vec4 v0x55f3191be140_0, 0, 16;
    %load/vec4 v0x55f3191bf0a0_0;
    %load/vec4 v0x55f3191be6f0_0;
    %add;
    %store/vec4 v0x55f3191c1de0_0, 0, 16;
    %load/vec4 v0x55f3191c25f0_0;
    %subi 64, 0, 16;
    %store/vec4 v0x55f3191c2fa0_0, 0, 16;
    %jmp T_18.1;
T_18.0 ;
    %load/vec4 v0x55f3191bdee0_0;
    %load/vec4 v0x55f3191c2350_0;
    %add;
    %store/vec4 v0x55f3191be140_0, 0, 16;
    %load/vec4 v0x55f3191bf0a0_0;
    %load/vec4 v0x55f3191be6f0_0;
    %sub;
    %store/vec4 v0x55f3191c1de0_0, 0, 16;
    %load/vec4 v0x55f3191c25f0_0;
    %addi 64, 0, 16;
    %store/vec4 v0x55f3191c2fa0_0, 0, 16;
T_18.1 ;
    %jmp T_18;
    .thread T_18, $push;
    .scope S_0x55f31920cec0;
T_19 ;
    %wait E_0x55f318f9b9a0;
    %load/vec4 v0x55f3191ba240_0;
    %nor/r;
    %flag_set/vec4 8;
    %jmp/0xz  T_19.0, 8;
    %pushi/vec4 0, 0, 1;
    %assign/vec4 v0x55f3191bb1a0_0, 0;
    %pushi/vec4 0, 0, 16;
    %assign/vec4 v0x55f3191be450_0, 0;
    %pushi/vec4 0, 0, 16;
    %assign/vec4 v0x55f3191c2040_0, 0;
    %pushi/vec4 0, 0, 16;
    %assign/vec4 v0x55f3191c5ce0_0, 0;
    %jmp T_19.1;
T_19.0 ;
    %load/vec4 v0x55f3191ba7f0_0;
    %assign/vec4 v0x55f3191bb1a0_0, 0;
    %load/vec4 v0x55f3191ba7f0_0;
    %flag_set/vec4 8;
    %jmp/0xz  T_19.2, 8;
    %load/vec4 v0x55f3191be140_0;
    %assign/vec4 v0x55f3191be450_0, 0;
    %load/vec4 v0x55f3191c1de0_0;
    %assign/vec4 v0x55f3191c2040_0, 0;
    %load/vec4 v0x55f3191c2fa0_0;
    %assign/vec4 v0x55f3191c5ce0_0, 0;
    %jmp T_19.3;
T_19.2 ;
    %pushi/vec4 0, 0, 16;
    %assign/vec4 v0x55f3191be450_0, 0;
    %pushi/vec4 0, 0, 16;
    %assign/vec4 v0x55f3191c2040_0, 0;
    %pushi/vec4 0, 0, 16;
    %assign/vec4 v0x55f3191c5ce0_0, 0;
T_19.3 ;
T_19.1 ;
    %jmp T_19;
    .thread T_19;
    .scope S_0x55f3192050c0;
T_20 ;
Ewait_9 .event/or E_0x55f3191ba310, E_0x0;
    %wait Ewait_9;
    %load/vec4 v0x55f3191c9e40_0;
    %ix/load 4, 7, 0;
    %flag_set/imm 4, 0;
    %shiftr/s 4;
    %store/vec4 v0x55f3191cada0_0, 0, 16;
    %load/vec4 v0x55f3191cdae0_0;
    %ix/load 4, 7, 0;
    %flag_set/imm 4, 0;
    %shiftr/s 4;
    %store/vec4 v0x55f3191ce2f0_0, 0, 16;
    %load/vec4 v0x55f3191ceca0_0;
    %pad/s 32;
    %cmpi/s 0, 0, 32;
    %flag_inv 5; GE is !LT
    %jmp/0xz  T_20.0, 5;
    %load/vec4 v0x55f3191c9e40_0;
    %load/vec4 v0x55f3191ce2f0_0;
    %sub;
    %store/vec4 v0x55f3191ca150_0, 0, 16;
    %load/vec4 v0x55f3191cdae0_0;
    %load/vec4 v0x55f3191cada0_0;
    %add;
    %store/vec4 v0x55f3191cdd40_0, 0, 16;
    %load/vec4 v0x55f3191ceca0_0;
    %subi 32, 0, 16;
    %store/vec4 v0x55f3191d19e0_0, 0, 16;
    %jmp T_20.1;
T_20.0 ;
    %load/vec4 v0x55f3191c9e40_0;
    %load/vec4 v0x55f3191ce2f0_0;
    %add;
    %store/vec4 v0x55f3191ca150_0, 0, 16;
    %load/vec4 v0x55f3191cdae0_0;
    %load/vec4 v0x55f3191cada0_0;
    %sub;
    %store/vec4 v0x55f3191cdd40_0, 0, 16;
    %load/vec4 v0x55f3191ceca0_0;
    %addi 32, 0, 16;
    %store/vec4 v0x55f3191d19e0_0, 0, 16;
T_20.1 ;
    %jmp T_20;
    .thread T_20, $push;
    .scope S_0x55f3192050c0;
T_21 ;
    %wait E_0x55f318f9b9a0;
    %load/vec4 v0x55f3191c64f0_0;
    %nor/r;
    %flag_set/vec4 8;
    %jmp/0xz  T_21.0, 8;
    %pushi/vec4 0, 0, 1;
    %assign/vec4 v0x55f3191c9be0_0, 0;
    %pushi/vec4 0, 0, 16;
    %assign/vec4 v0x55f3191ca3f0_0, 0;
    %pushi/vec4 0, 0, 16;
    %assign/vec4 v0x55f3191ce050_0, 0;
    %pushi/vec4 0, 0, 16;
    %assign/vec4 v0x55f3191d1c40_0, 0;
    %jmp T_21.1;
T_21.0 ;
    %load/vec4 v0x55f3191c6ea0_0;
    %assign/vec4 v0x55f3191c9be0_0, 0;
    %load/vec4 v0x55f3191c6ea0_0;
    %flag_set/vec4 8;
    %jmp/0xz  T_21.2, 8;
    %load/vec4 v0x55f3191ca150_0;
    %assign/vec4 v0x55f3191ca3f0_0, 0;
    %load/vec4 v0x55f3191cdd40_0;
    %assign/vec4 v0x55f3191ce050_0, 0;
    %load/vec4 v0x55f3191d19e0_0;
    %assign/vec4 v0x55f3191d1c40_0, 0;
    %jmp T_21.3;
T_21.2 ;
    %pushi/vec4 0, 0, 16;
    %assign/vec4 v0x55f3191ca3f0_0, 0;
    %pushi/vec4 0, 0, 16;
    %assign/vec4 v0x55f3191ce050_0, 0;
    %pushi/vec4 0, 0, 16;
    %assign/vec4 v0x55f3191d1c40_0, 0;
T_21.3 ;
T_21.1 ;
    %jmp T_21;
    .thread T_21;
    .scope S_0x55f3191fd6c0;
T_22 ;
Ewait_10 .event/or E_0x55f3191be1e0, E_0x0;
    %wait Ewait_10;
    %load/vec4 v0x55f3191d5e50_0;
    %ix/load 4, 8, 0;
    %flag_set/imm 4, 0;
    %shiftr/s 4;
    %store/vec4 v0x55f3191d97e0_0, 0, 16;
    %load/vec4 v0x55f3191d9a40_0;
    %ix/load 4, 8, 0;
    %flag_set/imm 4, 0;
    %shiftr/s 4;
    %store/vec4 v0x55f3191da9a0_0, 0, 16;
    %load/vec4 v0x55f3191dd6e0_0;
    %pad/s 32;
    %cmpi/s 0, 0, 32;
    %flag_inv 5; GE is !LT
    %jmp/0xz  T_22.0, 5;
    %load/vec4 v0x55f3191d5e50_0;
    %load/vec4 v0x55f3191da9a0_0;
    %sub;
    %store/vec4 v0x55f3191d60f0_0, 0, 16;
    %load/vec4 v0x55f3191d9a40_0;
    %load/vec4 v0x55f3191d97e0_0;
    %add;
    %store/vec4 v0x55f3191d9d50_0, 0, 16;
    %load/vec4 v0x55f3191dd6e0_0;
    %subi 16, 0, 16;
    %store/vec4 v0x55f3191dd940_0, 0, 16;
    %jmp T_22.1;
T_22.0 ;
    %load/vec4 v0x55f3191d5e50_0;
    %load/vec4 v0x55f3191da9a0_0;
    %add;
    %store/vec4 v0x55f3191d60f0_0, 0, 16;
    %load/vec4 v0x55f3191d9a40_0;
    %load/vec4 v0x55f3191d97e0_0;
    %sub;
    %store/vec4 v0x55f3191d9d50_0, 0, 16;
    %load/vec4 v0x55f3191dd6e0_0;
    %addi 16, 0, 16;
    %store/vec4 v0x55f3191dd940_0, 0, 16;
T_22.1 ;
    %jmp T_22;
    .thread T_22, $push;
    .scope S_0x55f3191fd6c0;
T_23 ;
    %wait E_0x55f318f9b9a0;
    %load/vec4 v0x55f3191d2ba0_0;
    %nor/r;
    %flag_set/vec4 8;
    %jmp/0xz  T_23.0, 8;
    %pushi/vec4 0, 0, 1;
    %assign/vec4 v0x55f3191d5b40_0, 0;
    %pushi/vec4 0, 0, 16;
    %assign/vec4 v0x55f3191d6aa0_0, 0;
    %pushi/vec4 0, 0, 16;
    %assign/vec4 v0x55f3191d9ff0_0, 0;
    %pushi/vec4 0, 0, 16;
    %assign/vec4 v0x55f3191ddc50_0, 0;
    %jmp T_23.1;
T_23.0 ;
    %load/vec4 v0x55f3191d58e0_0;
    %assign/vec4 v0x55f3191d5b40_0, 0;
    %load/vec4 v0x55f3191d58e0_0;
    %flag_set/vec4 8;
    %jmp/0xz  T_23.2, 8;
    %load/vec4 v0x55f3191d60f0_0;
    %assign/vec4 v0x55f3191d6aa0_0, 0;
    %load/vec4 v0x55f3191d9d50_0;
    %assign/vec4 v0x55f3191d9ff0_0, 0;
    %load/vec4 v0x55f3191dd940_0;
    %assign/vec4 v0x55f3191ddc50_0, 0;
    %jmp T_23.3;
T_23.2 ;
    %pushi/vec4 0, 0, 16;
    %assign/vec4 v0x55f3191d6aa0_0, 0;
    %pushi/vec4 0, 0, 16;
    %assign/vec4 v0x55f3191d9ff0_0, 0;
    %pushi/vec4 0, 0, 16;
    %assign/vec4 v0x55f3191ddc50_0, 0;
T_23.3 ;
T_23.1 ;
    %jmp T_23;
    .thread T_23;
    .scope S_0x55f3191ea120;
T_24 ;
Ewait_11 .event/or E_0x55f3191de8a0, E_0x0;
    %wait Ewait_11;
    %load/vec4 v0x55f3191e1df0_0;
    %ix/load 4, 9, 0;
    %flag_set/imm 4, 0;
    %shiftr/s 4;
    %store/vec4 v0x55f3191e5740_0, 0, 16;
    %load/vec4 v0x55f3191e5a50_0;
    %ix/load 4, 9, 0;
    %flag_set/imm 4, 0;
    %shiftr/s 4;
    %store/vec4 v0x55f3191e93e0_0, 0, 16;
    %load/vec4 v0x55f3191e9640_0;
    %pad/s 32;
    %cmpi/s 0, 0, 32;
    %flag_inv 5; GE is !LT
    %jmp/0xz  T_24.0, 5;
    %load/vec4 v0x55f3191e1df0_0;
    %load/vec4 v0x55f3191e93e0_0;
    %sub;
    %store/vec4 v0x55f3191e27a0_0, 0, 16;
    %load/vec4 v0x55f3191e5a50_0;
    %load/vec4 v0x55f3191e5740_0;
    %add;
    %store/vec4 v0x55f3191e5cf0_0, 0, 16;
    %load/vec4 v0x55f3191e9640_0;
    %subi 8, 0, 16;
    %store/vec4 v0x55f3191e9950_0, 0, 16;
    %jmp T_24.1;
T_24.0 ;
    %load/vec4 v0x55f3191e1df0_0;
    %load/vec4 v0x55f3191e93e0_0;
    %add;
    %store/vec4 v0x55f3191e27a0_0, 0, 16;
    %load/vec4 v0x55f3191e5a50_0;
    %load/vec4 v0x55f3191e5740_0;
    %sub;
    %store/vec4 v0x55f3191e5cf0_0, 0, 16;
    %load/vec4 v0x55f3191e9640_0;
    %addi 8, 0, 16;
    %store/vec4 v0x55f3191e9950_0, 0, 16;
T_24.1 ;
    %jmp T_24;
    .thread T_24, $push;
    .scope S_0x55f3191ea120;
T_25 ;
    %wait E_0x55f318f9b9a0;
    %load/vec4 v0x55f3191e15e0_0;
    %nor/r;
    %flag_set/vec4 8;
    %jmp/0xz  T_25.0, 8;
    %pushi/vec4 0, 0, 1;
    %assign/vec4 v0x55f3191e1b50_0, 0;
    %pushi/vec4 0, 0, 16;
    %assign/vec4 v0x55f3191e54e0_0, 0;
    %pushi/vec4 0, 0, 16;
    %assign/vec4 v0x55f3191e66a0_0, 0;
    %pushi/vec4 0, 0, 16;
    %assign/vec4 v0x55f3191e9bf0_0, 0;
    %jmp T_25.1;
T_25.0 ;
    %load/vec4 v0x55f3191e1840_0;
    %assign/vec4 v0x55f3191e1b50_0, 0;
    %load/vec4 v0x55f3191e1840_0;
    %flag_set/vec4 8;
    %jmp/0xz  T_25.2, 8;
    %load/vec4 v0x55f3191e27a0_0;
    %assign/vec4 v0x55f3191e54e0_0, 0;
    %load/vec4 v0x55f3191e5cf0_0;
    %assign/vec4 v0x55f3191e66a0_0, 0;
    %load/vec4 v0x55f3191e9950_0;
    %assign/vec4 v0x55f3191e9bf0_0, 0;
    %jmp T_25.3;
T_25.2 ;
    %pushi/vec4 0, 0, 16;
    %assign/vec4 v0x55f3191e54e0_0, 0;
    %pushi/vec4 0, 0, 16;
    %assign/vec4 v0x55f3191e66a0_0, 0;
    %pushi/vec4 0, 0, 16;
    %assign/vec4 v0x55f3191e9bf0_0, 0;
T_25.3 ;
T_25.1 ;
    %jmp T_25;
    .thread T_25;
    .scope S_0x55f3191e2320;
T_26 ;
Ewait_12 .event/or E_0x55f3191e2840, E_0x0;
    %wait Ewait_12;
    %load/vec4 v0x55f3191ee8b0_0;
    %ix/load 4, 10, 0;
    %flag_set/imm 4, 0;
    %shiftr/s 4;
    %store/vec4 v0x55f3191eecc0_0, 0, 16;
    %load/vec4 v0x55f3191f1e20_0;
    %ix/load 4, 10, 0;
    %flag_set/imm 4, 0;
    %shiftr/s 4;
    %store/vec4 v0x55f3191fc200_0, 0, 16;
    %load/vec4 v0x55f3191fc740_0;
    %pad/s 32;
    %cmpi/s 0, 0, 32;
    %flag_inv 5; GE is !LT
    %jmp/0xz  T_26.0, 5;
    %load/vec4 v0x55f3191ee8b0_0;
    %load/vec4 v0x55f3191fc200_0;
    %sub;
    %store/vec4 v0x55f3191effc0_0, 0, 16;
    %load/vec4 v0x55f3191f1e20_0;
    %load/vec4 v0x55f3191eecc0_0;
    %add;
    %store/vec4 v0x55f3191f2000_0, 0, 16;
    %load/vec4 v0x55f3191fc740_0;
    %subi 4, 0, 16;
    %store/vec4 v0x55f3191fcc10_0, 0, 16;
    %jmp T_26.1;
T_26.0 ;
    %load/vec4 v0x55f3191ee8b0_0;
    %load/vec4 v0x55f3191fc200_0;
    %add;
    %store/vec4 v0x55f3191effc0_0, 0, 16;
    %load/vec4 v0x55f3191f1e20_0;
    %load/vec4 v0x55f3191eecc0_0;
    %sub;
    %store/vec4 v0x55f3191f2000_0, 0, 16;
    %load/vec4 v0x55f3191fc740_0;
    %addi 4, 0, 16;
    %store/vec4 v0x55f3191fcc10_0, 0, 16;
T_26.1 ;
    %jmp T_26;
    .thread T_26, $push;
    .scope S_0x55f3191e2320;
T_27 ;
    %wait E_0x55f318f9b9a0;
    %load/vec4 v0x55f3191ed540_0;
    %nor/r;
    %flag_set/vec4 8;
    %jmp/0xz  T_27.0, 8;
    %pushi/vec4 0, 0, 1;
    %assign/vec4 v0x55f3191ee4a0_0, 0;
    %pushi/vec4 0, 0, 16;
    %assign/vec4 v0x55f3191f0710_0, 0;
    %pushi/vec4 0, 0, 16;
    %assign/vec4 v0x55f3191fbd70_0, 0;
    %pushi/vec4 0, 0, 16;
    %assign/vec4 v0x55f3191fd180_0, 0;
    %jmp T_27.1;
T_27.0 ;
    %load/vec4 v0x55f3191ed850_0;
    %assign/vec4 v0x55f3191ee4a0_0, 0;
    %load/vec4 v0x55f3191ed850_0;
    %flag_set/vec4 8;
    %jmp/0xz  T_27.2, 8;
    %load/vec4 v0x55f3191effc0_0;
    %assign/vec4 v0x55f3191f0710_0, 0;
    %load/vec4 v0x55f3191f2000_0;
    %assign/vec4 v0x55f3191fbd70_0, 0;
    %load/vec4 v0x55f3191fcc10_0;
    %assign/vec4 v0x55f3191fd180_0, 0;
    %jmp T_27.3;
T_27.2 ;
    %pushi/vec4 0, 0, 16;
    %assign/vec4 v0x55f3191f0710_0, 0;
    %pushi/vec4 0, 0, 16;
    %assign/vec4 v0x55f3191fbd70_0, 0;
    %pushi/vec4 0, 0, 16;
    %assign/vec4 v0x55f3191fd180_0, 0;
T_27.3 ;
T_27.1 ;
    %jmp T_27;
    .thread T_27;
    .scope S_0x55f3191da520;
T_28 ;
Ewait_13 .event/or E_0x55f3191ee540, E_0x0;
    %wait Ewait_13;
    %load/vec4 v0x55f319204570_0;
    %ix/load 4, 11, 0;
    %flag_set/imm 4, 0;
    %shiftr/s 4;
    %store/vec4 v0x55f319204d80_0, 0, 16;
    %load/vec4 v0x55f319205730_0;
    %ix/load 4, 11, 0;
    %flag_set/imm 4, 0;
    %shiftr/s 4;
    %store/vec4 v0x55f3192089e0_0, 0, 16;
    %load/vec4 v0x55f319208c80_0;
    %pad/s 32;
    %cmpi/s 0, 0, 32;
    %flag_inv 5; GE is !LT
    %jmp/0xz  T_28.0, 5;
    %load/vec4 v0x55f319204570_0;
    %load/vec4 v0x55f3192089e0_0;
    %sub;
    %store/vec4 v0x55f3192047d0_0, 0, 16;
    %load/vec4 v0x55f319205730_0;
    %load/vec4 v0x55f319204d80_0;
    %add;
    %store/vec4 v0x55f319208470_0, 0, 16;
    %load/vec4 v0x55f319208c80_0;
    %subi 2, 0, 16;
    %store/vec4 v0x55f319209630_0, 0, 16;
    %jmp T_28.1;
T_28.0 ;
    %load/vec4 v0x55f319204570_0;
    %load/vec4 v0x55f3192089e0_0;
    %add;
    %store/vec4 v0x55f3192047d0_0, 0, 16;
    %load/vec4 v0x55f319205730_0;
    %load/vec4 v0x55f319204d80_0;
    %sub;
    %store/vec4 v0x55f319208470_0, 0, 16;
    %load/vec4 v0x55f319208c80_0;
    %addi 2, 0, 16;
    %store/vec4 v0x55f319209630_0, 0, 16;
T_28.1 ;
    %jmp T_28;
    .thread T_28, $push;
    .scope S_0x55f3191da520;
T_29 ;
    %wait E_0x55f318f9b9a0;
    %load/vec4 v0x55f319200be0_0;
    %nor/r;
    %flag_set/vec4 8;
    %jmp/0xz  T_29.0, 8;
    %pushi/vec4 0, 0, 1;
    %assign/vec4 v0x55f319201830_0, 0;
    %pushi/vec4 0, 0, 16;
    %assign/vec4 v0x55f319204ae0_0, 0;
    %pushi/vec4 0, 0, 16;
    %assign/vec4 v0x55f3192086d0_0, 0;
    %pushi/vec4 0, 0, 16;
    %assign/vec4 v0x55f31920c370_0, 0;
    %jmp T_29.1;
T_29.0 ;
    %load/vec4 v0x55f319200e80_0;
    %assign/vec4 v0x55f319201830_0, 0;
    %load/vec4 v0x55f319200e80_0;
    %flag_set/vec4 8;
    %jmp/0xz  T_29.2, 8;
    %load/vec4 v0x55f3192047d0_0;
    %assign/vec4 v0x55f319204ae0_0, 0;
    %load/vec4 v0x55f319208470_0;
    %assign/vec4 v0x55f3192086d0_0, 0;
    %load/vec4 v0x55f319209630_0;
    %assign/vec4 v0x55f31920c370_0, 0;
    %jmp T_29.3;
T_29.2 ;
    %pushi/vec4 0, 0, 16;
    %assign/vec4 v0x55f319204ae0_0, 0;
    %pushi/vec4 0, 0, 16;
    %assign/vec4 v0x55f3192086d0_0, 0;
    %pushi/vec4 0, 0, 16;
    %assign/vec4 v0x55f31920c370_0, 0;
T_29.3 ;
T_29.1 ;
    %jmp T_29;
    .thread T_29;
    .scope S_0x55f3191d2720;
T_30 ;
Ewait_14 .event/or E_0x55f3192018d0, E_0x0;
    %wait Ewait_14;
    %load/vec4 v0x55f3192104d0_0;
    %ix/load 4, 12, 0;
    %flag_set/imm 4, 0;
    %shiftr/s 4;
    %store/vec4 v0x55f319211430_0, 0, 16;
    %load/vec4 v0x55f319214170_0;
    %ix/load 4, 12, 0;
    %flag_set/imm 4, 0;
    %shiftr/s 4;
    %store/vec4 v0x55f319214980_0, 0, 16;
    %load/vec4 v0x55f319215330_0;
    %pad/s 32;
    %cmpi/s 0, 0, 32;
    %flag_inv 5; GE is !LT
    %jmp/0xz  T_30.0, 5;
    %load/vec4 v0x55f3192104d0_0;
    %load/vec4 v0x55f319214980_0;
    %sub;
    %store/vec4 v0x55f3192107e0_0, 0, 16;
    %load/vec4 v0x55f319214170_0;
    %load/vec4 v0x55f319211430_0;
    %add;
    %store/vec4 v0x55f3192143d0_0, 0, 16;
    %load/vec4 v0x55f319215330_0;
    %subi 1, 0, 16;
    %store/vec4 v0x55f319218070_0, 0, 16;
    %jmp T_30.1;
T_30.0 ;
    %load/vec4 v0x55f3192104d0_0;
    %load/vec4 v0x55f319214980_0;
    %add;
    %store/vec4 v0x55f3192107e0_0, 0, 16;
    %load/vec4 v0x55f319214170_0;
    %load/vec4 v0x55f319211430_0;
    %sub;
    %store/vec4 v0x55f3192143d0_0, 0, 16;
    %load/vec4 v0x55f319215330_0;
    %addi 1, 0, 16;
    %store/vec4 v0x55f319218070_0, 0, 16;
T_30.1 ;
    %jmp T_30;
    .thread T_30, $push;
    .scope S_0x55f3191d2720;
T_31 ;
    %wait E_0x55f318f9b9a0;
    %load/vec4 v0x55f31920cb80_0;
    %nor/r;
    %flag_set/vec4 8;
    %jmp/0xz  T_31.0, 8;
    %pushi/vec4 0, 0, 1;
    %assign/vec4 v0x55f319210270_0, 0;
    %pushi/vec4 0, 0, 16;
    %assign/vec4 v0x55f319210a80_0, 0;
    %pushi/vec4 0, 0, 16;
    %assign/vec4 v0x55f3192146e0_0, 0;
    %pushi/vec4 0, 0, 16;
    %assign/vec4 v0x55f3192182d0_0, 0;
    %jmp T_31.1;
T_31.0 ;
    %load/vec4 v0x55f31920d530_0;
    %assign/vec4 v0x55f319210270_0, 0;
    %load/vec4 v0x55f31920d530_0;
    %flag_set/vec4 8;
    %jmp/0xz  T_31.2, 8;
    %load/vec4 v0x55f3192107e0_0;
    %assign/vec4 v0x55f319210a80_0, 0;
    %load/vec4 v0x55f3192143d0_0;
    %assign/vec4 v0x55f3192146e0_0, 0;
    %load/vec4 v0x55f319218070_0;
    %assign/vec4 v0x55f3192182d0_0, 0;
    %jmp T_31.3;
T_31.2 ;
    %pushi/vec4 0, 0, 16;
    %assign/vec4 v0x55f319210a80_0, 0;
    %pushi/vec4 0, 0, 16;
    %assign/vec4 v0x55f3192146e0_0, 0;
    %pushi/vec4 0, 0, 16;
    %assign/vec4 v0x55f3192182d0_0, 0;
T_31.3 ;
T_31.1 ;
    %jmp T_31;
    .thread T_31;
    .scope S_0x55f3191ca730;
T_32 ;
Ewait_15 .event/or E_0x55f319204640, E_0x0;
    %wait Ewait_15;
    %load/vec4 v0x55f31921c4e0_0;
    %ix/load 4, 13, 0;
    %flag_set/imm 4, 0;
    %shiftr/s 4;
    %store/vec4 v0x55f31921fe70_0, 0, 16;
    %load/vec4 v0x55f3192200d0_0;
    %ix/load 4, 13, 0;
    %flag_set/imm 4, 0;
    %shiftr/s 4;
    %store/vec4 v0x55f319221030_0, 0, 16;
    %load/vec4 v0x55f319223d70_0;
    %pad/s 32;
    %cmpi/s 0, 0, 32;
    %flag_inv 5; GE is !LT
    %jmp/0xz  T_32.0, 5;
    %load/vec4 v0x55f31921c4e0_0;
    %load/vec4 v0x55f319221030_0;
    %sub;
    %store/vec4 v0x55f31921c780_0, 0, 16;
    %load/vec4 v0x55f3192200d0_0;
    %load/vec4 v0x55f31921fe70_0;
    %add;
    %store/vec4 v0x55f3192203e0_0, 0, 16;
    %load/vec4 v0x55f319223d70_0;
    %subi 1, 0, 16;
    %store/vec4 v0x55f319223fd0_0, 0, 16;
    %jmp T_32.1;
T_32.0 ;
    %load/vec4 v0x55f31921c4e0_0;
    %load/vec4 v0x55f319221030_0;
    %add;
    %store/vec4 v0x55f31921c780_0, 0, 16;
    %load/vec4 v0x55f3192200d0_0;
    %load/vec4 v0x55f31921fe70_0;
    %sub;
    %store/vec4 v0x55f3192203e0_0, 0, 16;
    %load/vec4 v0x55f319223d70_0;
    %addi 1, 0, 16;
    %store/vec4 v0x55f319223fd0_0, 0, 16;
T_32.1 ;
    %jmp T_32;
    .thread T_32, $push;
    .scope S_0x55f3191ca730;
T_33 ;
    %wait E_0x55f318f9b9a0;
    %load/vec4 v0x55f319219230_0;
    %nor/r;
    %flag_set/vec4 8;
    %jmp/0xz  T_33.0, 8;
    %pushi/vec4 0, 0, 1;
    %assign/vec4 v0x55f31921c1d0_0, 0;
    %pushi/vec4 0, 0, 16;
    %assign/vec4 v0x55f31921d130_0, 0;
    %pushi/vec4 0, 0, 16;
    %assign/vec4 v0x55f319220680_0, 0;
    %pushi/vec4 0, 0, 16;
    %assign/vec4 v0x55f3192242e0_0, 0;
    %jmp T_33.1;
T_33.0 ;
    %load/vec4 v0x55f31921bf70_0;
    %assign/vec4 v0x55f31921c1d0_0, 0;
    %load/vec4 v0x55f31921bf70_0;
    %flag_set/vec4 8;
    %jmp/0xz  T_33.2, 8;
    %load/vec4 v0x55f31921c780_0;
    %assign/vec4 v0x55f31921d130_0, 0;
    %load/vec4 v0x55f3192203e0_0;
    %assign/vec4 v0x55f319220680_0, 0;
    %load/vec4 v0x55f319223fd0_0;
    %assign/vec4 v0x55f3192242e0_0, 0;
    %jmp T_33.3;
T_33.2 ;
    %pushi/vec4 0, 0, 16;
    %assign/vec4 v0x55f31921d130_0, 0;
    %pushi/vec4 0, 0, 16;
    %assign/vec4 v0x55f319220680_0, 0;
    %pushi/vec4 0, 0, 16;
    %assign/vec4 v0x55f3192242e0_0, 0;
T_33.3 ;
T_33.1 ;
    %jmp T_33;
    .thread T_33;
    .scope S_0x55f319210dc0;
T_34 ;
Ewait_16 .event/or E_0x55f319224f30, E_0x0;
    %wait Ewait_16;
    %load/vec4 v0x55f318fa2320_0;
    %ix/load 4, 14, 0;
    %flag_set/imm 4, 0;
    %shiftr/s 4;
    %store/vec4 v0x55f319227ed0_0, 0, 16;
    %load/vec4 v0x55f3192281e0_0;
    %ix/load 4, 14, 0;
    %flag_set/imm 4, 0;
    %shiftr/s 4;
    %store/vec4 v0x55f31922bb70_0, 0, 16;
    %load/vec4 v0x55f31922bdd0_0;
    %pad/s 32;
    %cmpi/s 0, 0, 32;
    %flag_inv 5; GE is !LT
    %jmp/0xz  T_34.0, 5;
    %load/vec4 v0x55f318fa2320_0;
    %load/vec4 v0x55f31922bb70_0;
    %sub;
    %store/vec4 v0x55f319285b90_0, 0, 16;
    %load/vec4 v0x55f3192281e0_0;
    %load/vec4 v0x55f319227ed0_0;
    %add;
    %store/vec4 v0x55f319228480_0, 0, 16;
    %load/vec4 v0x55f31922bdd0_0;
    %subi 0, 0, 16;
    %store/vec4 v0x55f31922c0e0_0, 0, 16;
    %jmp T_34.1;
T_34.0 ;
    %load/vec4 v0x55f318fa2320_0;
    %load/vec4 v0x55f31922bb70_0;
    %add;
    %store/vec4 v0x55f319285b90_0, 0, 16;
    %load/vec4 v0x55f3192281e0_0;
    %load/vec4 v0x55f319227ed0_0;
    %sub;
    %store/vec4 v0x55f319228480_0, 0, 16;
    %load/vec4 v0x55f31922bdd0_0;
    %addi 0, 0, 16;
    %store/vec4 v0x55f31922c0e0_0, 0, 16;
T_34.1 ;
    %jmp T_34;
    .thread T_34, $push;
    .scope S_0x55f319210dc0;
T_35 ;
    %wait E_0x55f318f9b9a0;
    %load/vec4 v0x55f319285ad0_0;
    %nor/r;
    %flag_set/vec4 8;
    %jmp/0xz  T_35.0, 8;
    %pushi/vec4 0, 0, 1;
    %assign/vec4 v0x55f318fa2280_0, 0;
    %pushi/vec4 0, 0, 16;
    %assign/vec4 v0x55f319227c70_0, 0;
    %pushi/vec4 0, 0, 16;
    %assign/vec4 v0x55f319228e30_0, 0;
    %pushi/vec4 0, 0, 16;
    %assign/vec4 v0x55f31922c380_0, 0;
    %jmp T_35.1;
T_35.0 ;
    %load/vec4 v0x55f318fa21b0_0;
    %assign/vec4 v0x55f318fa2280_0, 0;
    %load/vec4 v0x55f318fa21b0_0;
    %flag_set/vec4 8;
    %jmp/0xz  T_35.2, 8;
    %load/vec4 v0x55f319285b90_0;
    %assign/vec4 v0x55f319227c70_0, 0;
    %load/vec4 v0x55f319228480_0;
    %assign/vec4 v0x55f319228e30_0, 0;
    %load/vec4 v0x55f31922c0e0_0;
    %assign/vec4 v0x55f31922c380_0, 0;
    %jmp T_35.3;
T_35.2 ;
    %pushi/vec4 0, 0, 16;
    %assign/vec4 v0x55f319227c70_0, 0;
    %pushi/vec4 0, 0, 16;
    %assign/vec4 v0x55f319228e30_0, 0;
    %pushi/vec4 0, 0, 16;
    %assign/vec4 v0x55f31922c380_0, 0;
T_35.3 ;
T_35.1 ;
    %jmp T_35;
    .thread T_35;
    .scope S_0x55f31923d810;
T_36 ;
Ewait_17 .event/or E_0x55f31922faf0, E_0x0;
    %wait Ewait_17;
    %load/vec4 v0x55f319233970_0;
    %ix/load 4, 15, 0;
    %flag_set/imm 4, 0;
    %shiftr/s 4;
    %store/vec4 v0x55f319234180_0, 0, 16;
    %load/vec4 v0x55f319234b30_0;
    %ix/load 4, 15, 0;
    %flag_set/imm 4, 0;
    %shiftr/s 4;
    %store/vec4 v0x55f319237de0_0, 0, 16;
    %load/vec4 v0x55f319238a30_0;
    %pad/s 32;
    %cmpi/s 0, 0, 32;
    %flag_inv 5; GE is !LT
    %jmp/0xz  T_36.0, 5;
    %load/vec4 v0x55f319233970_0;
    %load/vec4 v0x55f319237de0_0;
    %sub;
    %store/vec4 v0x55f319233bd0_0, 0, 16;
    %load/vec4 v0x55f319234b30_0;
    %load/vec4 v0x55f319234180_0;
    %add;
    %store/vec4 v0x55f319237870_0, 0, 16;
    %load/vec4 v0x55f319238a30_0;
    %subi 0, 0, 16;
    %store/vec4 v0x55f319238e40_0, 0, 16;
    %jmp T_36.1;
T_36.0 ;
    %load/vec4 v0x55f319233970_0;
    %load/vec4 v0x55f319237de0_0;
    %add;
    %store/vec4 v0x55f319233bd0_0, 0, 16;
    %load/vec4 v0x55f319234b30_0;
    %load/vec4 v0x55f319234180_0;
    %sub;
    %store/vec4 v0x55f319237870_0, 0, 16;
    %load/vec4 v0x55f319238a30_0;
    %addi 0, 0, 16;
    %store/vec4 v0x55f319238e40_0, 0, 16;
T_36.1 ;
    %jmp T_36;
    .thread T_36, $push;
    .scope S_0x55f31923d810;
T_37 ;
    %wait E_0x55f318f9b9a0;
    %load/vec4 v0x55f31922ffe0_0;
    %nor/r;
    %flag_set/vec4 8;
    %jmp/0xz  T_37.0, 8;
    %pushi/vec4 0, 0, 1;
    %assign/vec4 v0x55f319230c30_0, 0;
    %pushi/vec4 0, 0, 16;
    %assign/vec4 v0x55f319233ee0_0, 0;
    %pushi/vec4 0, 0, 16;
    %assign/vec4 v0x55f319237ad0_0, 0;
    %pushi/vec4 0, 0, 16;
    %assign/vec4 v0x55f31923a550_0, 0;
    %jmp T_37.1;
T_37.0 ;
    %load/vec4 v0x55f319230280_0;
    %assign/vec4 v0x55f319230c30_0, 0;
    %load/vec4 v0x55f319230280_0;
    %flag_set/vec4 8;
    %jmp/0xz  T_37.2, 8;
    %load/vec4 v0x55f319233bd0_0;
    %assign/vec4 v0x55f319233ee0_0, 0;
    %load/vec4 v0x55f319237870_0;
    %assign/vec4 v0x55f319237ad0_0, 0;
    %load/vec4 v0x55f319238e40_0;
    %assign/vec4 v0x55f31923a550_0, 0;
    %jmp T_37.3;
T_37.2 ;
    %pushi/vec4 0, 0, 16;
    %assign/vec4 v0x55f319233ee0_0, 0;
    %pushi/vec4 0, 0, 16;
    %assign/vec4 v0x55f319237ad0_0, 0;
    %pushi/vec4 0, 0, 16;
    %assign/vec4 v0x55f31923a550_0, 0;
T_37.3 ;
T_37.1 ;
    %jmp T_37;
    .thread T_37;
    .scope S_0x55f3192307b0;
T_38 ;
Ewait_18 .event/or E_0x55f318f9ac40, E_0x0;
    %wait Ewait_18;
    %load/vec4 v0x55f3191d9460_0;
    %pad/s 32;
    %load/vec4 v0x55f3192041f0_0;
    %pad/s 32;
    %mul;
    %store/vec4 v0x55f3191ac7f0_0, 0, 32;
    %load/vec4 v0x55f3191ac7f0_0;
    %addi 2048, 0, 32;
    %ix/load 4, 12, 0;
    %flag_set/imm 4, 0;
    %shiftr/s 4;
    %store/vec4 v0x55f3191ecf60_0, 0, 32;
    %load/vec4 v0x55f3191e5200_0;
    %flag_set/vec4 8;
    %jmp/1 T_38.2, 8;
    %load/vec4 v0x55f3191d9460_0;
    %cmpi/e 0, 0, 16;
    %flag_get/vec4 4;
    %jmp/0 T_38.3, 4;
    %load/vec4 v0x55f3192041f0_0;
    %pushi/vec4 0, 0, 16;
    %cmp/e;
    %flag_get/vec4 4;
    %and;
T_38.3;
    %flag_set/vec4 9;
    %flag_or 8, 9;
T_38.2;
    %jmp/0xz  T_38.0, 8;
    %load/vec4 v0x55f3191e1260_0;
    %pad/s 33;
    %store/vec4 v0x55f3191e9060_0, 0, 33;
    %jmp T_38.1;
T_38.0 ;
    %load/vec4 v0x55f3191dd360_0;
    %pad/s 33;
    %store/vec4 v0x55f3191e9060_0, 0, 33;
T_38.1 ;
    %load/vec4 v0x55f3191e9060_0;
    %load/vec4 v0x55f3191ecf60_0;
    %pad/s 33;
    %add;
    %store/vec4 v0x55f3191f8ed0_0, 0, 33;
    %jmp T_38;
    .thread T_38, $push;
    .scope S_0x55f3192307b0;
T_39 ;
    %wait E_0x55f318f9b9a0;
    %load/vec4 v0x55f3191f8e30_0;
    %nor/r;
    %flag_set/vec4 8;
    %jmp/0xz  T_39.0, 8;
    %pushi/vec4 0, 0, 1;
    %assign/vec4 v0x55f3192002f0_0, 0;
    %pushi/vec4 0, 0, 16;
    %assign/vec4 v0x55f3191dd360_0, 0;
    %pushi/vec4 0, 0, 1;
    %assign/vec4 v0x55f3191f4c90_0, 0;
    %jmp T_39.1;
T_39.0 ;
    %load/vec4 v0x55f3191fb9f0_0;
    %flag_set/vec4 8;
    %flag_get/vec4 8;
    %jmp/0 T_39.2, 8;
    %load/vec4 v0x55f3191e5200_0;
    %nor/r;
    %and;
T_39.2;
    %assign/vec4 v0x55f3192002f0_0, 0;
    %load/vec4 v0x55f3191fb9f0_0;
    %flag_set/vec4 8;
    %jmp/0xz  T_39.3, 8;
    %load/vec4 v0x55f3191f8ed0_0;
    %cmpi/s 32767, 0, 33;
    %flag_or 5, 4; GT is !LE
    %flag_inv 5;
    %jmp/0xz  T_39.5, 5;
    %pushi/vec4 1, 0, 1;
    %assign/vec4 v0x55f3191f4c90_0, 0;
    %pushi/vec4 32767, 0, 16;
    %assign/vec4 v0x55f3191dd360_0, 0;
    %jmp T_39.6;
T_39.5 ;
    %load/vec4 v0x55f3191f8ed0_0;
    %pushi/vec4 4294950912, 0, 32;
    %concati/vec4 0, 0, 1;
    %cmp/s;
    %jmp/0xz  T_39.7, 5;
    %pushi/vec4 1, 0, 1;
    %assign/vec4 v0x55f3191f4c90_0, 0;
    %pushi/vec4 32768, 0, 16;
    %assign/vec4 v0x55f3191dd360_0, 0;
    %jmp T_39.8;
T_39.7 ;
    %pushi/vec4 0, 0, 1;
    %assign/vec4 v0x55f3191f4c90_0, 0;
    %load/vec4 v0x55f3191f8ed0_0;
    %parti/s 16, 0, 2;
    %assign/vec4 v0x55f3191dd360_0, 0;
T_39.8 ;
T_39.6 ;
T_39.3 ;
T_39.1 ;
    %jmp T_39;
    .thread T_39;
    .scope S_0x55f31928f160;
T_40 ;
Ewait_19 .event/or E_0x55f31928f580, E_0x0;
    %wait Ewait_19;
    %load/vec4 v0x55f31928f700_0;
    %pad/s 32;
    %store/vec4 v0x55f31928f890_0, 0, 32;
    %load/vec4 v0x55f31928f890_0;
    %muli 30, 0, 32;
    %store/vec4 v0x55f31928fac0_0, 0, 32;
    %load/vec4 v0x55f31928fac0_0;
    %pushi/vec4 25736, 0, 32;
    %mod/s;
    %store/vec4 v0x55f31928f980_0, 0, 32;
    %load/vec4 v0x55f31928f980_0;
    %cmpi/s 12868, 0, 32;
    %flag_or 5, 4; GT is !LE
    %flag_inv 5;
    %jmp/0xz  T_40.0, 5;
    %load/vec4 v0x55f31928f980_0;
    %subi 25736, 0, 32;
    %store/vec4 v0x55f31928f5c0_0, 0, 32;
    %jmp T_40.1;
T_40.0 ;
    %load/vec4 v0x55f31928f980_0;
    %cmpi/s 4294954428, 0, 32;
    %jmp/0xz  T_40.2, 5;
    %load/vec4 v0x55f31928f980_0;
    %addi 25736, 0, 32;
    %store/vec4 v0x55f31928f5c0_0, 0, 32;
    %jmp T_40.3;
T_40.2 ;
    %load/vec4 v0x55f31928f980_0;
    %store/vec4 v0x55f31928f5c0_0, 0, 32;
T_40.3 ;
T_40.1 ;
    %jmp T_40;
    .thread T_40, $push;
    .scope S_0x55f31928f160;
T_41 ;
    %wait E_0x55f318f9b9a0;
    %load/vec4 v0x55f31928fa20_0;
    %nor/r;
    %flag_set/vec4 8;
    %jmp/0xz  T_41.0, 8;
    %pushi/vec4 0, 0, 1;
    %assign/vec4 v0x55f31928fc00_0, 0;
    %pushi/vec4 0, 0, 16;
    %assign/vec4 v0x55f31928f7a0_0, 0;
    %jmp T_41.1;
T_41.0 ;
    %load/vec4 v0x55f31928fb60_0;
    %assign/vec4 v0x55f31928fc00_0, 0;
    %load/vec4 v0x55f31928fb60_0;
    %flag_set/vec4 8;
    %jmp/0xz  T_41.2, 8;
    %load/vec4 v0x55f31928f5c0_0;
    %parti/s 16, 0, 2;
    %assign/vec4 v0x55f31928f7a0_0, 0;
T_41.2 ;
T_41.1 ;
    %jmp T_41;
    .thread T_41;
    .scope S_0x55f3192289b0;
T_42 ;
    %wait E_0x55f3191d9560;
    %load/vec4 v0x55f31921bbf0_0;
    %pad/s 32;
    %store/vec4 v0x55f319217cf0_0, 0, 32;
    %load/vec4 v0x55f319217cf0_0;
    %cmpi/s 12868, 0, 32;
    %flag_or 5, 4; GT is !LE
    %flag_inv 5;
    %jmp/0xz  T_42.0, 5;
    %load/vec4 v0x55f319217cf0_0;
    %subi 25736, 0, 32;
    %store/vec4 v0x55f31921faf0_0, 0, 32;
    %jmp T_42.1;
T_42.0 ;
    %load/vec4 v0x55f319217cf0_0;
    %store/vec4 v0x55f31921faf0_0, 0, 32;
T_42.1 ;
    %load/vec4 v0x55f31921faf0_0;
    %cmpi/s 6434, 0, 32;
    %flag_or 5, 4; GT is !LE
    %flag_inv 5;
    %jmp/0xz  T_42.2, 5;
    %pushi/vec4 12868, 0, 32;
    %load/vec4 v0x55f31921faf0_0;
    %sub;
    %store/vec4 v0x55f319223a90_0, 0, 32;
    %jmp T_42.3;
T_42.2 ;
    %load/vec4 v0x55f31921faf0_0;
    %cmpi/s 4294960862, 0, 32;
    %jmp/0xz  T_42.4, 5;
    %pushi/vec4 4294954428, 0, 32;
    %load/vec4 v0x55f31921faf0_0;
    %sub;
    %store/vec4 v0x55f319223a90_0, 0, 32;
    %jmp T_42.5;
T_42.4 ;
    %load/vec4 v0x55f31921faf0_0;
    %store/vec4 v0x55f319223a90_0, 0, 32;
T_42.5 ;
T_42.3 ;
    %jmp T_42;
    .thread T_42, $push;
    .scope S_0x55f3192289b0;
T_43 ;
    %wait E_0x55f318f9b9a0;
    %load/vec4 v0x55f31922b7f0_0;
    %nor/r;
    %flag_set/vec4 8;
    %jmp/0xz  T_43.0, 8;
    %pushi/vec4 0, 0, 1;
    %assign/vec4 v0x55f31922f6f0_0, 0;
    %pushi/vec4 0, 0, 16;
    %assign/vec4 v0x55f3192278f0_0, 0;
    %jmp T_43.1;
T_43.0 ;
    %load/vec4 v0x55f31922b890_0;
    %assign/vec4 v0x55f31922f6f0_0, 0;
    %load/vec4 v0x55f31922b890_0;
    %flag_set/vec4 8;
    %jmp/0xz  T_43.2, 8;
    %load/vec4 v0x55f319223a90_0;
    %parti/s 16, 0, 2;
    %assign/vec4 v0x55f3192278f0_0, 0;
T_43.2 ;
T_43.1 ;
    %jmp T_43;
    .thread T_43;
    .scope S_0x55f31921ccb0;
T_44 ;
Ewait_20 .event/or E_0x55f31922f7f0, E_0x0;
    %wait Ewait_20;
    %load/vec4 v0x55f319275080_0;
    %store/vec4 v0x55f3191709a0_0, 0, 16;
    %load/vec4 v0x55f3191748a0_0;
    %store/vec4 v0x55f3191805a0_0, 0, 16;
    %load/vec4 v0x55f3191844a0_0;
    %pad/s 32;
    %cmpi/s 0, 0, 32;
    %flag_inv 5; GE is !LT
    %jmp/0xz  T_44.0, 5;
    %load/vec4 v0x55f319275080_0;
    %load/vec4 v0x55f3191805a0_0;
    %sub;
    %store/vec4 v0x55f319273480_0, 0, 16;
    %load/vec4 v0x55f3191748a0_0;
    %load/vec4 v0x55f3191709a0_0;
    %add;
    %store/vec4 v0x55f3191787a0_0, 0, 16;
    %load/vec4 v0x55f3191844a0_0;
    %subi 3217, 0, 16;
    %store/vec4 v0x55f3191883a0_0, 0, 16;
    %jmp T_44.1;
T_44.0 ;
    %load/vec4 v0x55f319275080_0;
    %load/vec4 v0x55f3191805a0_0;
    %add;
    %store/vec4 v0x55f319273480_0, 0, 16;
    %load/vec4 v0x55f3191748a0_0;
    %load/vec4 v0x55f3191709a0_0;
    %sub;
    %store/vec4 v0x55f3191787a0_0, 0, 16;
    %load/vec4 v0x55f3191844a0_0;
    %addi 3217, 0, 16;
    %store/vec4 v0x55f3191883a0_0, 0, 16;
T_44.1 ;
    %jmp T_44;
    .thread T_44, $push;
    .scope S_0x55f31921ccb0;
T_45 ;
    %wait E_0x55f318f9b9a0;
    %load/vec4 v0x55f319253e30_0;
    %nor/r;
    %flag_set/vec4 8;
    %jmp/0xz  T_45.0, 8;
    %pushi/vec4 0, 0, 1;
    %assign/vec4 v0x55f3192528f0_0, 0;
    %pushi/vec4 0, 0, 16;
    %assign/vec4 v0x55f31916caa0_0, 0;
    %pushi/vec4 0, 0, 16;
    %assign/vec4 v0x55f31917c6a0_0, 0;
    %pushi/vec4 0, 0, 16;
    %assign/vec4 v0x55f31918c2a0_0, 0;
    %jmp T_45.1;
T_45.0 ;
    %load/vec4 v0x55f319252850_0;
    %assign/vec4 v0x55f3192528f0_0, 0;
    %load/vec4 v0x55f319252850_0;
    %flag_set/vec4 8;
    %jmp/0xz  T_45.2, 8;
    %load/vec4 v0x55f319273480_0;
    %assign/vec4 v0x55f31916caa0_0, 0;
    %load/vec4 v0x55f3191787a0_0;
    %assign/vec4 v0x55f31917c6a0_0, 0;
    %load/vec4 v0x55f3191883a0_0;
    %assign/vec4 v0x55f31918c2a0_0, 0;
    %jmp T_45.3;
T_45.2 ;
    %pushi/vec4 0, 0, 16;
    %assign/vec4 v0x55f31916caa0_0, 0;
    %pushi/vec4 0, 0, 16;
    %assign/vec4 v0x55f31917c6a0_0, 0;
    %pushi/vec4 0, 0, 16;
    %assign/vec4 v0x55f31918c2a0_0, 0;
T_45.3 ;
T_45.1 ;
    %jmp T_45;
    .thread T_45;
    .scope S_0x55f319214cc0;
T_46 ;
Ewait_21 .event/or E_0x55f3191e1360, E_0x0;
    %wait Ewait_21;
    %load/vec4 v0x55f3191a3ca0_0;
    %ix/load 4, 1, 0;
    %flag_set/imm 4, 0;
    %shiftr/s 4;
    %store/vec4 v0x55f3191a4c10_0, 0, 16;
    %load/vec4 v0x55f3191a4cd0_0;
    %ix/load 4, 1, 0;
    %flag_set/imm 4, 0;
    %shiftr/s 4;
    %store/vec4 v0x55f3191b2e60_0, 0, 16;
    %load/vec4 v0x55f3191b3400_0;
    %pad/s 32;
    %cmpi/s 0, 0, 32;
    %flag_inv 5; GE is !LT
    %jmp/0xz  T_46.0, 5;
    %load/vec4 v0x55f3191a3ca0_0;
    %load/vec4 v0x55f3191b2e60_0;
    %sub;
    %store/vec4 v0x55f3191a5070_0, 0, 16;
    %load/vec4 v0x55f3191a4cd0_0;
    %load/vec4 v0x55f3191a4c10_0;
    %add;
    %store/vec4 v0x55f3191a7550_0, 0, 16;
    %load/vec4 v0x55f3191b3400_0;
    %subi 1899, 0, 16;
    %store/vec4 v0x55f3191b34c0_0, 0, 16;
    %jmp T_46.1;
T_46.0 ;
    %load/vec4 v0x55f3191a3ca0_0;
    %load/vec4 v0x55f3191b2e60_0;
    %add;
    %store/vec4 v0x55f3191a5070_0, 0, 16;
    %load/vec4 v0x55f3191a4cd0_0;
    %load/vec4 v0x55f3191a4c10_0;
    %sub;
    %store/vec4 v0x55f3191a7550_0, 0, 16;
    %load/vec4 v0x55f3191b3400_0;
    %addi 1899, 0, 16;
    %store/vec4 v0x55f3191b34c0_0, 0, 16;
T_46.1 ;
    %jmp T_46;
    .thread T_46, $push;
    .scope S_0x55f319214cc0;
T_47 ;
    %wait E_0x55f318f9b9a0;
    %load/vec4 v0x55f31919bf60_0;
    %nor/r;
    %flag_set/vec4 8;
    %jmp/0xz  T_47.0, 8;
    %pushi/vec4 0, 0, 1;
    %assign/vec4 v0x55f31919fe40_0, 0;
    %pushi/vec4 0, 0, 16;
    %assign/vec4 v0x55f3191a5110_0, 0;
    %pushi/vec4 0, 0, 16;
    %assign/vec4 v0x55f3191a7610_0, 0;
    %pushi/vec4 0, 0, 16;
    %assign/vec4 v0x55f3191b7030_0, 0;
    %jmp T_47.1;
T_47.0 ;
    %load/vec4 v0x55f31919fda0_0;
    %assign/vec4 v0x55f31919fe40_0, 0;
    %load/vec4 v0x55f31919fda0_0;
    %flag_set/vec4 8;
    %jmp/0xz  T_47.2, 8;
    %load/vec4 v0x55f3191a5070_0;
    %assign/vec4 v0x55f3191a5110_0, 0;
    %load/vec4 v0x55f3191a7550_0;
    %assign/vec4 v0x55f3191a7610_0, 0;
    %load/vec4 v0x55f3191b34c0_0;
    %assign/vec4 v0x55f3191b7030_0, 0;
    %jmp T_47.3;
T_47.2 ;
    %pushi/vec4 0, 0, 16;
    %assign/vec4 v0x55f3191a5110_0, 0;
    %pushi/vec4 0, 0, 16;
    %assign/vec4 v0x55f3191a7610_0, 0;
    %pushi/vec4 0, 0, 16;
    %assign/vec4 v0x55f3191b7030_0, 0;
T_47.3 ;
T_47.1 ;
    %jmp T_47;
    .thread T_47;
    .scope S_0x55f31926e420;
T_48 ;
Ewait_22 .event/or E_0x55f3191902c0, E_0x0;
    %wait Ewait_22;
    %load/vec4 v0x55f3191cea30_0;
    %ix/load 4, 2, 0;
    %flag_set/imm 4, 0;
    %shiftr/s 4;
    %store/vec4 v0x55f3191d6830_0, 0, 16;
    %load/vec4 v0x55f3191da730_0;
    %ix/load 4, 2, 0;
    %flag_set/imm 4, 0;
    %shiftr/s 4;
    %store/vec4 v0x55f3191de6f0_0, 0, 16;
    %load/vec4 v0x55f3191e2530_0;
    %pad/s 32;
    %cmpi/s 0, 0, 32;
    %flag_inv 5; GE is !LT
    %jmp/0xz  T_48.0, 5;
    %load/vec4 v0x55f3191cea30_0;
    %load/vec4 v0x55f3191de6f0_0;
    %sub;
    %store/vec4 v0x55f3191d2930_0, 0, 16;
    %load/vec4 v0x55f3191da730_0;
    %load/vec4 v0x55f3191d6830_0;
    %add;
    %store/vec4 v0x55f3191da7f0_0, 0, 16;
    %load/vec4 v0x55f3191e2530_0;
    %subi 1003, 0, 16;
    %store/vec4 v0x55f3191e25f0_0, 0, 16;
    %jmp T_48.1;
T_48.0 ;
    %load/vec4 v0x55f3191cea30_0;
    %load/vec4 v0x55f3191de6f0_0;
    %add;
    %store/vec4 v0x55f3191d2930_0, 0, 16;
    %load/vec4 v0x55f3191da730_0;
    %load/vec4 v0x55f3191d6830_0;
    %sub;
    %store/vec4 v0x55f3191da7f0_0, 0, 16;
    %load/vec4 v0x55f3191e2530_0;
    %addi 1003, 0, 16;
    %store/vec4 v0x55f3191e25f0_0, 0, 16;
T_48.1 ;
    %jmp T_48;
    .thread T_48, $push;
    .scope S_0x55f31926e420;
T_49 ;
    %wait E_0x55f318f9b9a0;
    %load/vec4 v0x55f3191c6cf0_0;
    %nor/r;
    %flag_set/vec4 8;
    %jmp/0xz  T_49.0, 8;
    %pushi/vec4 0, 0, 1;
    %assign/vec4 v0x55f3191cabd0_0, 0;
    %pushi/vec4 0, 0, 16;
    %assign/vec4 v0x55f3191d29d0_0, 0;
    %pushi/vec4 0, 0, 16;
    %assign/vec4 v0x55f3191de630_0, 0;
    %pushi/vec4 0, 0, 16;
    %assign/vec4 v0x55f3191e6430_0, 0;
    %jmp T_49.1;
T_49.0 ;
    %load/vec4 v0x55f3191cab30_0;
    %assign/vec4 v0x55f3191cabd0_0, 0;
    %load/vec4 v0x55f3191cab30_0;
    %flag_set/vec4 8;
    %jmp/0xz  T_49.2, 8;
    %load/vec4 v0x55f3191d2930_0;
    %assign/vec4 v0x55f3191d29d0_0, 0;
    %load/vec4 v0x55f3191da7f0_0;
    %assign/vec4 v0x55f3191de630_0, 0;
    %load/vec4 v0x55f3191e25f0_0;
    %assign/vec4 v0x55f3191e6430_0, 0;
    %jmp T_49.3;
T_49.2 ;
    %pushi/vec4 0, 0, 16;
    %assign/vec4 v0x55f3191d29d0_0, 0;
    %pushi/vec4 0, 0, 16;
    %assign/vec4 v0x55f3191de630_0, 0;
    %pushi/vec4 0, 0, 16;
    %assign/vec4 v0x55f3191e6430_0, 0;
T_49.3 ;
T_49.1 ;
    %jmp T_49;
    .thread T_49;
    .scope S_0x55f31915b410;
T_50 ;
Ewait_23 .event/or E_0x55f3191ef710, E_0x0;
    %wait Ewait_23;
    %load/vec4 v0x55f3191fda30_0;
    %ix/load 4, 3, 0;
    %flag_set/imm 4, 0;
    %shiftr/s 4;
    %store/vec4 v0x55f3192054c0_0, 0, 16;
    %load/vec4 v0x55f3192093c0_0;
    %ix/load 4, 3, 0;
    %flag_set/imm 4, 0;
    %shiftr/s 4;
    %store/vec4 v0x55f3192111c0_0, 0, 16;
    %load/vec4 v0x55f3192150c0_0;
    %pad/s 32;
    %cmpi/s 0, 0, 32;
    %flag_inv 5; GE is !LT
    %jmp/0xz  T_50.0, 5;
    %load/vec4 v0x55f3191fda30_0;
    %load/vec4 v0x55f3192111c0_0;
    %sub;
    %store/vec4 v0x55f3192015c0_0, 0, 16;
    %load/vec4 v0x55f3192093c0_0;
    %load/vec4 v0x55f3192054c0_0;
    %add;
    %store/vec4 v0x55f31920d2c0_0, 0, 16;
    %load/vec4 v0x55f3192150c0_0;
    %subi 509, 0, 16;
    %store/vec4 v0x55f319218fc0_0, 0, 16;
    %jmp T_50.1;
T_50.0 ;
    %load/vec4 v0x55f3191fda30_0;
    %load/vec4 v0x55f3192111c0_0;
    %add;
    %store/vec4 v0x55f3192015c0_0, 0, 16;
    %load/vec4 v0x55f3192093c0_0;
    %load/vec4 v0x55f3192054c0_0;
    %sub;
    %store/vec4 v0x55f31920d2c0_0, 0, 16;
    %load/vec4 v0x55f3192150c0_0;
    %addi 509, 0, 16;
    %store/vec4 v0x55f319218fc0_0, 0, 16;
T_50.1 ;
    %jmp T_50;
    .thread T_50, $push;
    .scope S_0x55f31915b410;
T_51 ;
    %wait E_0x55f318f9b9a0;
    %load/vec4 v0x55f3191f1b40_0;
    %nor/r;
    %flag_set/vec4 8;
    %jmp/0xz  T_51.0, 8;
    %pushi/vec4 0, 0, 1;
    %assign/vec4 v0x55f3191fd990_0, 0;
    %pushi/vec4 0, 0, 16;
    %assign/vec4 v0x55f319201660_0, 0;
    %pushi/vec4 0, 0, 16;
    %assign/vec4 v0x55f31920d380_0, 0;
    %pushi/vec4 0, 0, 16;
    %assign/vec4 v0x55f319219080_0, 0;
    %jmp T_51.1;
T_51.0 ;
    %load/vec4 v0x55f3191fd3f0_0;
    %assign/vec4 v0x55f3191fd990_0, 0;
    %load/vec4 v0x55f3191fd3f0_0;
    %flag_set/vec4 8;
    %jmp/0xz  T_51.2, 8;
    %load/vec4 v0x55f3192015c0_0;
    %assign/vec4 v0x55f319201660_0, 0;
    %load/vec4 v0x55f31920d2c0_0;
    %assign/vec4 v0x55f31920d380_0, 0;
    %load/vec4 v0x55f319218fc0_0;
    %assign/vec4 v0x55f319219080_0, 0;
    %jmp T_51.3;
T_51.2 ;
    %pushi/vec4 0, 0, 16;
    %assign/vec4 v0x55f319201660_0, 0;
    %pushi/vec4 0, 0, 16;
    %assign/vec4 v0x55f31920d380_0, 0;
    %pushi/vec4 0, 0, 16;
    %assign/vec4 v0x55f319219080_0, 0;
T_51.3 ;
T_51.1 ;
    %jmp T_51;
    .thread T_51;
    .scope S_0x55f3191a5500;
T_52 ;
Ewait_24 .event/or E_0x55f319224dd0, E_0x0;
    %wait Ewait_24;
    %load/vec4 v0x55f319234960_0;
    %ix/load 4, 4, 0;
    %flag_set/imm 4, 0;
    %shiftr/s 4;
    %store/vec4 v0x55f319239c30_0, 0, 16;
    %load/vec4 v0x55f319239730_0;
    %ix/load 4, 4, 0;
    %flag_set/imm 4, 0;
    %shiftr/s 4;
    %store/vec4 v0x55f319125f50_0, 0, 16;
    %load/vec4 v0x55f319129e50_0;
    %pad/s 32;
    %cmpi/s 0, 0, 32;
    %flag_inv 5; GE is !LT
    %jmp/0xz  T_52.0, 5;
    %load/vec4 v0x55f319234960_0;
    %load/vec4 v0x55f319125f50_0;
    %sub;
    %store/vec4 v0x55f319238810_0, 0, 16;
    %load/vec4 v0x55f319239730_0;
    %load/vec4 v0x55f319239c30_0;
    %add;
    %store/vec4 v0x55f31923c3b0_0, 0, 16;
    %load/vec4 v0x55f319129e50_0;
    %subi 256, 0, 16;
    %store/vec4 v0x55f31912dd50_0, 0, 16;
    %jmp T_52.1;
T_52.0 ;
    %load/vec4 v0x55f319234960_0;
    %load/vec4 v0x55f319125f50_0;
    %add;
    %store/vec4 v0x55f319238810_0, 0, 16;
    %load/vec4 v0x55f319239730_0;
    %load/vec4 v0x55f319239c30_0;
    %sub;
    %store/vec4 v0x55f31923c3b0_0, 0, 16;
    %load/vec4 v0x55f319129e50_0;
    %addi 256, 0, 16;
    %store/vec4 v0x55f31912dd50_0, 0, 16;
T_52.1 ;
    %jmp T_52;
    .thread T_52, $push;
    .scope S_0x55f3191a5500;
T_53 ;
    %wait E_0x55f318f9b9a0;
    %load/vec4 v0x55f3192309c0_0;
    %nor/r;
    %flag_set/vec4 8;
    %jmp/0xz  T_53.0, 8;
    %pushi/vec4 0, 0, 1;
    %assign/vec4 v0x55f3192348c0_0, 0;
    %pushi/vec4 0, 0, 16;
    %assign/vec4 v0x55f319239b90_0, 0;
    %pushi/vec4 0, 0, 16;
    %assign/vec4 v0x55f31923c470_0, 0;
    %pushi/vec4 0, 0, 16;
    %assign/vec4 v0x55f31912de10_0, 0;
    %jmp T_53.1;
T_53.0 ;
    %load/vec4 v0x55f319230a80_0;
    %assign/vec4 v0x55f3192348c0_0, 0;
    %load/vec4 v0x55f319230a80_0;
    %flag_set/vec4 8;
    %jmp/0xz  T_53.2, 8;
    %load/vec4 v0x55f319238810_0;
    %assign/vec4 v0x55f319239b90_0, 0;
    %load/vec4 v0x55f31923c3b0_0;
    %assign/vec4 v0x55f31923c470_0, 0;
    %load/vec4 v0x55f31912dd50_0;
    %assign/vec4 v0x55f31912de10_0, 0;
    %jmp T_53.3;
T_53.2 ;
    %pushi/vec4 0, 0, 16;
    %assign/vec4 v0x55f319239b90_0, 0;
    %pushi/vec4 0, 0, 16;
    %assign/vec4 v0x55f31923c470_0, 0;
    %pushi/vec4 0, 0, 16;
    %assign/vec4 v0x55f31912de10_0, 0;
T_53.3 ;
T_53.1 ;
    %jmp T_53;
    .thread T_53;
    .scope S_0x55f3191a63a0;
T_54 ;
Ewait_25 .event/or E_0x55f319141660, E_0x0;
    %wait Ewait_25;
    %load/vec4 v0x55f319149500_0;
    %ix/load 4, 5, 0;
    %flag_set/imm 4, 0;
    %shiftr/s 4;
    %store/vec4 v0x55f319151320_0, 0, 16;
    %load/vec4 v0x55f319155160_0;
    %ix/load 4, 5, 0;
    %flag_set/imm 4, 0;
    %shiftr/s 4;
    %store/vec4 v0x55f319159920_0, 0, 16;
    %load/vec4 v0x55f31915c300_0;
    %pad/s 32;
    %cmpi/s 0, 0, 32;
    %flag_inv 5; GE is !LT
    %jmp/0xz  T_54.0, 5;
    %load/vec4 v0x55f319149500_0;
    %load/vec4 v0x55f319159920_0;
    %sub;
    %store/vec4 v0x55f31914d3b0_0, 0, 16;
    %load/vec4 v0x55f319155160_0;
    %load/vec4 v0x55f319151320_0;
    %add;
    %store/vec4 v0x55f319159060_0, 0, 16;
    %load/vec4 v0x55f31915c300_0;
    %subi 128, 0, 16;
    %store/vec4 v0x55f31915c3c0_0, 0, 16;
    %jmp T_54.1;
T_54.0 ;
    %load/vec4 v0x55f319149500_0;
    %load/vec4 v0x55f319159920_0;
    %add;
    %store/vec4 v0x55f31914d3b0_0, 0, 16;
    %load/vec4 v0x55f319155160_0;
    %load/vec4 v0x55f319151320_0;
    %sub;
    %store/vec4 v0x55f319159060_0, 0, 16;
    %load/vec4 v0x55f31915c300_0;
    %addi 128, 0, 16;
    %store/vec4 v0x55f31915c3c0_0, 0, 16;
T_54.1 ;
    %jmp T_54;
    .thread T_54, $push;
    .scope S_0x55f3191a63a0;
T_55 ;
    %wait E_0x55f318f9b9a0;
    %load/vec4 v0x55f319145560_0;
    %nor/r;
    %flag_set/vec4 8;
    %jmp/0xz  T_55.0, 8;
    %pushi/vec4 0, 0, 1;
    %assign/vec4 v0x55f319149460_0, 0;
    %pushi/vec4 0, 0, 16;
    %assign/vec4 v0x55f319151260_0, 0;
    %pushi/vec4 0, 0, 16;
    %assign/vec4 v0x55f319158d20_0, 0;
    %pushi/vec4 0, 0, 16;
    %assign/vec4 v0x55f31915c6b0_0, 0;
    %jmp T_55.1;
T_55.0 ;
    %load/vec4 v0x55f319145620_0;
    %assign/vec4 v0x55f319149460_0, 0;
    %load/vec4 v0x55f319145620_0;
    %flag_set/vec4 8;
    %jmp/0xz  T_55.2, 8;
    %load/vec4 v0x55f31914d3b0_0;
    %assign/vec4 v0x55f319151260_0, 0;
    %load/vec4 v0x55f319159060_0;
    %assign/vec4 v0x55f319158d20_0, 0;
    %load/vec4 v0x55f31915c3c0_0;
    %assign/vec4 v0x55f31915c6b0_0, 0;
    %jmp T_55.3;
T_55.2 ;
    %pushi/vec4 0, 0, 16;
    %assign/vec4 v0x55f319151260_0, 0;
    %pushi/vec4 0, 0, 16;
    %assign/vec4 v0x55f319158d20_0, 0;
    %pushi/vec4 0, 0, 16;
    %assign/vec4 v0x55f31915c6b0_0, 0;
T_55.3 ;
T_55.1 ;
    %jmp T_55;
    .thread T_55;
    .scope S_0x55f3191f01e0;
T_56 ;
Ewait_26 .event/or E_0x55f319159a50, E_0x0;
    %wait Ewait_26;
    %load/vec4 v0x55f31917c530_0;
    %ix/load 4, 6, 0;
    %flag_set/imm 4, 0;
    %shiftr/s 4;
    %store/vec4 v0x55f319184290_0, 0, 16;
    %load/vec4 v0x55f319187fa0_0;
    %ix/load 4, 6, 0;
    %flag_set/imm 4, 0;
    %shiftr/s 4;
    %store/vec4 v0x55f31918fda0_0, 0, 16;
    %load/vec4 v0x55f319193ca0_0;
    %pad/s 32;
    %cmpi/s 0, 0, 32;
    %flag_inv 5; GE is !LT
    %jmp/0xz  T_56.0, 5;
    %load/vec4 v0x55f31917c530_0;
    %load/vec4 v0x55f31918fda0_0;
    %sub;
    %store/vec4 v0x55f319180390_0, 0, 16;
    %load/vec4 v0x55f319187fa0_0;
    %load/vec4 v0x55f319184290_0;
    %add;
    %store/vec4 v0x55f319188060_0, 0, 16;
    %load/vec4 v0x55f319193ca0_0;
    %subi 64, 0, 16;
    %store/vec4 v0x55f319193d60_0, 0, 16;
    %jmp T_56.1;
T_56.0 ;
    %load/vec4 v0x55f31917c530_0;
    %load/vec4 v0x55f31918fda0_0;
    %add;
    %store/vec4 v0x55f319180390_0, 0, 16;
    %load/vec4 v0x55f319187fa0_0;
    %load/vec4 v0x55f319184290_0;
    %sub;
    %store/vec4 v0x55f319188060_0, 0, 16;
    %load/vec4 v0x55f319193ca0_0;
    %addi 64, 0, 16;
    %store/vec4 v0x55f319193d60_0, 0, 16;
T_56.1 ;
    %jmp T_56;
    .thread T_56, $push;
    .scope S_0x55f3191f01e0;
T_57 ;
    %wait E_0x55f318f9b9a0;
    %load/vec4 v0x55f319174750_0;
    %nor/r;
    %flag_set/vec4 8;
    %jmp/0xz  T_57.0, 8;
    %pushi/vec4 0, 0, 1;
    %assign/vec4 v0x55f31917c490_0, 0;
    %pushi/vec4 0, 0, 16;
    %assign/vec4 v0x55f319180430_0, 0;
    %pushi/vec4 0, 0, 16;
    %assign/vec4 v0x55f31918bea0_0, 0;
    %pushi/vec4 0, 0, 16;
    %assign/vec4 v0x55f319197ba0_0, 0;
    %jmp T_57.1;
T_57.0 ;
    %load/vec4 v0x55f319178590_0;
    %assign/vec4 v0x55f31917c490_0, 0;
    %load/vec4 v0x55f319178590_0;
    %flag_set/vec4 8;
    %jmp/0xz  T_57.2, 8;
    %load/vec4 v0x55f319180390_0;
    %assign/vec4 v0x55f319180430_0, 0;
    %load/vec4 v0x55f319188060_0;
    %assign/vec4 v0x55f31918bea0_0, 0;
    %load/vec4 v0x55f319193d60_0;
    %assign/vec4 v0x55f319197ba0_0, 0;
    %jmp T_57.3;
T_57.2 ;
    %pushi/vec4 0, 0, 16;
    %assign/vec4 v0x55f319180430_0, 0;
    %pushi/vec4 0, 0, 16;
    %assign/vec4 v0x55f31918bea0_0, 0;
    %pushi/vec4 0, 0, 16;
    %assign/vec4 v0x55f319197ba0_0, 0;
T_57.3 ;
T_57.1 ;
    %jmp T_57;
    .thread T_57;
    .scope S_0x55f31923a020;
T_58 ;
Ewait_27 .event/or E_0x55f3191a3920, E_0x0;
    %wait Ewait_27;
    %load/vec4 v0x55f3191a6ed0_0;
    %ix/load 4, 7, 0;
    %flag_set/imm 4, 0;
    %shiftr/s 4;
    %store/vec4 v0x55f3191b6e20_0, 0, 16;
    %load/vec4 v0x55f3191bad20_0;
    %ix/load 4, 7, 0;
    %flag_set/imm 4, 0;
    %shiftr/s 4;
    %store/vec4 v0x55f3191c2b20_0, 0, 16;
    %load/vec4 v0x55f3191c6a20_0;
    %pad/s 32;
    %cmpi/s 0, 0, 32;
    %flag_inv 5; GE is !LT
    %jmp/0xz  T_58.0, 5;
    %load/vec4 v0x55f3191a6ed0_0;
    %load/vec4 v0x55f3191c2b20_0;
    %sub;
    %store/vec4 v0x55f3191a7110_0, 0, 16;
    %load/vec4 v0x55f3191bad20_0;
    %load/vec4 v0x55f3191b6e20_0;
    %add;
    %store/vec4 v0x55f3191bade0_0, 0, 16;
    %load/vec4 v0x55f3191c6a20_0;
    %subi 32, 0, 16;
    %store/vec4 v0x55f3191ca920_0, 0, 16;
    %jmp T_58.1;
T_58.0 ;
    %load/vec4 v0x55f3191a6ed0_0;
    %load/vec4 v0x55f3191c2b20_0;
    %add;
    %store/vec4 v0x55f3191a7110_0, 0, 16;
    %load/vec4 v0x55f3191bad20_0;
    %load/vec4 v0x55f3191b6e20_0;
    %sub;
    %store/vec4 v0x55f3191bade0_0, 0, 16;
    %load/vec4 v0x55f3191c6a20_0;
    %addi 32, 0, 16;
    %store/vec4 v0x55f3191ca920_0, 0, 16;
T_58.1 ;
    %jmp T_58;
    .thread T_58, $push;
    .scope S_0x55f31923a020;
T_59 ;
    %wait E_0x55f318f9b9a0;
    %load/vec4 v0x55f3191a4220_0;
    %nor/r;
    %flag_set/vec4 8;
    %jmp/0xz  T_59.0, 8;
    %pushi/vec4 0, 0, 1;
    %assign/vec4 v0x55f3191a6e30_0, 0;
    %pushi/vec4 0, 0, 16;
    %assign/vec4 v0x55f3191a71b0_0, 0;
    %pushi/vec4 0, 0, 16;
    %assign/vec4 v0x55f3191bec20_0, 0;
    %pushi/vec4 0, 0, 16;
    %assign/vec4 v0x55f3191ca9e0_0, 0;
    %jmp T_59.1;
T_59.0 ;
    %load/vec4 v0x55f3191a6b10_0;
    %assign/vec4 v0x55f3191a6e30_0, 0;
    %load/vec4 v0x55f3191a6b10_0;
    %flag_set/vec4 8;
    %jmp/0xz  T_59.2, 8;
    %load/vec4 v0x55f3191a7110_0;
    %assign/vec4 v0x55f3191a71b0_0, 0;
    %load/vec4 v0x55f3191bade0_0;
    %assign/vec4 v0x55f3191bec20_0, 0;
    %load/vec4 v0x55f3191ca920_0;
    %assign/vec4 v0x55f3191ca9e0_0, 0;
    %jmp T_59.3;
T_59.2 ;
    %pushi/vec4 0, 0, 16;
    %assign/vec4 v0x55f3191a71b0_0, 0;
    %pushi/vec4 0, 0, 16;
    %assign/vec4 v0x55f3191bec20_0, 0;
    %pushi/vec4 0, 0, 16;
    %assign/vec4 v0x55f3191ca9e0_0, 0;
T_59.3 ;
T_59.1 ;
    %jmp T_59;
    .thread T_59;
    .scope S_0x55f31923aec0;
T_60 ;
Ewait_28 .event/or E_0x55f3191c2c20, E_0x0;
    %wait Ewait_28;
    %load/vec4 v0x55f3191e60d0_0;
    %ix/load 4, 8, 0;
    %flag_set/imm 4, 0;
    %shiftr/s 4;
    %store/vec4 v0x55f3191ede30_0, 0, 16;
    %load/vec4 v0x55f3191edaf0_0;
    %ix/load 4, 8, 0;
    %flag_set/imm 4, 0;
    %shiftr/s 4;
    %store/vec4 v0x55f3191f10a0_0, 0, 16;
    %load/vec4 v0x55f3191f13c0_0;
    %pad/s 32;
    %cmpi/s 0, 0, 32;
    %flag_inv 5; GE is !LT
    %jmp/0xz  T_60.0, 5;
    %load/vec4 v0x55f3191e60d0_0;
    %load/vec4 v0x55f3191f10a0_0;
    %sub;
    %store/vec4 v0x55f3191e9f30_0, 0, 16;
    %load/vec4 v0x55f3191edaf0_0;
    %load/vec4 v0x55f3191ede30_0;
    %add;
    %store/vec4 v0x55f3191edbb0_0, 0, 16;
    %load/vec4 v0x55f3191f13c0_0;
    %subi 16, 0, 16;
    %store/vec4 v0x55f3191f16a0_0, 0, 16;
    %jmp T_60.1;
T_60.0 ;
    %load/vec4 v0x55f3191e60d0_0;
    %load/vec4 v0x55f3191f10a0_0;
    %add;
    %store/vec4 v0x55f3191e9f30_0, 0, 16;
    %load/vec4 v0x55f3191edaf0_0;
    %load/vec4 v0x55f3191ede30_0;
    %sub;
    %store/vec4 v0x55f3191edbb0_0, 0, 16;
    %load/vec4 v0x55f3191f13c0_0;
    %addi 16, 0, 16;
    %store/vec4 v0x55f3191f16a0_0, 0, 16;
T_60.1 ;
    %jmp T_60;
    .thread T_60, $push;
    .scope S_0x55f31923aec0;
T_61 ;
    %wait E_0x55f318f9b9a0;
    %load/vec4 v0x55f3191de2f0_0;
    %nor/r;
    %flag_set/vec4 8;
    %jmp/0xz  T_61.0, 8;
    %pushi/vec4 0, 0, 1;
    %assign/vec4 v0x55f3191e6030_0, 0;
    %pushi/vec4 0, 0, 16;
    %assign/vec4 v0x55f3191e9fd0_0, 0;
    %pushi/vec4 0, 0, 16;
    %assign/vec4 v0x55f3191ee6f0_0, 0;
    %pushi/vec4 0, 0, 16;
    %assign/vec4 v0x55f3192013b0_0, 0;
    %jmp T_61.1;
T_61.0 ;
    %load/vec4 v0x55f3191e2130_0;
    %assign/vec4 v0x55f3191e6030_0, 0;
    %load/vec4 v0x55f3191e2130_0;
    %flag_set/vec4 8;
    %jmp/0xz  T_61.2, 8;
    %load/vec4 v0x55f3191e9f30_0;
    %assign/vec4 v0x55f3191e9fd0_0, 0;
    %load/vec4 v0x55f3191edbb0_0;
    %assign/vec4 v0x55f3191ee6f0_0, 0;
    %load/vec4 v0x55f3191f16a0_0;
    %assign/vec4 v0x55f3192013b0_0, 0;
    %jmp T_61.3;
T_61.2 ;
    %pushi/vec4 0, 0, 16;
    %assign/vec4 v0x55f3191e9fd0_0, 0;
    %pushi/vec4 0, 0, 16;
    %assign/vec4 v0x55f3191ee6f0_0, 0;
    %pushi/vec4 0, 0, 16;
    %assign/vec4 v0x55f3192013b0_0, 0;
T_61.3 ;
T_61.1 ;
    %jmp T_61;
    .thread T_61;
    .scope S_0x55f31926adf0;
T_62 ;
Ewait_29 .event/or E_0x55f3191f11d0, E_0x0;
    %wait Ewait_29;
    %load/vec4 v0x55f319214f80_0;
    %ix/load 4, 9, 0;
    %flag_set/imm 4, 0;
    %shiftr/s 4;
    %store/vec4 v0x55f3192209c0_0, 0, 16;
    %load/vec4 v0x55f3192248c0_0;
    %ix/load 4, 9, 0;
    %flag_set/imm 4, 0;
    %shiftr/s 4;
    %store/vec4 v0x55f31922c6c0_0, 0, 16;
    %load/vec4 v0x55f3192305c0_0;
    %pad/s 32;
    %cmpi/s 0, 0, 32;
    %flag_inv 5; GE is !LT
    %jmp/0xz  T_62.0, 5;
    %load/vec4 v0x55f319214f80_0;
    %load/vec4 v0x55f31922c6c0_0;
    %sub;
    %store/vec4 v0x55f319218e30_0, 0, 16;
    %load/vec4 v0x55f3192248c0_0;
    %load/vec4 v0x55f3192209c0_0;
    %add;
    %store/vec4 v0x55f319224980_0, 0, 16;
    %load/vec4 v0x55f3192305c0_0;
    %subi 8, 0, 16;
    %store/vec4 v0x55f3192344c0_0, 0, 16;
    %jmp T_62.1;
T_62.0 ;
    %load/vec4 v0x55f319214f80_0;
    %load/vec4 v0x55f31922c6c0_0;
    %add;
    %store/vec4 v0x55f319218e30_0, 0, 16;
    %load/vec4 v0x55f3192248c0_0;
    %load/vec4 v0x55f3192209c0_0;
    %sub;
    %store/vec4 v0x55f319224980_0, 0, 16;
    %load/vec4 v0x55f3192305c0_0;
    %addi 8, 0, 16;
    %store/vec4 v0x55f3192344c0_0, 0, 16;
T_62.1 ;
    %jmp T_62;
    .thread T_62, $push;
    .scope S_0x55f31926adf0;
T_63 ;
    %wait E_0x55f318f9b9a0;
    %load/vec4 v0x55f319210fb0_0;
    %nor/r;
    %flag_set/vec4 8;
    %jmp/0xz  T_63.0, 8;
    %pushi/vec4 0, 0, 1;
    %assign/vec4 v0x55f319214ee0_0, 0;
    %pushi/vec4 0, 0, 16;
    %assign/vec4 v0x55f31921cac0_0, 0;
    %pushi/vec4 0, 0, 16;
    %assign/vec4 v0x55f3192287c0_0, 0;
    %pushi/vec4 0, 0, 16;
    %assign/vec4 v0x55f319234580_0, 0;
    %jmp T_63.1;
T_63.0 ;
    %load/vec4 v0x55f319211070_0;
    %assign/vec4 v0x55f319214ee0_0, 0;
    %load/vec4 v0x55f319211070_0;
    %flag_set/vec4 8;
    %jmp/0xz  T_63.2, 8;
    %load/vec4 v0x55f319218e30_0;
    %assign/vec4 v0x55f31921cac0_0, 0;
    %load/vec4 v0x55f319224980_0;
    %assign/vec4 v0x55f3192287c0_0, 0;
    %load/vec4 v0x55f3192344c0_0;
    %assign/vec4 v0x55f319234580_0, 0;
    %jmp T_63.3;
T_63.2 ;
    %pushi/vec4 0, 0, 16;
    %assign/vec4 v0x55f31921cac0_0, 0;
    %pushi/vec4 0, 0, 16;
    %assign/vec4 v0x55f3192287c0_0, 0;
    %pushi/vec4 0, 0, 16;
    %assign/vec4 v0x55f319234580_0, 0;
T_63.3 ;
T_63.1 ;
    %jmp T_63;
    .thread T_63;
    .scope S_0x55f318f88ef0;
T_64 ;
Ewait_30 .event/or E_0x55f3192092e0, E_0x0;
    %wait Ewait_30;
    %load/vec4 v0x55f31923ba20_0;
    %ix/load 4, 10, 0;
    %flag_set/imm 4, 0;
    %shiftr/s 4;
    %store/vec4 v0x55f318f91820_0, 0, 16;
    %load/vec4 v0x55f318f91900_0;
    %ix/load 4, 10, 0;
    %flag_set/imm 4, 0;
    %shiftr/s 4;
    %store/vec4 v0x55f318fafcb0_0, 0, 16;
    %load/vec4 v0x55f318fafd90_0;
    %pad/s 32;
    %cmpi/s 0, 0, 32;
    %flag_inv 5; GE is !LT
    %jmp/0xz  T_64.0, 5;
    %load/vec4 v0x55f31923ba20_0;
    %load/vec4 v0x55f318fafcb0_0;
    %sub;
    %store/vec4 v0x55f31923bcb0_0, 0, 16;
    %load/vec4 v0x55f318f91900_0;
    %load/vec4 v0x55f318f91820_0;
    %add;
    %store/vec4 v0x55f318f919f0_0, 0, 16;
    %load/vec4 v0x55f318fafd90_0;
    %subi 4, 0, 16;
    %store/vec4 v0x55f318fafe80_0, 0, 16;
    %jmp T_64.1;
T_64.0 ;
    %load/vec4 v0x55f31923ba20_0;
    %load/vec4 v0x55f318fafcb0_0;
    %add;
    %store/vec4 v0x55f31923bcb0_0, 0, 16;
    %load/vec4 v0x55f318f91900_0;
    %load/vec4 v0x55f318f91820_0;
    %sub;
    %store/vec4 v0x55f318f919f0_0, 0, 16;
    %load/vec4 v0x55f318fafd90_0;
    %addi 4, 0, 16;
    %store/vec4 v0x55f318fafe80_0, 0, 16;
T_64.1 ;
    %jmp T_64;
    .thread T_64, $push;
    .scope S_0x55f318f88ef0;
T_65 ;
    %wait E_0x55f318f9b9a0;
    %load/vec4 v0x55f31923b630_0;
    %nor/r;
    %flag_set/vec4 8;
    %jmp/0xz  T_65.0, 8;
    %pushi/vec4 0, 0, 1;
    %assign/vec4 v0x55f31923b980_0, 0;
    %pushi/vec4 0, 0, 16;
    %assign/vec4 v0x55f318f91740_0, 0;
    %pushi/vec4 0, 0, 16;
    %assign/vec4 v0x55f318f91ab0_0, 0;
    %pushi/vec4 0, 0, 16;
    %assign/vec4 v0x55f318faff40_0, 0;
    %jmp T_65.1;
T_65.0 ;
    %load/vec4 v0x55f31923b6f0_0;
    %assign/vec4 v0x55f31923b980_0, 0;
    %load/vec4 v0x55f31923b6f0_0;
    %flag_set/vec4 8;
    %jmp/0xz  T_65.2, 8;
    %load/vec4 v0x55f31923bcb0_0;
    %assign/vec4 v0x55f318f91740_0, 0;
    %load/vec4 v0x55f318f919f0_0;
    %assign/vec4 v0x55f318f91ab0_0, 0;
    %load/vec4 v0x55f318fafe80_0;
    %assign/vec4 v0x55f318faff40_0, 0;
    %jmp T_65.3;
T_65.2 ;
    %pushi/vec4 0, 0, 16;
    %assign/vec4 v0x55f318f91740_0, 0;
    %pushi/vec4 0, 0, 16;
    %assign/vec4 v0x55f318f91ab0_0, 0;
    %pushi/vec4 0, 0, 16;
    %assign/vec4 v0x55f318faff40_0, 0;
T_65.3 ;
T_65.1 ;
    %jmp T_65;
    .thread T_65;
    .scope S_0x55f318fb8e60;
T_66 ;
Ewait_31 .event/or E_0x55f3192381b0, E_0x0;
    %wait Ewait_31;
    %load/vec4 v0x55f318fa94f0_0;
    %ix/load 4, 11, 0;
    %flag_set/imm 4, 0;
    %shiftr/s 4;
    %store/vec4 v0x55f318fe9550_0, 0, 16;
    %load/vec4 v0x55f318fe9630_0;
    %ix/load 4, 11, 0;
    %flag_set/imm 4, 0;
    %shiftr/s 4;
    %store/vec4 v0x55f318fe98c0_0, 0, 16;
    %load/vec4 v0x55f319007340_0;
    %pad/s 32;
    %cmpi/s 0, 0, 32;
    %flag_inv 5; GE is !LT
    %jmp/0xz  T_66.0, 5;
    %load/vec4 v0x55f318fa94f0_0;
    %load/vec4 v0x55f318fe98c0_0;
    %sub;
    %store/vec4 v0x55f318fa95e0_0, 0, 16;
    %load/vec4 v0x55f318fe9630_0;
    %load/vec4 v0x55f318fe9550_0;
    %add;
    %store/vec4 v0x55f318fe9720_0, 0, 16;
    %load/vec4 v0x55f319007340_0;
    %subi 2, 0, 16;
    %store/vec4 v0x55f319007410_0, 0, 16;
    %jmp T_66.1;
T_66.0 ;
    %load/vec4 v0x55f318fa94f0_0;
    %load/vec4 v0x55f318fe98c0_0;
    %add;
    %store/vec4 v0x55f318fa95e0_0, 0, 16;
    %load/vec4 v0x55f318fe9630_0;
    %load/vec4 v0x55f318fe9550_0;
    %sub;
    %store/vec4 v0x55f318fe9720_0, 0, 16;
    %load/vec4 v0x55f319007340_0;
    %addi 2, 0, 16;
    %store/vec4 v0x55f319007410_0, 0, 16;
T_66.1 ;
    %jmp T_66;
    .thread T_66, $push;
    .scope S_0x55f318fb8e60;
T_67 ;
    %wait E_0x55f318f9b9a0;
    %load/vec4 v0x55f318fa9290_0;
    %nor/r;
    %flag_set/vec4 8;
    %jmp/0xz  T_67.0, 8;
    %pushi/vec4 0, 0, 1;
    %assign/vec4 v0x55f318fa9450_0, 0;
    %pushi/vec4 0, 0, 16;
    %assign/vec4 v0x55f318fe9490_0, 0;
    %pushi/vec4 0, 0, 16;
    %assign/vec4 v0x55f318fe97e0_0, 0;
    %pushi/vec4 0, 0, 16;
    %assign/vec4 v0x55f3190074d0_0, 0;
    %jmp T_67.1;
T_67.0 ;
    %load/vec4 v0x55f318fa9350_0;
    %assign/vec4 v0x55f318fa9450_0, 0;
    %load/vec4 v0x55f318fa9350_0;
    %flag_set/vec4 8;
    %jmp/0xz  T_67.2, 8;
    %load/vec4 v0x55f318fa95e0_0;
    %assign/vec4 v0x55f318fe9490_0, 0;
    %load/vec4 v0x55f318fe9720_0;
    %assign/vec4 v0x55f318fe97e0_0, 0;
    %load/vec4 v0x55f319007410_0;
    %assign/vec4 v0x55f3190074d0_0, 0;
    %jmp T_67.3;
T_67.2 ;
    %pushi/vec4 0, 0, 16;
    %assign/vec4 v0x55f318fe9490_0, 0;
    %pushi/vec4 0, 0, 16;
    %assign/vec4 v0x55f318fe97e0_0, 0;
    %pushi/vec4 0, 0, 16;
    %assign/vec4 v0x55f3190074d0_0, 0;
T_67.3 ;
T_67.1 ;
    %jmp T_67;
    .thread T_67;
    .scope S_0x55f318f98af0;
T_68 ;
Ewait_32 .event/or E_0x55f3192878e0, E_0x0;
    %wait Ewait_32;
    %load/vec4 v0x55f319287c80_0;
    %ix/load 4, 12, 0;
    %flag_set/imm 4, 0;
    %shiftr/s 4;
    %store/vec4 v0x55f319287ef0_0, 0, 16;
    %load/vec4 v0x55f319287fd0_0;
    %ix/load 4, 12, 0;
    %flag_set/imm 4, 0;
    %shiftr/s 4;
    %store/vec4 v0x55f319288260_0, 0, 16;
    %load/vec4 v0x55f319288340_0;
    %pad/s 32;
    %cmpi/s 0, 0, 32;
    %flag_inv 5; GE is !LT
    %jmp/0xz  T_68.0, 5;
    %load/vec4 v0x55f319287c80_0;
    %load/vec4 v0x55f319288260_0;
    %sub;
    %store/vec4 v0x55f319287d70_0, 0, 16;
    %load/vec4 v0x55f319287fd0_0;
    %load/vec4 v0x55f319287ef0_0;
    %add;
    %store/vec4 v0x55f3192880c0_0, 0, 16;
    %load/vec4 v0x55f319288340_0;
    %subi 1, 0, 16;
    %store/vec4 v0x55f319288430_0, 0, 16;
    %jmp T_68.1;
T_68.0 ;
    %load/vec4 v0x55f319287c80_0;
    %load/vec4 v0x55f319288260_0;
    %add;
    %store/vec4 v0x55f319287d70_0, 0, 16;
    %load/vec4 v0x55f319287fd0_0;
    %load/vec4 v0x55f319287ef0_0;
    %sub;
    %store/vec4 v0x55f3192880c0_0, 0, 16;
    %load/vec4 v0x55f319288340_0;
    %addi 1, 0, 16;
    %store/vec4 v0x55f319288430_0, 0, 16;
T_68.1 ;
    %jmp T_68;
    .thread T_68, $push;
    .scope S_0x55f318f98af0;
T_69 ;
    %wait E_0x55f318f9b9a0;
    %load/vec4 v0x55f319287a20_0;
    %nor/r;
    %flag_set/vec4 8;
    %jmp/0xz  T_69.0, 8;
    %pushi/vec4 0, 0, 1;
    %assign/vec4 v0x55f319287be0_0, 0;
    %pushi/vec4 0, 0, 16;
    %assign/vec4 v0x55f319287e10_0, 0;
    %pushi/vec4 0, 0, 16;
    %assign/vec4 v0x55f319288180_0, 0;
    %pushi/vec4 0, 0, 16;
    %assign/vec4 v0x55f3192884f0_0, 0;
    %jmp T_69.1;
T_69.0 ;
    %load/vec4 v0x55f319287ae0_0;
    %assign/vec4 v0x55f319287be0_0, 0;
    %load/vec4 v0x55f319287ae0_0;
    %flag_set/vec4 8;
    %jmp/0xz  T_69.2, 8;
    %load/vec4 v0x55f319287d70_0;
    %assign/vec4 v0x55f319287e10_0, 0;
    %load/vec4 v0x55f3192880c0_0;
    %assign/vec4 v0x55f319288180_0, 0;
    %load/vec4 v0x55f319288430_0;
    %assign/vec4 v0x55f3192884f0_0, 0;
    %jmp T_69.3;
T_69.2 ;
    %pushi/vec4 0, 0, 16;
    %assign/vec4 v0x55f319287e10_0, 0;
    %pushi/vec4 0, 0, 16;
    %assign/vec4 v0x55f319288180_0, 0;
    %pushi/vec4 0, 0, 16;
    %assign/vec4 v0x55f3192884f0_0, 0;
T_69.3 ;
T_69.1 ;
    %jmp T_69;
    .thread T_69;
    .scope S_0x55f319288a00;
T_70 ;
Ewait_33 .event/or E_0x55f319289000, E_0x0;
    %wait Ewait_33;
    %load/vec4 v0x55f3192893a0_0;
    %ix/load 4, 13, 0;
    %flag_set/imm 4, 0;
    %shiftr/s 4;
    %store/vec4 v0x55f319289610_0, 0, 16;
    %load/vec4 v0x55f3192896f0_0;
    %ix/load 4, 13, 0;
    %flag_set/imm 4, 0;
    %shiftr/s 4;
    %store/vec4 v0x55f319289980_0, 0, 16;
    %load/vec4 v0x55f319289a60_0;
    %pad/s 32;
    %cmpi/s 0, 0, 32;
    %flag_inv 5; GE is !LT
    %jmp/0xz  T_70.0, 5;
    %load/vec4 v0x55f3192893a0_0;
    %load/vec4 v0x55f319289980_0;
    %sub;
    %store/vec4 v0x55f319289490_0, 0, 16;
    %load/vec4 v0x55f3192896f0_0;
    %load/vec4 v0x55f319289610_0;
    %add;
    %store/vec4 v0x55f3192897e0_0, 0, 16;
    %load/vec4 v0x55f319289a60_0;
    %subi 1, 0, 16;
    %store/vec4 v0x55f319289b50_0, 0, 16;
    %jmp T_70.1;
T_70.0 ;
    %load/vec4 v0x55f3192893a0_0;
    %load/vec4 v0x55f319289980_0;
    %add;
    %store/vec4 v0x55f319289490_0, 0, 16;
    %load/vec4 v0x55f3192896f0_0;
    %load/vec4 v0x55f319289610_0;
    %sub;
    %store/vec4 v0x55f3192897e0_0, 0, 16;
    %load/vec4 v0x55f319289a60_0;
    %addi 1, 0, 16;
    %store/vec4 v0x55f319289b50_0, 0, 16;
T_70.1 ;
    %jmp T_70;
    .thread T_70, $push;
    .scope S_0x55f319288a00;
T_71 ;
    %wait E_0x55f318f9b9a0;
    %load/vec4 v0x55f319289140_0;
    %nor/r;
    %flag_set/vec4 8;
    %jmp/0xz  T_71.0, 8;
    %pushi/vec4 0, 0, 1;
    %assign/vec4 v0x55f319289300_0, 0;
    %pushi/vec4 0, 0, 16;
    %assign/vec4 v0x55f319289530_0, 0;
    %pushi/vec4 0, 0, 16;
    %assign/vec4 v0x55f3192898a0_0, 0;
    %pushi/vec4 0, 0, 16;
    %assign/vec4 v0x55f319289c10_0, 0;
    %jmp T_71.1;
T_71.0 ;
    %load/vec4 v0x55f319289200_0;
    %assign/vec4 v0x55f319289300_0, 0;
    %load/vec4 v0x55f319289200_0;
    %flag_set/vec4 8;
    %jmp/0xz  T_71.2, 8;
    %load/vec4 v0x55f319289490_0;
    %assign/vec4 v0x55f319289530_0, 0;
    %load/vec4 v0x55f3192897e0_0;
    %assign/vec4 v0x55f3192898a0_0, 0;
    %load/vec4 v0x55f319289b50_0;
    %assign/vec4 v0x55f319289c10_0, 0;
    %jmp T_71.3;
T_71.2 ;
    %pushi/vec4 0, 0, 16;
    %assign/vec4 v0x55f319289530_0, 0;
    %pushi/vec4 0, 0, 16;
    %assign/vec4 v0x55f3192898a0_0, 0;
    %pushi/vec4 0, 0, 16;
    %assign/vec4 v0x55f319289c10_0, 0;
T_71.3 ;
T_71.1 ;
    %jmp T_71;
    .thread T_71;
    .scope S_0x55f31928a120;
T_72 ;
Ewait_34 .event/or E_0x55f31928a720, E_0x0;
    %wait Ewait_34;
    %load/vec4 v0x55f31928aac0_0;
    %ix/load 4, 14, 0;
    %flag_set/imm 4, 0;
    %shiftr/s 4;
    %store/vec4 v0x55f31928ad30_0, 0, 16;
    %load/vec4 v0x55f31928ae10_0;
    %ix/load 4, 14, 0;
    %flag_set/imm 4, 0;
    %shiftr/s 4;
    %store/vec4 v0x55f31928b0a0_0, 0, 16;
    %load/vec4 v0x55f31928b180_0;
    %pad/s 32;
    %cmpi/s 0, 0, 32;
    %flag_inv 5; GE is !LT
    %jmp/0xz  T_72.0, 5;
    %load/vec4 v0x55f31928aac0_0;
    %load/vec4 v0x55f31928b0a0_0;
    %sub;
    %store/vec4 v0x55f31928abb0_0, 0, 16;
    %load/vec4 v0x55f31928ae10_0;
    %load/vec4 v0x55f31928ad30_0;
    %add;
    %store/vec4 v0x55f31928af00_0, 0, 16;
    %load/vec4 v0x55f31928b180_0;
    %subi 0, 0, 16;
    %store/vec4 v0x55f31928b270_0, 0, 16;
    %jmp T_72.1;
T_72.0 ;
    %load/vec4 v0x55f31928aac0_0;
    %load/vec4 v0x55f31928b0a0_0;
    %add;
    %store/vec4 v0x55f31928abb0_0, 0, 16;
    %load/vec4 v0x55f31928ae10_0;
    %load/vec4 v0x55f31928ad30_0;
    %sub;
    %store/vec4 v0x55f31928af00_0, 0, 16;
    %load/vec4 v0x55f31928b180_0;
    %addi 0, 0, 16;
    %store/vec4 v0x55f31928b270_0, 0, 16;
T_72.1 ;
    %jmp T_72;
    .thread T_72, $push;
    .scope S_0x55f31928a120;
T_73 ;
    %wait E_0x55f318f9b9a0;
    %load/vec4 v0x55f31928a860_0;
    %nor/r;
    %flag_set/vec4 8;
    %jmp/0xz  T_73.0, 8;
    %pushi/vec4 0, 0, 1;
    %assign/vec4 v0x55f31928aa20_0, 0;
    %pushi/vec4 0, 0, 16;
    %assign/vec4 v0x55f31928ac50_0, 0;
    %pushi/vec4 0, 0, 16;
    %assign/vec4 v0x55f31928afc0_0, 0;
    %pushi/vec4 0, 0, 16;
    %assign/vec4 v0x55f31928b330_0, 0;
    %jmp T_73.1;
T_73.0 ;
    %load/vec4 v0x55f31928a920_0;
    %assign/vec4 v0x55f31928aa20_0, 0;
    %load/vec4 v0x55f31928a920_0;
    %flag_set/vec4 8;
    %jmp/0xz  T_73.2, 8;
    %load/vec4 v0x55f31928abb0_0;
    %assign/vec4 v0x55f31928ac50_0, 0;
    %load/vec4 v0x55f31928af00_0;
    %assign/vec4 v0x55f31928afc0_0, 0;
    %load/vec4 v0x55f31928b270_0;
    %assign/vec4 v0x55f31928b330_0, 0;
    %jmp T_73.3;
T_73.2 ;
    %pushi/vec4 0, 0, 16;
    %assign/vec4 v0x55f31928ac50_0, 0;
    %pushi/vec4 0, 0, 16;
    %assign/vec4 v0x55f31928afc0_0, 0;
    %pushi/vec4 0, 0, 16;
    %assign/vec4 v0x55f31928b330_0, 0;
T_73.3 ;
T_73.1 ;
    %jmp T_73;
    .thread T_73;
    .scope S_0x55f31928b840;
T_74 ;
Ewait_35 .event/or E_0x55f31928be40, E_0x0;
    %wait Ewait_35;
    %load/vec4 v0x55f31928c1e0_0;
    %ix/load 4, 15, 0;
    %flag_set/imm 4, 0;
    %shiftr/s 4;
    %store/vec4 v0x55f31928c450_0, 0, 16;
    %load/vec4 v0x55f31928c530_0;
    %ix/load 4, 15, 0;
    %flag_set/imm 4, 0;
    %shiftr/s 4;
    %store/vec4 v0x55f31928c7c0_0, 0, 16;
    %load/vec4 v0x55f31928c8a0_0;
    %pad/s 32;
    %cmpi/s 0, 0, 32;
    %flag_inv 5; GE is !LT
    %jmp/0xz  T_74.0, 5;
    %load/vec4 v0x55f31928c1e0_0;
    %load/vec4 v0x55f31928c7c0_0;
    %sub;
    %store/vec4 v0x55f31928c2d0_0, 0, 16;
    %load/vec4 v0x55f31928c530_0;
    %load/vec4 v0x55f31928c450_0;
    %add;
    %store/vec4 v0x55f31928c620_0, 0, 16;
    %load/vec4 v0x55f31928c8a0_0;
    %subi 0, 0, 16;
    %store/vec4 v0x55f31928c990_0, 0, 16;
    %jmp T_74.1;
T_74.0 ;
    %load/vec4 v0x55f31928c1e0_0;
    %load/vec4 v0x55f31928c7c0_0;
    %add;
    %store/vec4 v0x55f31928c2d0_0, 0, 16;
    %load/vec4 v0x55f31928c530_0;
    %load/vec4 v0x55f31928c450_0;
    %sub;
    %store/vec4 v0x55f31928c620_0, 0, 16;
    %load/vec4 v0x55f31928c8a0_0;
    %addi 0, 0, 16;
    %store/vec4 v0x55f31928c990_0, 0, 16;
T_74.1 ;
    %jmp T_74;
    .thread T_74, $push;
    .scope S_0x55f31928b840;
T_75 ;
    %wait E_0x55f318f9b9a0;
    %load/vec4 v0x55f31928bf80_0;
    %nor/r;
    %flag_set/vec4 8;
    %jmp/0xz  T_75.0, 8;
    %pushi/vec4 0, 0, 1;
    %assign/vec4 v0x55f31928c140_0, 0;
    %pushi/vec4 0, 0, 16;
    %assign/vec4 v0x55f31928c370_0, 0;
    %pushi/vec4 0, 0, 16;
    %assign/vec4 v0x55f31928c6e0_0, 0;
    %pushi/vec4 0, 0, 16;
    %assign/vec4 v0x55f31928ca50_0, 0;
    %jmp T_75.1;
T_75.0 ;
    %load/vec4 v0x55f31928c040_0;
    %assign/vec4 v0x55f31928c140_0, 0;
    %load/vec4 v0x55f31928c040_0;
    %flag_set/vec4 8;
    %jmp/0xz  T_75.2, 8;
    %load/vec4 v0x55f31928c2d0_0;
    %assign/vec4 v0x55f31928c370_0, 0;
    %load/vec4 v0x55f31928c620_0;
    %assign/vec4 v0x55f31928c6e0_0, 0;
    %load/vec4 v0x55f31928c990_0;
    %assign/vec4 v0x55f31928ca50_0, 0;
    %jmp T_75.3;
T_75.2 ;
    %pushi/vec4 0, 0, 16;
    %assign/vec4 v0x55f31928c370_0, 0;
    %pushi/vec4 0, 0, 16;
    %assign/vec4 v0x55f31928c6e0_0, 0;
    %pushi/vec4 0, 0, 16;
    %assign/vec4 v0x55f31928ca50_0, 0;
T_75.3 ;
T_75.1 ;
    %jmp T_75;
    .thread T_75;
    .scope S_0x55f319290e50;
T_76 ;
Ewait_36 .event/or E_0x55f319192ed0, E_0x0;
    %wait Ewait_36;
    %load/vec4 v0x55f319291220_0;
    %pad/s 32;
    %load/vec4 v0x55f319291dd0_0;
    %pad/s 32;
    %mul;
    %store/vec4 v0x55f319291830_0, 0, 32;
    %load/vec4 v0x55f319291830_0;
    %addi 2048, 0, 32;
    %ix/load 4, 12, 0;
    %flag_set/imm 4, 0;
    %shiftr/s 4;
    %store/vec4 v0x55f319291750_0, 0, 32;
    %load/vec4 v0x55f319291560_0;
    %flag_set/vec4 8;
    %jmp/1 T_76.2, 8;
    %load/vec4 v0x55f319291220_0;
    %cmpi/e 0, 0, 16;
    %flag_get/vec4 4;
    %jmp/0 T_76.3, 4;
    %load/vec4 v0x55f319291dd0_0;
    %pushi/vec4 0, 0, 16;
    %cmp/e;
    %flag_get/vec4 4;
    %and;
T_76.3;
    %flag_set/vec4 9;
    %flag_or 8, 9;
T_76.2;
    %jmp/0xz  T_76.0, 8;
    %load/vec4 v0x55f319291400_0;
    %pad/s 33;
    %store/vec4 v0x55f319291670_0, 0, 33;
    %jmp T_76.1;
T_76.0 ;
    %load/vec4 v0x55f319291320_0;
    %pad/s 33;
    %store/vec4 v0x55f319291670_0, 0, 33;
T_76.1 ;
    %load/vec4 v0x55f319291670_0;
    %load/vec4 v0x55f319291750_0;
    %pad/s 33;
    %add;
    %store/vec4 v0x55f319291b00_0, 0, 33;
    %jmp T_76;
    .thread T_76, $push;
    .scope S_0x55f319290e50;
T_77 ;
    %wait E_0x55f318f9b9a0;
    %load/vec4 v0x55f319291a60_0;
    %nor/r;
    %flag_set/vec4 8;
    %jmp/0xz  T_77.0, 8;
    %pushi/vec4 0, 0, 1;
    %assign/vec4 v0x55f319291d10_0, 0;
    %pushi/vec4 0, 0, 16;
    %assign/vec4 v0x55f319291320_0, 0;
    %pushi/vec4 0, 0, 1;
    %assign/vec4 v0x55f319291910_0, 0;
    %jmp T_77.1;
T_77.0 ;
    %load/vec4 v0x55f319291be0_0;
    %flag_set/vec4 8;
    %flag_get/vec4 8;
    %jmp/0 T_77.2, 8;
    %load/vec4 v0x55f319291560_0;
    %nor/r;
    %and;
T_77.2;
    %assign/vec4 v0x55f319291d10_0, 0;
    %load/vec4 v0x55f319291be0_0;
    %flag_set/vec4 8;
    %jmp/0xz  T_77.3, 8;
    %load/vec4 v0x55f319291b00_0;
    %cmpi/s 32767, 0, 33;
    %flag_or 5, 4; GT is !LE
    %flag_inv 5;
    %jmp/0xz  T_77.5, 5;
    %pushi/vec4 1, 0, 1;
    %assign/vec4 v0x55f319291910_0, 0;
    %pushi/vec4 32767, 0, 16;
    %assign/vec4 v0x55f319291320_0, 0;
    %jmp T_77.6;
T_77.5 ;
    %load/vec4 v0x55f319291b00_0;
    %pushi/vec4 4294950912, 0, 32;
    %concati/vec4 0, 0, 1;
    %cmp/s;
    %jmp/0xz  T_77.7, 5;
    %pushi/vec4 1, 0, 1;
    %assign/vec4 v0x55f319291910_0, 0;
    %pushi/vec4 32768, 0, 16;
    %assign/vec4 v0x55f319291320_0, 0;
    %jmp T_77.8;
T_77.7 ;
    %pushi/vec4 0, 0, 1;
    %assign/vec4 v0x55f319291910_0, 0;
    %load/vec4 v0x55f319291b00_0;
    %parti/s 16, 0, 2;
    %assign/vec4 v0x55f319291320_0, 0;
T_77.8 ;
T_77.6 ;
T_77.3 ;
T_77.1 ;
    %jmp T_77;
    .thread T_77;
    .scope S_0x55f3192ac900;
T_78 ;
Ewait_37 .event/or E_0x55f3192acd20, E_0x0;
    %wait Ewait_37;
    %load/vec4 v0x55f3192ad6b0_0;
    %pad/s 32;
    %store/vec4 v0x55f3192ad840_0, 0, 32;
    %load/vec4 v0x55f3192ad840_0;
    %muli 30, 0, 32;
    %store/vec4 v0x55f3192ae280_0, 0, 32;
    %load/vec4 v0x55f3192ae280_0;
    %pushi/vec4 25736, 0, 32;
    %mod/s;
    %store/vec4 v0x55f3192ad930_0, 0, 32;
    %load/vec4 v0x55f3192ad930_0;
    %cmpi/s 12868, 0, 32;
    %flag_or 5, 4; GT is !LE
    %flag_inv 5;
    %jmp/0xz  T_78.0, 5;
    %load/vec4 v0x55f3192ad930_0;
    %subi 25736, 0, 32;
    %store/vec4 v0x55f3192acd60_0, 0, 32;
    %jmp T_78.1;
T_78.0 ;
    %load/vec4 v0x55f3192ad930_0;
    %cmpi/s 4294954428, 0, 32;
    %jmp/0xz  T_78.2, 5;
    %load/vec4 v0x55f3192ad930_0;
    %addi 25736, 0, 32;
    %store/vec4 v0x55f3192acd60_0, 0, 32;
    %jmp T_78.3;
T_78.2 ;
    %load/vec4 v0x55f3192ad930_0;
    %store/vec4 v0x55f3192acd60_0, 0, 32;
T_78.3 ;
T_78.1 ;
    %jmp T_78;
    .thread T_78, $push;
    .scope S_0x55f3192ac900;
T_79 ;
    %wait E_0x55f318f9b9a0;
    %load/vec4 v0x55f3192ad9d0_0;
    %nor/r;
    %flag_set/vec4 8;
    %jmp/0xz  T_79.0, 8;
    %pushi/vec4 0, 0, 1;
    %assign/vec4 v0x55f3192ae3c0_0, 0;
    %pushi/vec4 0, 0, 16;
    %assign/vec4 v0x55f3192ad750_0, 0;
    %jmp T_79.1;
T_79.0 ;
    %load/vec4 v0x55f3192ae320_0;
    %assign/vec4 v0x55f3192ae3c0_0, 0;
    %load/vec4 v0x55f3192ae320_0;
    %flag_set/vec4 8;
    %jmp/0xz  T_79.2, 8;
    %load/vec4 v0x55f3192acd60_0;
    %parti/s 16, 0, 2;
    %assign/vec4 v0x55f3192ad750_0, 0;
T_79.2 ;
T_79.1 ;
    %jmp T_79;
    .thread T_79;
    .scope S_0x55f319292330;
T_80 ;
    %wait E_0x55f319292820;
    %load/vec4 v0x55f3192929a0_0;
    %pad/s 32;
    %store/vec4 v0x55f3192928a0_0, 0, 32;
    %load/vec4 v0x55f3192928a0_0;
    %cmpi/s 12868, 0, 32;
    %flag_or 5, 4; GT is !LE
    %flag_inv 5;
    %jmp/0xz  T_80.0, 5;
    %load/vec4 v0x55f3192928a0_0;
    %subi 25736, 0, 32;
    %store/vec4 v0x55f319292a80_0, 0, 32;
    %jmp T_80.1;
T_80.0 ;
    %load/vec4 v0x55f3192928a0_0;
    %store/vec4 v0x55f319292a80_0, 0, 32;
T_80.1 ;
    %load/vec4 v0x55f319292a80_0;
    %cmpi/s 6434, 0, 32;
    %flag_or 5, 4; GT is !LE
    %flag_inv 5;
    %jmp/0xz  T_80.2, 5;
    %pushi/vec4 12868, 0, 32;
    %load/vec4 v0x55f319292a80_0;
    %sub;
    %store/vec4 v0x55f319292be0_0, 0, 32;
    %jmp T_80.3;
T_80.2 ;
    %load/vec4 v0x55f319292a80_0;
    %cmpi/s 4294960862, 0, 32;
    %jmp/0xz  T_80.4, 5;
    %pushi/vec4 4294954428, 0, 32;
    %load/vec4 v0x55f319292a80_0;
    %sub;
    %store/vec4 v0x55f319292be0_0, 0, 32;
    %jmp T_80.5;
T_80.4 ;
    %load/vec4 v0x55f319292a80_0;
    %store/vec4 v0x55f319292be0_0, 0, 32;
T_80.5 ;
T_80.3 ;
    %jmp T_80;
    .thread T_80, $push;
    .scope S_0x55f319292330;
T_81 ;
    %wait E_0x55f318f9b9a0;
    %load/vec4 v0x55f319292df0_0;
    %nor/r;
    %flag_set/vec4 8;
    %jmp/0xz  T_81.0, 8;
    %pushi/vec4 0, 0, 1;
    %assign/vec4 v0x55f319292f50_0, 0;
    %pushi/vec4 0, 0, 16;
    %assign/vec4 v0x55f319292d10_0, 0;
    %jmp T_81.1;
T_81.0 ;
    %load/vec4 v0x55f319292e90_0;
    %assign/vec4 v0x55f319292f50_0, 0;
    %load/vec4 v0x55f319292e90_0;
    %flag_set/vec4 8;
    %jmp/0xz  T_81.2, 8;
    %load/vec4 v0x55f319292be0_0;
    %parti/s 16, 0, 2;
    %assign/vec4 v0x55f319292d10_0, 0;
T_81.2 ;
T_81.1 ;
    %jmp T_81;
    .thread T_81;
    .scope S_0x55f319293690;
T_82 ;
Ewait_38 .event/or E_0x55f319293c30, E_0x0;
    %wait Ewait_38;
    %load/vec4 v0x55f319293f70_0;
    %store/vec4 v0x55f319294260_0, 0, 16;
    %load/vec4 v0x55f319294340_0;
    %store/vec4 v0x55f3192945e0_0, 0, 16;
    %load/vec4 v0x55f3192946c0_0;
    %pad/s 32;
    %cmpi/s 0, 0, 32;
    %flag_inv 5; GE is !LT
    %jmp/0xz  T_82.0, 5;
    %load/vec4 v0x55f319293f70_0;
    %load/vec4 v0x55f3192945e0_0;
    %sub;
    %store/vec4 v0x55f3192940a0_0, 0, 16;
    %load/vec4 v0x55f319294340_0;
    %load/vec4 v0x55f319294260_0;
    %add;
    %store/vec4 v0x55f319294420_0, 0, 16;
    %load/vec4 v0x55f3192946c0_0;
    %subi 3217, 0, 16;
    %store/vec4 v0x55f3192947a0_0, 0, 16;
    %jmp T_82.1;
T_82.0 ;
    %load/vec4 v0x55f319293f70_0;
    %load/vec4 v0x55f3192945e0_0;
    %add;
    %store/vec4 v0x55f3192940a0_0, 0, 16;
    %load/vec4 v0x55f319294340_0;
    %load/vec4 v0x55f319294260_0;
    %sub;
    %store/vec4 v0x55f319294420_0, 0, 16;
    %load/vec4 v0x55f3192946c0_0;
    %addi 3217, 0, 16;
    %store/vec4 v0x55f3192947a0_0, 0, 16;
T_82.1 ;
    %jmp T_82;
    .thread T_82, $push;
    .scope S_0x55f319293690;
T_83 ;
    %wait E_0x55f318f9b9a0;
    %load/vec4 v0x55f319293d70_0;
    %nor/r;
    %flag_set/vec4 8;
    %jmp/0xz  T_83.0, 8;
    %pushi/vec4 0, 0, 1;
    %assign/vec4 v0x55f319293ed0_0, 0;
    %pushi/vec4 0, 0, 16;
    %assign/vec4 v0x55f319294180_0, 0;
    %pushi/vec4 0, 0, 16;
    %assign/vec4 v0x55f319294500_0, 0;
    %pushi/vec4 0, 0, 16;
    %assign/vec4 v0x55f319294880_0, 0;
    %jmp T_83.1;
T_83.0 ;
    %load/vec4 v0x55f319293e30_0;
    %assign/vec4 v0x55f319293ed0_0, 0;
    %load/vec4 v0x55f319293e30_0;
    %flag_set/vec4 8;
    %jmp/0xz  T_83.2, 8;
    %load/vec4 v0x55f3192940a0_0;
    %assign/vec4 v0x55f319294180_0, 0;
    %load/vec4 v0x55f319294420_0;
    %assign/vec4 v0x55f319294500_0, 0;
    %load/vec4 v0x55f3192947a0_0;
    %assign/vec4 v0x55f319294880_0, 0;
    %jmp T_83.3;
T_83.2 ;
    %pushi/vec4 0, 0, 16;
    %assign/vec4 v0x55f319294180_0, 0;
    %pushi/vec4 0, 0, 16;
    %assign/vec4 v0x55f319294500_0, 0;
    %pushi/vec4 0, 0, 16;
    %assign/vec4 v0x55f319294880_0, 0;
T_83.3 ;
T_83.1 ;
    %jmp T_83;
    .thread T_83;
    .scope S_0x55f319294d90;
T_84 ;
Ewait_39 .event/or E_0x55f319295330, E_0x0;
    %wait Ewait_39;
    %load/vec4 v0x55f319295670_0;
    %ix/load 4, 1, 0;
    %flag_set/imm 4, 0;
    %shiftr/s 4;
    %store/vec4 v0x55f3192958e0_0, 0, 16;
    %load/vec4 v0x55f3192959c0_0;
    %ix/load 4, 1, 0;
    %flag_set/imm 4, 0;
    %shiftr/s 4;
    %store/vec4 v0x55f319295c20_0, 0, 16;
    %load/vec4 v0x55f319295d00_0;
    %pad/s 32;
    %cmpi/s 0, 0, 32;
    %flag_inv 5; GE is !LT
    %jmp/0xz  T_84.0, 5;
    %load/vec4 v0x55f319295670_0;
    %load/vec4 v0x55f319295c20_0;
    %sub;
    %store/vec4 v0x55f319295760_0, 0, 16;
    %load/vec4 v0x55f3192959c0_0;
    %load/vec4 v0x55f3192958e0_0;
    %add;
    %store/vec4 v0x55f319295a80_0, 0, 16;
    %load/vec4 v0x55f319295d00_0;
    %subi 1899, 0, 16;
    %store/vec4 v0x55f319295dc0_0, 0, 16;
    %jmp T_84.1;
T_84.0 ;
    %load/vec4 v0x55f319295670_0;
    %load/vec4 v0x55f319295c20_0;
    %add;
    %store/vec4 v0x55f319295760_0, 0, 16;
    %load/vec4 v0x55f3192959c0_0;
    %load/vec4 v0x55f3192958e0_0;
    %sub;
    %store/vec4 v0x55f319295a80_0, 0, 16;
    %load/vec4 v0x55f319295d00_0;
    %addi 1899, 0, 16;
    %store/vec4 v0x55f319295dc0_0, 0, 16;
T_84.1 ;
    %jmp T_84;
    .thread T_84, $push;
    .scope S_0x55f319294d90;
T_85 ;
    %wait E_0x55f318f9b9a0;
    %load/vec4 v0x55f319295470_0;
    %nor/r;
    %flag_set/vec4 8;
    %jmp/0xz  T_85.0, 8;
    %pushi/vec4 0, 0, 1;
    %assign/vec4 v0x55f3192955d0_0, 0;
    %pushi/vec4 0, 0, 16;
    %assign/vec4 v0x55f319295800_0, 0;
    %pushi/vec4 0, 0, 16;
    %assign/vec4 v0x55f319295b40_0, 0;
    %pushi/vec4 0, 0, 16;
    %assign/vec4 v0x55f319295e80_0, 0;
    %jmp T_85.1;
T_85.0 ;
    %load/vec4 v0x55f319295530_0;
    %assign/vec4 v0x55f3192955d0_0, 0;
    %load/vec4 v0x55f319295530_0;
    %flag_set/vec4 8;
    %jmp/0xz  T_85.2, 8;
    %load/vec4 v0x55f319295760_0;
    %assign/vec4 v0x55f319295800_0, 0;
    %load/vec4 v0x55f319295a80_0;
    %assign/vec4 v0x55f319295b40_0, 0;
    %load/vec4 v0x55f319295dc0_0;
    %assign/vec4 v0x55f319295e80_0, 0;
    %jmp T_85.3;
T_85.2 ;
    %pushi/vec4 0, 0, 16;
    %assign/vec4 v0x55f319295800_0, 0;
    %pushi/vec4 0, 0, 16;
    %assign/vec4 v0x55f319295b40_0, 0;
    %pushi/vec4 0, 0, 16;
    %assign/vec4 v0x55f319295e80_0, 0;
T_85.3 ;
T_85.1 ;
    %jmp T_85;
    .thread T_85;
    .scope S_0x55f319296370;
T_86 ;
Ewait_40 .event/or E_0x55f319296910, E_0x0;
    %wait Ewait_40;
    %load/vec4 v0x55f319296c80_0;
    %ix/load 4, 2, 0;
    %flag_set/imm 4, 0;
    %shiftr/s 4;
    %store/vec4 v0x55f319296ef0_0, 0, 16;
    %load/vec4 v0x55f319296fd0_0;
    %ix/load 4, 2, 0;
    %flag_set/imm 4, 0;
    %shiftr/s 4;
    %store/vec4 v0x55f319297260_0, 0, 16;
    %load/vec4 v0x55f319297340_0;
    %pad/s 32;
    %cmpi/s 0, 0, 32;
    %flag_inv 5; GE is !LT
    %jmp/0xz  T_86.0, 5;
    %load/vec4 v0x55f319296c80_0;
    %load/vec4 v0x55f319297260_0;
    %sub;
    %store/vec4 v0x55f319296d70_0, 0, 16;
    %load/vec4 v0x55f319296fd0_0;
    %load/vec4 v0x55f319296ef0_0;
    %add;
    %store/vec4 v0x55f3192970c0_0, 0, 16;
    %load/vec4 v0x55f319297340_0;
    %subi 1003, 0, 16;
    %store/vec4 v0x55f319297430_0, 0, 16;
    %jmp T_86.1;
T_86.0 ;
    %load/vec4 v0x55f319296c80_0;
    %load/vec4 v0x55f319297260_0;
    %add;
    %store/vec4 v0x55f319296d70_0, 0, 16;
    %load/vec4 v0x55f319296fd0_0;
    %load/vec4 v0x55f319296ef0_0;
    %sub;
    %store/vec4 v0x55f3192970c0_0, 0, 16;
    %load/vec4 v0x55f319297340_0;
    %addi 1003, 0, 16;
    %store/vec4 v0x55f319297430_0, 0, 16;
T_86.1 ;
    %jmp T_86;
    .thread T_86, $push;
    .scope S_0x55f319296370;
T_87 ;
    %wait E_0x55f318f9b9a0;
    %load/vec4 v0x55f319296a50_0;
    %nor/r;
    %flag_set/vec4 8;
    %jmp/0xz  T_87.0, 8;
    %pushi/vec4 0, 0, 1;
    %assign/vec4 v0x55f319296be0_0, 0;
    %pushi/vec4 0, 0, 16;
    %assign/vec4 v0x55f319296e10_0, 0;
    %pushi/vec4 0, 0, 16;
    %assign/vec4 v0x55f319297180_0, 0;
    %pushi/vec4 0, 0, 16;
    %assign/vec4 v0x55f3192974f0_0, 0;
    %jmp T_87.1;
T_87.0 ;
    %load/vec4 v0x55f319296b10_0;
    %assign/vec4 v0x55f319296be0_0, 0;
    %load/vec4 v0x55f319296b10_0;
    %flag_set/vec4 8;
    %jmp/0xz  T_87.2, 8;
    %load/vec4 v0x55f319296d70_0;
    %assign/vec4 v0x55f319296e10_0, 0;
    %load/vec4 v0x55f3192970c0_0;
    %assign/vec4 v0x55f319297180_0, 0;
    %load/vec4 v0x55f319297430_0;
    %assign/vec4 v0x55f3192974f0_0, 0;
    %jmp T_87.3;
T_87.2 ;
    %pushi/vec4 0, 0, 16;
    %assign/vec4 v0x55f319296e10_0, 0;
    %pushi/vec4 0, 0, 16;
    %assign/vec4 v0x55f319297180_0, 0;
    %pushi/vec4 0, 0, 16;
    %assign/vec4 v0x55f3192974f0_0, 0;
T_87.3 ;
T_87.1 ;
    %jmp T_87;
    .thread T_87;
    .scope S_0x55f319297a00;
T_88 ;
Ewait_41 .event/or E_0x55f319298000, E_0x0;
    %wait Ewait_41;
    %load/vec4 v0x55f3192983a0_0;
    %ix/load 4, 3, 0;
    %flag_set/imm 4, 0;
    %shiftr/s 4;
    %store/vec4 v0x55f319298610_0, 0, 16;
    %load/vec4 v0x55f3192986f0_0;
    %ix/load 4, 3, 0;
    %flag_set/imm 4, 0;
    %shiftr/s 4;
    %store/vec4 v0x55f319298980_0, 0, 16;
    %load/vec4 v0x55f319298a60_0;
    %pad/s 32;
    %cmpi/s 0, 0, 32;
    %flag_inv 5; GE is !LT
    %jmp/0xz  T_88.0, 5;
    %load/vec4 v0x55f3192983a0_0;
    %load/vec4 v0x55f319298980_0;
    %sub;
    %store/vec4 v0x55f319298490_0, 0, 16;
    %load/vec4 v0x55f3192986f0_0;
    %load/vec4 v0x55f319298610_0;
    %add;
    %store/vec4 v0x55f3192987e0_0, 0, 16;
    %load/vec4 v0x55f319298a60_0;
    %subi 509, 0, 16;
    %store/vec4 v0x55f319298b50_0, 0, 16;
    %jmp T_88.1;
T_88.0 ;
    %load/vec4 v0x55f3192983a0_0;
    %load/vec4 v0x55f319298980_0;
    %add;
    %store/vec4 v0x55f319298490_0, 0, 16;
    %load/vec4 v0x55f3192986f0_0;
    %load/vec4 v0x55f319298610_0;
    %sub;
    %store/vec4 v0x55f3192987e0_0, 0, 16;
    %load/vec4 v0x55f319298a60_0;
    %addi 509, 0, 16;
    %store/vec4 v0x55f319298b50_0, 0, 16;
T_88.1 ;
    %jmp T_88;
    .thread T_88, $push;
    .scope S_0x55f319297a00;
T_89 ;
    %wait E_0x55f318f9b9a0;
    %load/vec4 v0x55f319298140_0;
    %nor/r;
    %flag_set/vec4 8;
    %jmp/0xz  T_89.0, 8;
    %pushi/vec4 0, 0, 1;
    %assign/vec4 v0x55f319298300_0, 0;
    %pushi/vec4 0, 0, 16;
    %assign/vec4 v0x55f319298530_0, 0;
    %pushi/vec4 0, 0, 16;
    %assign/vec4 v0x55f3192988a0_0, 0;
    %pushi/vec4 0, 0, 16;
    %assign/vec4 v0x55f319298c10_0, 0;
    %jmp T_89.1;
T_89.0 ;
    %load/vec4 v0x55f319298200_0;
    %assign/vec4 v0x55f319298300_0, 0;
    %load/vec4 v0x55f319298200_0;
    %flag_set/vec4 8;
    %jmp/0xz  T_89.2, 8;
    %load/vec4 v0x55f319298490_0;
    %assign/vec4 v0x55f319298530_0, 0;
    %load/vec4 v0x55f3192987e0_0;
    %assign/vec4 v0x55f3192988a0_0, 0;
    %load/vec4 v0x55f319298b50_0;
    %assign/vec4 v0x55f319298c10_0, 0;
    %jmp T_89.3;
T_89.2 ;
    %pushi/vec4 0, 0, 16;
    %assign/vec4 v0x55f319298530_0, 0;
    %pushi/vec4 0, 0, 16;
    %assign/vec4 v0x55f3192988a0_0, 0;
    %pushi/vec4 0, 0, 16;
    %assign/vec4 v0x55f319298c10_0, 0;
T_89.3 ;
T_89.1 ;
    %jmp T_89;
    .thread T_89;
    .scope S_0x55f319299170;
T_90 ;
Ewait_42 .event/or E_0x55f319299740, E_0x0;
    %wait Ewait_42;
    %load/vec4 v0x55f319299ae0_0;
    %ix/load 4, 4, 0;
    %flag_set/imm 4, 0;
    %shiftr/s 4;
    %store/vec4 v0x55f319299d50_0, 0, 16;
    %load/vec4 v0x55f319299e30_0;
    %ix/load 4, 4, 0;
    %flag_set/imm 4, 0;
    %shiftr/s 4;
    %store/vec4 v0x55f31929a0c0_0, 0, 16;
    %load/vec4 v0x55f31929a1a0_0;
    %pad/s 32;
    %cmpi/s 0, 0, 32;
    %flag_inv 5; GE is !LT
    %jmp/0xz  T_90.0, 5;
    %load/vec4 v0x55f319299ae0_0;
    %load/vec4 v0x55f31929a0c0_0;
    %sub;
    %store/vec4 v0x55f319299bd0_0, 0, 16;
    %load/vec4 v0x55f319299e30_0;
    %load/vec4 v0x55f319299d50_0;
    %add;
    %store/vec4 v0x55f319299f20_0, 0, 16;
    %load/vec4 v0x55f31929a1a0_0;
    %subi 256, 0, 16;
    %store/vec4 v0x55f31929a290_0, 0, 16;
    %jmp T_90.1;
T_90.0 ;
    %load/vec4 v0x55f319299ae0_0;
    %load/vec4 v0x55f31929a0c0_0;
    %add;
    %store/vec4 v0x55f319299bd0_0, 0, 16;
    %load/vec4 v0x55f319299e30_0;
    %load/vec4 v0x55f319299d50_0;
    %sub;
    %store/vec4 v0x55f319299f20_0, 0, 16;
    %load/vec4 v0x55f31929a1a0_0;
    %addi 256, 0, 16;
    %store/vec4 v0x55f31929a290_0, 0, 16;
T_90.1 ;
    %jmp T_90;
    .thread T_90, $push;
    .scope S_0x55f319299170;
T_91 ;
    %wait E_0x55f318f9b9a0;
    %load/vec4 v0x55f319299880_0;
    %nor/r;
    %flag_set/vec4 8;
    %jmp/0xz  T_91.0, 8;
    %pushi/vec4 0, 0, 1;
    %assign/vec4 v0x55f319299a40_0, 0;
    %pushi/vec4 0, 0, 16;
    %assign/vec4 v0x55f319299c70_0, 0;
    %pushi/vec4 0, 0, 16;
    %assign/vec4 v0x55f319299fe0_0, 0;
    %pushi/vec4 0, 0, 16;
    %assign/vec4 v0x55f31929a350_0, 0;
    %jmp T_91.1;
T_91.0 ;
    %load/vec4 v0x55f319299940_0;
    %assign/vec4 v0x55f319299a40_0, 0;
    %load/vec4 v0x55f319299940_0;
    %flag_set/vec4 8;
    %jmp/0xz  T_91.2, 8;
    %load/vec4 v0x55f319299bd0_0;
    %assign/vec4 v0x55f319299c70_0, 0;
    %load/vec4 v0x55f319299f20_0;
    %assign/vec4 v0x55f319299fe0_0, 0;
    %load/vec4 v0x55f31929a290_0;
    %assign/vec4 v0x55f31929a350_0, 0;
    %jmp T_91.3;
T_91.2 ;
    %pushi/vec4 0, 0, 16;
    %assign/vec4 v0x55f319299c70_0, 0;
    %pushi/vec4 0, 0, 16;
    %assign/vec4 v0x55f319299fe0_0, 0;
    %pushi/vec4 0, 0, 16;
    %assign/vec4 v0x55f31929a350_0, 0;
T_91.3 ;
T_91.1 ;
    %jmp T_91;
    .thread T_91;
    .scope S_0x55f31929a860;
T_92 ;
Ewait_43 .event/or E_0x55f31929ae60, E_0x0;
    %wait Ewait_43;
    %load/vec4 v0x55f31929b200_0;
    %ix/load 4, 5, 0;
    %flag_set/imm 4, 0;
    %shiftr/s 4;
    %store/vec4 v0x55f31929b470_0, 0, 16;
    %load/vec4 v0x55f31929b550_0;
    %ix/load 4, 5, 0;
    %flag_set/imm 4, 0;
    %shiftr/s 4;
    %store/vec4 v0x55f31929b7e0_0, 0, 16;
    %load/vec4 v0x55f31929b8c0_0;
    %pad/s 32;
    %cmpi/s 0, 0, 32;
    %flag_inv 5; GE is !LT
    %jmp/0xz  T_92.0, 5;
    %load/vec4 v0x55f31929b200_0;
    %load/vec4 v0x55f31929b7e0_0;
    %sub;
    %store/vec4 v0x55f31929b2f0_0, 0, 16;
    %load/vec4 v0x55f31929b550_0;
    %load/vec4 v0x55f31929b470_0;
    %add;
    %store/vec4 v0x55f31929b640_0, 0, 16;
    %load/vec4 v0x55f31929b8c0_0;
    %subi 128, 0, 16;
    %store/vec4 v0x55f31929b9b0_0, 0, 16;
    %jmp T_92.1;
T_92.0 ;
    %load/vec4 v0x55f31929b200_0;
    %load/vec4 v0x55f31929b7e0_0;
    %add;
    %store/vec4 v0x55f31929b2f0_0, 0, 16;
    %load/vec4 v0x55f31929b550_0;
    %load/vec4 v0x55f31929b470_0;
    %sub;
    %store/vec4 v0x55f31929b640_0, 0, 16;
    %load/vec4 v0x55f31929b8c0_0;
    %addi 128, 0, 16;
    %store/vec4 v0x55f31929b9b0_0, 0, 16;
T_92.1 ;
    %jmp T_92;
    .thread T_92, $push;
    .scope S_0x55f31929a860;
T_93 ;
    %wait E_0x55f318f9b9a0;
    %load/vec4 v0x55f31929afa0_0;
    %nor/r;
    %flag_set/vec4 8;
    %jmp/0xz  T_93.0, 8;
    %pushi/vec4 0, 0, 1;
    %assign/vec4 v0x55f31929b160_0, 0;
    %pushi/vec4 0, 0, 16;
    %assign/vec4 v0x55f31929b390_0, 0;
    %pushi/vec4 0, 0, 16;
    %assign/vec4 v0x55f31929b700_0, 0;
    %pushi/vec4 0, 0, 16;
    %assign/vec4 v0x55f31929ba70_0, 0;
    %jmp T_93.1;
T_93.0 ;
    %load/vec4 v0x55f31929b060_0;
    %assign/vec4 v0x55f31929b160_0, 0;
    %load/vec4 v0x55f31929b060_0;
    %flag_set/vec4 8;
    %jmp/0xz  T_93.2, 8;
    %load/vec4 v0x55f31929b2f0_0;
    %assign/vec4 v0x55f31929b390_0, 0;
    %load/vec4 v0x55f31929b640_0;
    %assign/vec4 v0x55f31929b700_0, 0;
    %load/vec4 v0x55f31929b9b0_0;
    %assign/vec4 v0x55f31929ba70_0, 0;
    %jmp T_93.3;
T_93.2 ;
    %pushi/vec4 0, 0, 16;
    %assign/vec4 v0x55f31929b390_0, 0;
    %pushi/vec4 0, 0, 16;
    %assign/vec4 v0x55f31929b700_0, 0;
    %pushi/vec4 0, 0, 16;
    %assign/vec4 v0x55f31929ba70_0, 0;
T_93.3 ;
T_93.1 ;
    %jmp T_93;
    .thread T_93;
    .scope S_0x55f31929bf80;
T_94 ;
Ewait_44 .event/or E_0x55f31929c580, E_0x0;
    %wait Ewait_44;
    %load/vec4 v0x55f31929c920_0;
    %ix/load 4, 6, 0;
    %flag_set/imm 4, 0;
    %shiftr/s 4;
    %store/vec4 v0x55f31929cb90_0, 0, 16;
    %load/vec4 v0x55f31929cc70_0;
    %ix/load 4, 6, 0;
    %flag_set/imm 4, 0;
    %shiftr/s 4;
    %store/vec4 v0x55f31929cf00_0, 0, 16;
    %load/vec4 v0x55f31929cfe0_0;
    %pad/s 32;
    %cmpi/s 0, 0, 32;
    %flag_inv 5; GE is !LT
    %jmp/0xz  T_94.0, 5;
    %load/vec4 v0x55f31929c920_0;
    %load/vec4 v0x55f31929cf00_0;
    %sub;
    %store/vec4 v0x55f31929ca10_0, 0, 16;
    %load/vec4 v0x55f31929cc70_0;
    %load/vec4 v0x55f31929cb90_0;
    %add;
    %store/vec4 v0x55f31929cd60_0, 0, 16;
    %load/vec4 v0x55f31929cfe0_0;
    %subi 64, 0, 16;
    %store/vec4 v0x55f31929d0d0_0, 0, 16;
    %jmp T_94.1;
T_94.0 ;
    %load/vec4 v0x55f31929c920_0;
    %load/vec4 v0x55f31929cf00_0;
    %add;
    %store/vec4 v0x55f31929ca10_0, 0, 16;
    %load/vec4 v0x55f31929cc70_0;
    %load/vec4 v0x55f31929cb90_0;
    %sub;
    %store/vec4 v0x55f31929cd60_0, 0, 16;
    %load/vec4 v0x55f31929cfe0_0;
    %addi 64, 0, 16;
    %store/vec4 v0x55f31929d0d0_0, 0, 16;
T_94.1 ;
    %jmp T_94;
    .thread T_94, $push;
    .scope S_0x55f31929bf80;
T_95 ;
    %wait E_0x55f318f9b9a0;
    %load/vec4 v0x55f31929c6c0_0;
    %nor/r;
    %flag_set/vec4 8;
    %jmp/0xz  T_95.0, 8;
    %pushi/vec4 0, 0, 1;
    %assign/vec4 v0x55f31929c880_0, 0;
    %pushi/vec4 0, 0, 16;
    %assign/vec4 v0x55f31929cab0_0, 0;
    %pushi/vec4 0, 0, 16;
    %assign/vec4 v0x55f31929ce20_0, 0;
    %pushi/vec4 0, 0, 16;
    %assign/vec4 v0x55f31929d190_0, 0;
    %jmp T_95.1;
T_95.0 ;
    %load/vec4 v0x55f31929c780_0;
    %assign/vec4 v0x55f31929c880_0, 0;
    %load/vec4 v0x55f31929c780_0;
    %flag_set/vec4 8;
    %jmp/0xz  T_95.2, 8;
    %load/vec4 v0x55f31929ca10_0;
    %assign/vec4 v0x55f31929cab0_0, 0;
    %load/vec4 v0x55f31929cd60_0;
    %assign/vec4 v0x55f31929ce20_0, 0;
    %load/vec4 v0x55f31929d0d0_0;
    %assign/vec4 v0x55f31929d190_0, 0;
    %jmp T_95.3;
T_95.2 ;
    %pushi/vec4 0, 0, 16;
    %assign/vec4 v0x55f31929cab0_0, 0;
    %pushi/vec4 0, 0, 16;
    %assign/vec4 v0x55f31929ce20_0, 0;
    %pushi/vec4 0, 0, 16;
    %assign/vec4 v0x55f31929d190_0, 0;
T_95.3 ;
T_95.1 ;
    %jmp T_95;
    .thread T_95;
    .scope S_0x55f31929d6a0;
T_96 ;
Ewait_45 .event/or E_0x55f31929dca0, E_0x0;
    %wait Ewait_45;
    %load/vec4 v0x55f31929e040_0;
    %ix/load 4, 7, 0;
    %flag_set/imm 4, 0;
    %shiftr/s 4;
    %store/vec4 v0x55f31929e2b0_0, 0, 16;
    %load/vec4 v0x55f31929e390_0;
    %ix/load 4, 7, 0;
    %flag_set/imm 4, 0;
    %shiftr/s 4;
    %store/vec4 v0x55f31929e620_0, 0, 16;
    %load/vec4 v0x55f31929e700_0;
    %pad/s 32;
    %cmpi/s 0, 0, 32;
    %flag_inv 5; GE is !LT
    %jmp/0xz  T_96.0, 5;
    %load/vec4 v0x55f31929e040_0;
    %load/vec4 v0x55f31929e620_0;
    %sub;
    %store/vec4 v0x55f31929e130_0, 0, 16;
    %load/vec4 v0x55f31929e390_0;
    %load/vec4 v0x55f31929e2b0_0;
    %add;
    %store/vec4 v0x55f31929e480_0, 0, 16;
    %load/vec4 v0x55f31929e700_0;
    %subi 32, 0, 16;
    %store/vec4 v0x55f31929e7f0_0, 0, 16;
    %jmp T_96.1;
T_96.0 ;
    %load/vec4 v0x55f31929e040_0;
    %load/vec4 v0x55f31929e620_0;
    %add;
    %store/vec4 v0x55f31929e130_0, 0, 16;
    %load/vec4 v0x55f31929e390_0;
    %load/vec4 v0x55f31929e2b0_0;
    %sub;
    %store/vec4 v0x55f31929e480_0, 0, 16;
    %load/vec4 v0x55f31929e700_0;
    %addi 32, 0, 16;
    %store/vec4 v0x55f31929e7f0_0, 0, 16;
T_96.1 ;
    %jmp T_96;
    .thread T_96, $push;
    .scope S_0x55f31929d6a0;
T_97 ;
    %wait E_0x55f318f9b9a0;
    %load/vec4 v0x55f31929dde0_0;
    %nor/r;
    %flag_set/vec4 8;
    %jmp/0xz  T_97.0, 8;
    %pushi/vec4 0, 0, 1;
    %assign/vec4 v0x55f31929dfa0_0, 0;
    %pushi/vec4 0, 0, 16;
    %assign/vec4 v0x55f31929e1d0_0, 0;
    %pushi/vec4 0, 0, 16;
    %assign/vec4 v0x55f31929e540_0, 0;
    %pushi/vec4 0, 0, 16;
    %assign/vec4 v0x55f31929e8b0_0, 0;
    %jmp T_97.1;
T_97.0 ;
    %load/vec4 v0x55f31929dea0_0;
    %assign/vec4 v0x55f31929dfa0_0, 0;
    %load/vec4 v0x55f31929dea0_0;
    %flag_set/vec4 8;
    %jmp/0xz  T_97.2, 8;
    %load/vec4 v0x55f31929e130_0;
    %assign/vec4 v0x55f31929e1d0_0, 0;
    %load/vec4 v0x55f31929e480_0;
    %assign/vec4 v0x55f31929e540_0, 0;
    %load/vec4 v0x55f31929e7f0_0;
    %assign/vec4 v0x55f31929e8b0_0, 0;
    %jmp T_97.3;
T_97.2 ;
    %pushi/vec4 0, 0, 16;
    %assign/vec4 v0x55f31929e1d0_0, 0;
    %pushi/vec4 0, 0, 16;
    %assign/vec4 v0x55f31929e540_0, 0;
    %pushi/vec4 0, 0, 16;
    %assign/vec4 v0x55f31929e8b0_0, 0;
T_97.3 ;
T_97.1 ;
    %jmp T_97;
    .thread T_97;
    .scope S_0x55f31929ee00;
T_98 ;
Ewait_46 .event/or E_0x55f31929f400, E_0x0;
    %wait Ewait_46;
    %load/vec4 v0x55f31929f7a0_0;
    %ix/load 4, 8, 0;
    %flag_set/imm 4, 0;
    %shiftr/s 4;
    %store/vec4 v0x55f31929fa10_0, 0, 16;
    %load/vec4 v0x55f31929faf0_0;
    %ix/load 4, 8, 0;
    %flag_set/imm 4, 0;
    %shiftr/s 4;
    %store/vec4 v0x55f31929fd80_0, 0, 16;
    %load/vec4 v0x55f31929fe60_0;
    %pad/s 32;
    %cmpi/s 0, 0, 32;
    %flag_inv 5; GE is !LT
    %jmp/0xz  T_98.0, 5;
    %load/vec4 v0x55f31929f7a0_0;
    %load/vec4 v0x55f31929fd80_0;
    %sub;
    %store/vec4 v0x55f31929f890_0, 0, 16;
    %load/vec4 v0x55f31929faf0_0;
    %load/vec4 v0x55f31929fa10_0;
    %add;
    %store/vec4 v0x55f31929fbe0_0, 0, 16;
    %load/vec4 v0x55f31929fe60_0;
    %subi 16, 0, 16;
    %store/vec4 v0x55f31929ff50_0, 0, 16;
    %jmp T_98.1;
T_98.0 ;
    %load/vec4 v0x55f31929f7a0_0;
    %load/vec4 v0x55f31929fd80_0;
    %add;
    %store/vec4 v0x55f31929f890_0, 0, 16;
    %load/vec4 v0x55f31929faf0_0;
    %load/vec4 v0x55f31929fa10_0;
    %sub;
    %store/vec4 v0x55f31929fbe0_0, 0, 16;
    %load/vec4 v0x55f31929fe60_0;
    %addi 16, 0, 16;
    %store/vec4 v0x55f31929ff50_0, 0, 16;
T_98.1 ;
    %jmp T_98;
    .thread T_98, $push;
    .scope S_0x55f31929ee00;
T_99 ;
    %wait E_0x55f318f9b9a0;
    %load/vec4 v0x55f31929f540_0;
    %nor/r;
    %flag_set/vec4 8;
    %jmp/0xz  T_99.0, 8;
    %pushi/vec4 0, 0, 1;
    %assign/vec4 v0x55f31929f700_0, 0;
    %pushi/vec4 0, 0, 16;
    %assign/vec4 v0x55f31929f930_0, 0;
    %pushi/vec4 0, 0, 16;
    %assign/vec4 v0x55f31929fca0_0, 0;
    %pushi/vec4 0, 0, 16;
    %assign/vec4 v0x55f3192a0010_0, 0;
    %jmp T_99.1;
T_99.0 ;
    %load/vec4 v0x55f31929f600_0;
    %assign/vec4 v0x55f31929f700_0, 0;
    %load/vec4 v0x55f31929f600_0;
    %flag_set/vec4 8;
    %jmp/0xz  T_99.2, 8;
    %load/vec4 v0x55f31929f890_0;
    %assign/vec4 v0x55f31929f930_0, 0;
    %load/vec4 v0x55f31929fbe0_0;
    %assign/vec4 v0x55f31929fca0_0, 0;
    %load/vec4 v0x55f31929ff50_0;
    %assign/vec4 v0x55f3192a0010_0, 0;
    %jmp T_99.3;
T_99.2 ;
    %pushi/vec4 0, 0, 16;
    %assign/vec4 v0x55f31929f930_0, 0;
    %pushi/vec4 0, 0, 16;
    %assign/vec4 v0x55f31929fca0_0, 0;
    %pushi/vec4 0, 0, 16;
    %assign/vec4 v0x55f3192a0010_0, 0;
T_99.3 ;
T_99.1 ;
    %jmp T_99;
    .thread T_99;
    .scope S_0x55f3192a0520;
T_100 ;
Ewait_47 .event/or E_0x55f3192a0b20, E_0x0;
    %wait Ewait_47;
    %load/vec4 v0x55f3192a0ec0_0;
    %ix/load 4, 9, 0;
    %flag_set/imm 4, 0;
    %shiftr/s 4;
    %store/vec4 v0x55f3192a1130_0, 0, 16;
    %load/vec4 v0x55f3192a1210_0;
    %ix/load 4, 9, 0;
    %flag_set/imm 4, 0;
    %shiftr/s 4;
    %store/vec4 v0x55f3192a14a0_0, 0, 16;
    %load/vec4 v0x55f3192a1580_0;
    %pad/s 32;
    %cmpi/s 0, 0, 32;
    %flag_inv 5; GE is !LT
    %jmp/0xz  T_100.0, 5;
    %load/vec4 v0x55f3192a0ec0_0;
    %load/vec4 v0x55f3192a14a0_0;
    %sub;
    %store/vec4 v0x55f3192a0fb0_0, 0, 16;
    %load/vec4 v0x55f3192a1210_0;
    %load/vec4 v0x55f3192a1130_0;
    %add;
    %store/vec4 v0x55f3192a1300_0, 0, 16;
    %load/vec4 v0x55f3192a1580_0;
    %subi 8, 0, 16;
    %store/vec4 v0x55f3192a1670_0, 0, 16;
    %jmp T_100.1;
T_100.0 ;
    %load/vec4 v0x55f3192a0ec0_0;
    %load/vec4 v0x55f3192a14a0_0;
    %add;
    %store/vec4 v0x55f3192a0fb0_0, 0, 16;
    %load/vec4 v0x55f3192a1210_0;
    %load/vec4 v0x55f3192a1130_0;
    %sub;
    %store/vec4 v0x55f3192a1300_0, 0, 16;
    %load/vec4 v0x55f3192a1580_0;
    %addi 8, 0, 16;
    %store/vec4 v0x55f3192a1670_0, 0, 16;
T_100.1 ;
    %jmp T_100;
    .thread T_100, $push;
    .scope S_0x55f3192a0520;
T_101 ;
    %wait E_0x55f318f9b9a0;
    %load/vec4 v0x55f3192a0c60_0;
    %nor/r;
    %flag_set/vec4 8;
    %jmp/0xz  T_101.0, 8;
    %pushi/vec4 0, 0, 1;
    %assign/vec4 v0x55f3192a0e20_0, 0;
    %pushi/vec4 0, 0, 16;
    %assign/vec4 v0x55f3192a1050_0, 0;
    %pushi/vec4 0, 0, 16;
    %assign/vec4 v0x55f3192a13c0_0, 0;
    %pushi/vec4 0, 0, 16;
    %assign/vec4 v0x55f3192a1730_0, 0;
    %jmp T_101.1;
T_101.0 ;
    %load/vec4 v0x55f3192a0d20_0;
    %assign/vec4 v0x55f3192a0e20_0, 0;
    %load/vec4 v0x55f3192a0d20_0;
    %flag_set/vec4 8;
    %jmp/0xz  T_101.2, 8;
    %load/vec4 v0x55f3192a0fb0_0;
    %assign/vec4 v0x55f3192a1050_0, 0;
    %load/vec4 v0x55f3192a1300_0;
    %assign/vec4 v0x55f3192a13c0_0, 0;
    %load/vec4 v0x55f3192a1670_0;
    %assign/vec4 v0x55f3192a1730_0, 0;
    %jmp T_101.3;
T_101.2 ;
    %pushi/vec4 0, 0, 16;
    %assign/vec4 v0x55f3192a1050_0, 0;
    %pushi/vec4 0, 0, 16;
    %assign/vec4 v0x55f3192a13c0_0, 0;
    %pushi/vec4 0, 0, 16;
    %assign/vec4 v0x55f3192a1730_0, 0;
T_101.3 ;
T_101.1 ;
    %jmp T_101;
    .thread T_101;
    .scope S_0x55f3192a1c40;
T_102 ;
Ewait_48 .event/or E_0x55f3192a2240, E_0x0;
    %wait Ewait_48;
    %load/vec4 v0x55f3192a25e0_0;
    %ix/load 4, 10, 0;
    %flag_set/imm 4, 0;
    %shiftr/s 4;
    %store/vec4 v0x55f3192a2850_0, 0, 16;
    %load/vec4 v0x55f3192a2930_0;
    %ix/load 4, 10, 0;
    %flag_set/imm 4, 0;
    %shiftr/s 4;
    %store/vec4 v0x55f3192a2bc0_0, 0, 16;
    %load/vec4 v0x55f3192a2ca0_0;
    %pad/s 32;
    %cmpi/s 0, 0, 32;
    %flag_inv 5; GE is !LT
    %jmp/0xz  T_102.0, 5;
    %load/vec4 v0x55f3192a25e0_0;
    %load/vec4 v0x55f3192a2bc0_0;
    %sub;
    %store/vec4 v0x55f3192a26d0_0, 0, 16;
    %load/vec4 v0x55f3192a2930_0;
    %load/vec4 v0x55f3192a2850_0;
    %add;
    %store/vec4 v0x55f3192a2a20_0, 0, 16;
    %load/vec4 v0x55f3192a2ca0_0;
    %subi 4, 0, 16;
    %store/vec4 v0x55f3192a2d90_0, 0, 16;
    %jmp T_102.1;
T_102.0 ;
    %load/vec4 v0x55f3192a25e0_0;
    %load/vec4 v0x55f3192a2bc0_0;
    %add;
    %store/vec4 v0x55f3192a26d0_0, 0, 16;
    %load/vec4 v0x55f3192a2930_0;
    %load/vec4 v0x55f3192a2850_0;
    %sub;
    %store/vec4 v0x55f3192a2a20_0, 0, 16;
    %load/vec4 v0x55f3192a2ca0_0;
    %addi 4, 0, 16;
    %store/vec4 v0x55f3192a2d90_0, 0, 16;
T_102.1 ;
    %jmp T_102;
    .thread T_102, $push;
    .scope S_0x55f3192a1c40;
T_103 ;
    %wait E_0x55f318f9b9a0;
    %load/vec4 v0x55f3192a2380_0;
    %nor/r;
    %flag_set/vec4 8;
    %jmp/0xz  T_103.0, 8;
    %pushi/vec4 0, 0, 1;
    %assign/vec4 v0x55f3192a2540_0, 0;
    %pushi/vec4 0, 0, 16;
    %assign/vec4 v0x55f3192a2770_0, 0;
    %pushi/vec4 0, 0, 16;
    %assign/vec4 v0x55f3192a2ae0_0, 0;
    %pushi/vec4 0, 0, 16;
    %assign/vec4 v0x55f3192a2e50_0, 0;
    %jmp T_103.1;
T_103.0 ;
    %load/vec4 v0x55f3192a2440_0;
    %assign/vec4 v0x55f3192a2540_0, 0;
    %load/vec4 v0x55f3192a2440_0;
    %flag_set/vec4 8;
    %jmp/0xz  T_103.2, 8;
    %load/vec4 v0x55f3192a26d0_0;
    %assign/vec4 v0x55f3192a2770_0, 0;
    %load/vec4 v0x55f3192a2a20_0;
    %assign/vec4 v0x55f3192a2ae0_0, 0;
    %load/vec4 v0x55f3192a2d90_0;
    %assign/vec4 v0x55f3192a2e50_0, 0;
    %jmp T_103.3;
T_103.2 ;
    %pushi/vec4 0, 0, 16;
    %assign/vec4 v0x55f3192a2770_0, 0;
    %pushi/vec4 0, 0, 16;
    %assign/vec4 v0x55f3192a2ae0_0, 0;
    %pushi/vec4 0, 0, 16;
    %assign/vec4 v0x55f3192a2e50_0, 0;
T_103.3 ;
T_103.1 ;
    %jmp T_103;
    .thread T_103;
    .scope S_0x55f3192a3360;
T_104 ;
Ewait_49 .event/or E_0x55f3192a3960, E_0x0;
    %wait Ewait_49;
    %load/vec4 v0x55f3192a3d00_0;
    %ix/load 4, 11, 0;
    %flag_set/imm 4, 0;
    %shiftr/s 4;
    %store/vec4 v0x55f3192a3f70_0, 0, 16;
    %load/vec4 v0x55f3192a4050_0;
    %ix/load 4, 11, 0;
    %flag_set/imm 4, 0;
    %shiftr/s 4;
    %store/vec4 v0x55f3192a42e0_0, 0, 16;
    %load/vec4 v0x55f3192a43c0_0;
    %pad/s 32;
    %cmpi/s 0, 0, 32;
    %flag_inv 5; GE is !LT
    %jmp/0xz  T_104.0, 5;
    %load/vec4 v0x55f3192a3d00_0;
    %load/vec4 v0x55f3192a42e0_0;
    %sub;
    %store/vec4 v0x55f3192a3df0_0, 0, 16;
    %load/vec4 v0x55f3192a4050_0;
    %load/vec4 v0x55f3192a3f70_0;
    %add;
    %store/vec4 v0x55f3192a4140_0, 0, 16;
    %load/vec4 v0x55f3192a43c0_0;
    %subi 2, 0, 16;
    %store/vec4 v0x55f3192a44b0_0, 0, 16;
    %jmp T_104.1;
T_104.0 ;
    %load/vec4 v0x55f3192a3d00_0;
    %load/vec4 v0x55f3192a42e0_0;
    %add;
    %store/vec4 v0x55f3192a3df0_0, 0, 16;
    %load/vec4 v0x55f3192a4050_0;
    %load/vec4 v0x55f3192a3f70_0;
    %sub;
    %store/vec4 v0x55f3192a4140_0, 0, 16;
    %load/vec4 v0x55f3192a43c0_0;
    %addi 2, 0, 16;
    %store/vec4 v0x55f3192a44b0_0, 0, 16;
T_104.1 ;
    %jmp T_104;
    .thread T_104, $push;
    .scope S_0x55f3192a3360;
T_105 ;
    %wait E_0x55f318f9b9a0;
    %load/vec4 v0x55f3192a3aa0_0;
    %nor/r;
    %flag_set/vec4 8;
    %jmp/0xz  T_105.0, 8;
    %pushi/vec4 0, 0, 1;
    %assign/vec4 v0x55f3192a3c60_0, 0;
    %pushi/vec4 0, 0, 16;
    %assign/vec4 v0x55f3192a3e90_0, 0;
    %pushi/vec4 0, 0, 16;
    %assign/vec4 v0x55f3192a4200_0, 0;
    %pushi/vec4 0, 0, 16;
    %assign/vec4 v0x55f3192a4570_0, 0;
    %jmp T_105.1;
T_105.0 ;
    %load/vec4 v0x55f3192a3b60_0;
    %assign/vec4 v0x55f3192a3c60_0, 0;
    %load/vec4 v0x55f3192a3b60_0;
    %flag_set/vec4 8;
    %jmp/0xz  T_105.2, 8;
    %load/vec4 v0x55f3192a3df0_0;
    %assign/vec4 v0x55f3192a3e90_0, 0;
    %load/vec4 v0x55f3192a4140_0;
    %assign/vec4 v0x55f3192a4200_0, 0;
    %load/vec4 v0x55f3192a44b0_0;
    %assign/vec4 v0x55f3192a4570_0, 0;
    %jmp T_105.3;
T_105.2 ;
    %pushi/vec4 0, 0, 16;
    %assign/vec4 v0x55f3192a3e90_0, 0;
    %pushi/vec4 0, 0, 16;
    %assign/vec4 v0x55f3192a4200_0, 0;
    %pushi/vec4 0, 0, 16;
    %assign/vec4 v0x55f3192a4570_0, 0;
T_105.3 ;
T_105.1 ;
    %jmp T_105;
    .thread T_105;
    .scope S_0x55f3192a4a80;
T_106 ;
Ewait_50 .event/or E_0x55f3192a5080, E_0x0;
    %wait Ewait_50;
    %load/vec4 v0x55f3192a5420_0;
    %ix/load 4, 12, 0;
    %flag_set/imm 4, 0;
    %shiftr/s 4;
    %store/vec4 v0x55f3192a5690_0, 0, 16;
    %load/vec4 v0x55f3192a5770_0;
    %ix/load 4, 12, 0;
    %flag_set/imm 4, 0;
    %shiftr/s 4;
    %store/vec4 v0x55f3192a5a00_0, 0, 16;
    %load/vec4 v0x55f3192a5ae0_0;
    %pad/s 32;
    %cmpi/s 0, 0, 32;
    %flag_inv 5; GE is !LT
    %jmp/0xz  T_106.0, 5;
    %load/vec4 v0x55f3192a5420_0;
    %load/vec4 v0x55f3192a5a00_0;
    %sub;
    %store/vec4 v0x55f3192a5510_0, 0, 16;
    %load/vec4 v0x55f3192a5770_0;
    %load/vec4 v0x55f3192a5690_0;
    %add;
    %store/vec4 v0x55f3192a5860_0, 0, 16;
    %load/vec4 v0x55f3192a5ae0_0;
    %subi 1, 0, 16;
    %store/vec4 v0x55f3192a5bd0_0, 0, 16;
    %jmp T_106.1;
T_106.0 ;
    %load/vec4 v0x55f3192a5420_0;
    %load/vec4 v0x55f3192a5a00_0;
    %add;
    %store/vec4 v0x55f3192a5510_0, 0, 16;
    %load/vec4 v0x55f3192a5770_0;
    %load/vec4 v0x55f3192a5690_0;
    %sub;
    %store/vec4 v0x55f3192a5860_0, 0, 16;
    %load/vec4 v0x55f3192a5ae0_0;
    %addi 1, 0, 16;
    %store/vec4 v0x55f3192a5bd0_0, 0, 16;
T_106.1 ;
    %jmp T_106;
    .thread T_106, $push;
    .scope S_0x55f3192a4a80;
T_107 ;
    %wait E_0x55f318f9b9a0;
    %load/vec4 v0x55f3192a51c0_0;
    %nor/r;
    %flag_set/vec4 8;
    %jmp/0xz  T_107.0, 8;
    %pushi/vec4 0, 0, 1;
    %assign/vec4 v0x55f3192a5380_0, 0;
    %pushi/vec4 0, 0, 16;
    %assign/vec4 v0x55f3192a55b0_0, 0;
    %pushi/vec4 0, 0, 16;
    %assign/vec4 v0x55f3192a5920_0, 0;
    %pushi/vec4 0, 0, 16;
    %assign/vec4 v0x55f3192a5c90_0, 0;
    %jmp T_107.1;
T_107.0 ;
    %load/vec4 v0x55f3192a5280_0;
    %assign/vec4 v0x55f3192a5380_0, 0;
    %load/vec4 v0x55f3192a5280_0;
    %flag_set/vec4 8;
    %jmp/0xz  T_107.2, 8;
    %load/vec4 v0x55f3192a5510_0;
    %assign/vec4 v0x55f3192a55b0_0, 0;
    %load/vec4 v0x55f3192a5860_0;
    %assign/vec4 v0x55f3192a5920_0, 0;
    %load/vec4 v0x55f3192a5bd0_0;
    %assign/vec4 v0x55f3192a5c90_0, 0;
    %jmp T_107.3;
T_107.2 ;
    %pushi/vec4 0, 0, 16;
    %assign/vec4 v0x55f3192a55b0_0, 0;
    %pushi/vec4 0, 0, 16;
    %assign/vec4 v0x55f3192a5920_0, 0;
    %pushi/vec4 0, 0, 16;
    %assign/vec4 v0x55f3192a5c90_0, 0;
T_107.3 ;
T_107.1 ;
    %jmp T_107;
    .thread T_107;
    .scope S_0x55f3192a61a0;
T_108 ;
Ewait_51 .event/or E_0x55f3192a67a0, E_0x0;
    %wait Ewait_51;
    %load/vec4 v0x55f3192a6b40_0;
    %ix/load 4, 13, 0;
    %flag_set/imm 4, 0;
    %shiftr/s 4;
    %store/vec4 v0x55f3192a6db0_0, 0, 16;
    %load/vec4 v0x55f3192a6e90_0;
    %ix/load 4, 13, 0;
    %flag_set/imm 4, 0;
    %shiftr/s 4;
    %store/vec4 v0x55f3192a7120_0, 0, 16;
    %load/vec4 v0x55f3192a7200_0;
    %pad/s 32;
    %cmpi/s 0, 0, 32;
    %flag_inv 5; GE is !LT
    %jmp/0xz  T_108.0, 5;
    %load/vec4 v0x55f3192a6b40_0;
    %load/vec4 v0x55f3192a7120_0;
    %sub;
    %store/vec4 v0x55f3192a6c30_0, 0, 16;
    %load/vec4 v0x55f3192a6e90_0;
    %load/vec4 v0x55f3192a6db0_0;
    %add;
    %store/vec4 v0x55f3192a6f80_0, 0, 16;
    %load/vec4 v0x55f3192a7200_0;
    %subi 1, 0, 16;
    %store/vec4 v0x55f3192a72f0_0, 0, 16;
    %jmp T_108.1;
T_108.0 ;
    %load/vec4 v0x55f3192a6b40_0;
    %load/vec4 v0x55f3192a7120_0;
    %add;
    %store/vec4 v0x55f3192a6c30_0, 0, 16;
    %load/vec4 v0x55f3192a6e90_0;
    %load/vec4 v0x55f3192a6db0_0;
    %sub;
    %store/vec4 v0x55f3192a6f80_0, 0, 16;
    %load/vec4 v0x55f3192a7200_0;
    %addi 1, 0, 16;
    %store/vec4 v0x55f3192a72f0_0, 0, 16;
T_108.1 ;
    %jmp T_108;
    .thread T_108, $push;
    .scope S_0x55f3192a61a0;
T_109 ;
    %wait E_0x55f318f9b9a0;
    %load/vec4 v0x55f3192a68e0_0;
    %nor/r;
    %flag_set/vec4 8;
    %jmp/0xz  T_109.0, 8;
    %pushi/vec4 0, 0, 1;
    %assign/vec4 v0x55f3192a6aa0_0, 0;
    %pushi/vec4 0, 0, 16;
    %assign/vec4 v0x55f3192a6cd0_0, 0;
    %pushi/vec4 0, 0, 16;
    %assign/vec4 v0x55f3192a7040_0, 0;
    %pushi/vec4 0, 0, 16;
    %assign/vec4 v0x55f3192a73b0_0, 0;
    %jmp T_109.1;
T_109.0 ;
    %load/vec4 v0x55f3192a69a0_0;
    %assign/vec4 v0x55f3192a6aa0_0, 0;
    %load/vec4 v0x55f3192a69a0_0;
    %flag_set/vec4 8;
    %jmp/0xz  T_109.2, 8;
    %load/vec4 v0x55f3192a6c30_0;
    %assign/vec4 v0x55f3192a6cd0_0, 0;
    %load/vec4 v0x55f3192a6f80_0;
    %assign/vec4 v0x55f3192a7040_0, 0;
    %load/vec4 v0x55f3192a72f0_0;
    %assign/vec4 v0x55f3192a73b0_0, 0;
    %jmp T_109.3;
T_109.2 ;
    %pushi/vec4 0, 0, 16;
    %assign/vec4 v0x55f3192a6cd0_0, 0;
    %pushi/vec4 0, 0, 16;
    %assign/vec4 v0x55f3192a7040_0, 0;
    %pushi/vec4 0, 0, 16;
    %assign/vec4 v0x55f3192a73b0_0, 0;
T_109.3 ;
T_109.1 ;
    %jmp T_109;
    .thread T_109;
    .scope S_0x55f3192a78c0;
T_110 ;
Ewait_52 .event/or E_0x55f3192a7ec0, E_0x0;
    %wait Ewait_52;
    %load/vec4 v0x55f3192a8260_0;
    %ix/load 4, 14, 0;
    %flag_set/imm 4, 0;
    %shiftr/s 4;
    %store/vec4 v0x55f3192a84d0_0, 0, 16;
    %load/vec4 v0x55f3192a85b0_0;
    %ix/load 4, 14, 0;
    %flag_set/imm 4, 0;
    %shiftr/s 4;
    %store/vec4 v0x55f3192a8840_0, 0, 16;
    %load/vec4 v0x55f3192a8920_0;
    %pad/s 32;
    %cmpi/s 0, 0, 32;
    %flag_inv 5; GE is !LT
    %jmp/0xz  T_110.0, 5;
    %load/vec4 v0x55f3192a8260_0;
    %load/vec4 v0x55f3192a8840_0;
    %sub;
    %store/vec4 v0x55f3192a8350_0, 0, 16;
    %load/vec4 v0x55f3192a85b0_0;
    %load/vec4 v0x55f3192a84d0_0;
    %add;
    %store/vec4 v0x55f3192a86a0_0, 0, 16;
    %load/vec4 v0x55f3192a8920_0;
    %subi 0, 0, 16;
    %store/vec4 v0x55f3192a8a10_0, 0, 16;
    %jmp T_110.1;
T_110.0 ;
    %load/vec4 v0x55f3192a8260_0;
    %load/vec4 v0x55f3192a8840_0;
    %add;
    %store/vec4 v0x55f3192a8350_0, 0, 16;
    %load/vec4 v0x55f3192a85b0_0;
    %load/vec4 v0x55f3192a84d0_0;
    %sub;
    %store/vec4 v0x55f3192a86a0_0, 0, 16;
    %load/vec4 v0x55f3192a8920_0;
    %addi 0, 0, 16;
    %store/vec4 v0x55f3192a8a10_0, 0, 16;
T_110.1 ;
    %jmp T_110;
    .thread T_110, $push;
    .scope S_0x55f3192a78c0;
T_111 ;
    %wait E_0x55f318f9b9a0;
    %load/vec4 v0x55f3192a8000_0;
    %nor/r;
    %flag_set/vec4 8;
    %jmp/0xz  T_111.0, 8;
    %pushi/vec4 0, 0, 1;
    %assign/vec4 v0x55f3192a81c0_0, 0;
    %pushi/vec4 0, 0, 16;
    %assign/vec4 v0x55f3192a83f0_0, 0;
    %pushi/vec4 0, 0, 16;
    %assign/vec4 v0x55f3192a8760_0, 0;
    %pushi/vec4 0, 0, 16;
    %assign/vec4 v0x55f3192a8ad0_0, 0;
    %jmp T_111.1;
T_111.0 ;
    %load/vec4 v0x55f3192a80c0_0;
    %assign/vec4 v0x55f3192a81c0_0, 0;
    %load/vec4 v0x55f3192a80c0_0;
    %flag_set/vec4 8;
    %jmp/0xz  T_111.2, 8;
    %load/vec4 v0x55f3192a8350_0;
    %assign/vec4 v0x55f3192a83f0_0, 0;
    %load/vec4 v0x55f3192a86a0_0;
    %assign/vec4 v0x55f3192a8760_0, 0;
    %load/vec4 v0x55f3192a8a10_0;
    %assign/vec4 v0x55f3192a8ad0_0, 0;
    %jmp T_111.3;
T_111.2 ;
    %pushi/vec4 0, 0, 16;
    %assign/vec4 v0x55f3192a83f0_0, 0;
    %pushi/vec4 0, 0, 16;
    %assign/vec4 v0x55f3192a8760_0, 0;
    %pushi/vec4 0, 0, 16;
    %assign/vec4 v0x55f3192a8ad0_0, 0;
T_111.3 ;
T_111.1 ;
    %jmp T_111;
    .thread T_111;
    .scope S_0x55f3192a8fe0;
T_112 ;
Ewait_53 .event/or E_0x55f3192a95e0, E_0x0;
    %wait Ewait_53;
    %load/vec4 v0x55f3192a9980_0;
    %ix/load 4, 15, 0;
    %flag_set/imm 4, 0;
    %shiftr/s 4;
    %store/vec4 v0x55f3192a9bf0_0, 0, 16;
    %load/vec4 v0x55f3192a9cd0_0;
    %ix/load 4, 15, 0;
    %flag_set/imm 4, 0;
    %shiftr/s 4;
    %store/vec4 v0x55f3192a9f60_0, 0, 16;
    %load/vec4 v0x55f3192aa040_0;
    %pad/s 32;
    %cmpi/s 0, 0, 32;
    %flag_inv 5; GE is !LT
    %jmp/0xz  T_112.0, 5;
    %load/vec4 v0x55f3192a9980_0;
    %load/vec4 v0x55f3192a9f60_0;
    %sub;
    %store/vec4 v0x55f3192a9a70_0, 0, 16;
    %load/vec4 v0x55f3192a9cd0_0;
    %load/vec4 v0x55f3192a9bf0_0;
    %add;
    %store/vec4 v0x55f3192a9dc0_0, 0, 16;
    %load/vec4 v0x55f3192aa040_0;
    %subi 0, 0, 16;
    %store/vec4 v0x55f3192aa130_0, 0, 16;
    %jmp T_112.1;
T_112.0 ;
    %load/vec4 v0x55f3192a9980_0;
    %load/vec4 v0x55f3192a9f60_0;
    %add;
    %store/vec4 v0x55f3192a9a70_0, 0, 16;
    %load/vec4 v0x55f3192a9cd0_0;
    %load/vec4 v0x55f3192a9bf0_0;
    %sub;
    %store/vec4 v0x55f3192a9dc0_0, 0, 16;
    %load/vec4 v0x55f3192aa040_0;
    %addi 0, 0, 16;
    %store/vec4 v0x55f3192aa130_0, 0, 16;
T_112.1 ;
    %jmp T_112;
    .thread T_112, $push;
    .scope S_0x55f3192a8fe0;
T_113 ;
    %wait E_0x55f318f9b9a0;
    %load/vec4 v0x55f3192a9720_0;
    %nor/r;
    %flag_set/vec4 8;
    %jmp/0xz  T_113.0, 8;
    %pushi/vec4 0, 0, 1;
    %assign/vec4 v0x55f3192a98e0_0, 0;
    %pushi/vec4 0, 0, 16;
    %assign/vec4 v0x55f3192a9b10_0, 0;
    %pushi/vec4 0, 0, 16;
    %assign/vec4 v0x55f3192a9e80_0, 0;
    %pushi/vec4 0, 0, 16;
    %assign/vec4 v0x55f3192aa1f0_0, 0;
    %jmp T_113.1;
T_113.0 ;
    %load/vec4 v0x55f3192a97e0_0;
    %assign/vec4 v0x55f3192a98e0_0, 0;
    %load/vec4 v0x55f3192a97e0_0;
    %flag_set/vec4 8;
    %jmp/0xz  T_113.2, 8;
    %load/vec4 v0x55f3192a9a70_0;
    %assign/vec4 v0x55f3192a9b10_0, 0;
    %load/vec4 v0x55f3192a9dc0_0;
    %assign/vec4 v0x55f3192a9e80_0, 0;
    %load/vec4 v0x55f3192aa130_0;
    %assign/vec4 v0x55f3192aa1f0_0, 0;
    %jmp T_113.3;
T_113.2 ;
    %pushi/vec4 0, 0, 16;
    %assign/vec4 v0x55f3192a9b10_0, 0;
    %pushi/vec4 0, 0, 16;
    %assign/vec4 v0x55f3192a9e80_0, 0;
    %pushi/vec4 0, 0, 16;
    %assign/vec4 v0x55f3192aa1f0_0, 0;
T_113.3 ;
T_113.1 ;
    %jmp T_113;
    .thread T_113;
    .scope S_0x55f3192af5d0;
T_114 ;
Ewait_54 .event/or E_0x55f319292200, E_0x0;
    %wait Ewait_54;
    %load/vec4 v0x55f3192af9a0_0;
    %pad/s 32;
    %load/vec4 v0x55f3192b04c0_0;
    %pad/s 32;
    %mul;
    %store/vec4 v0x55f3192affb0_0, 0, 32;
    %load/vec4 v0x55f3192affb0_0;
    %addi 2048, 0, 32;
    %ix/load 4, 12, 0;
    %flag_set/imm 4, 0;
    %shiftr/s 4;
    %store/vec4 v0x55f3192afed0_0, 0, 32;
    %load/vec4 v0x55f3192afce0_0;
    %flag_set/vec4 8;
    %jmp/1 T_114.2, 8;
    %load/vec4 v0x55f3192af9a0_0;
    %cmpi/e 0, 0, 16;
    %flag_get/vec4 4;
    %jmp/0 T_114.3, 4;
    %load/vec4 v0x55f3192b04c0_0;
    %pushi/vec4 0, 0, 16;
    %cmp/e;
    %flag_get/vec4 4;
    %and;
T_114.3;
    %flag_set/vec4 9;
    %flag_or 8, 9;
T_114.2;
    %jmp/0xz  T_114.0, 8;
    %load/vec4 v0x55f3192afb80_0;
    %pad/s 33;
    %store/vec4 v0x55f3192afdf0_0, 0, 33;
    %jmp T_114.1;
T_114.0 ;
    %load/vec4 v0x55f3192afaa0_0;
    %pad/s 33;
    %store/vec4 v0x55f3192afdf0_0, 0, 33;
T_114.1 ;
    %load/vec4 v0x55f3192afdf0_0;
    %load/vec4 v0x55f3192afed0_0;
    %pad/s 33;
    %add;
    %store/vec4 v0x55f3192b0280_0, 0, 33;
    %jmp T_114;
    .thread T_114, $push;
    .scope S_0x55f3192af5d0;
T_115 ;
    %wait E_0x55f318f9b9a0;
    %load/vec4 v0x55f3192b01e0_0;
    %nor/r;
    %flag_set/vec4 8;
    %jmp/0xz  T_115.0, 8;
    %pushi/vec4 0, 0, 1;
    %assign/vec4 v0x55f3192b0400_0, 0;
    %pushi/vec4 0, 0, 16;
    %assign/vec4 v0x55f3192afaa0_0, 0;
    %pushi/vec4 0, 0, 1;
    %assign/vec4 v0x55f3192b0090_0, 0;
    %jmp T_115.1;
T_115.0 ;
    %load/vec4 v0x55f3192b0360_0;
    %flag_set/vec4 8;
    %flag_get/vec4 8;
    %jmp/0 T_115.2, 8;
    %load/vec4 v0x55f3192afce0_0;
    %nor/r;
    %and;
T_115.2;
    %assign/vec4 v0x55f3192b0400_0, 0;
    %load/vec4 v0x55f3192b0360_0;
    %flag_set/vec4 8;
    %jmp/0xz  T_115.3, 8;
    %load/vec4 v0x55f3192b0280_0;
    %cmpi/s 32767, 0, 33;
    %flag_or 5, 4; GT is !LE
    %flag_inv 5;
    %jmp/0xz  T_115.5, 5;
    %pushi/vec4 1, 0, 1;
    %assign/vec4 v0x55f3192b0090_0, 0;
    %pushi/vec4 32767, 0, 16;
    %assign/vec4 v0x55f3192afaa0_0, 0;
    %jmp T_115.6;
T_115.5 ;
    %load/vec4 v0x55f3192b0280_0;
    %pushi/vec4 4294950912, 0, 32;
    %concati/vec4 0, 0, 1;
    %cmp/s;
    %jmp/0xz  T_115.7, 5;
    %pushi/vec4 1, 0, 1;
    %assign/vec4 v0x55f3192b0090_0, 0;
    %pushi/vec4 32768, 0, 16;
    %assign/vec4 v0x55f3192afaa0_0, 0;
    %jmp T_115.8;
T_115.7 ;
    %pushi/vec4 0, 0, 1;
    %assign/vec4 v0x55f3192b0090_0, 0;
    %load/vec4 v0x55f3192b0280_0;
    %parti/s 16, 0, 2;
    %assign/vec4 v0x55f3192afaa0_0, 0;
T_115.8 ;
T_115.6 ;
T_115.3 ;
T_115.1 ;
    %jmp T_115;
    .thread T_115;
    .scope S_0x55f3192cb0a0;
T_116 ;
Ewait_55 .event/or E_0x55f3192cb4c0, E_0x0;
    %wait Ewait_55;
    %load/vec4 v0x55f3192cb640_0;
    %pad/s 32;
    %store/vec4 v0x55f3192cb7d0_0, 0, 32;
    %load/vec4 v0x55f3192cb7d0_0;
    %muli 30, 0, 32;
    %store/vec4 v0x55f3192cba00_0, 0, 32;
    %load/vec4 v0x55f3192cba00_0;
    %pushi/vec4 25736, 0, 32;
    %mod/s;
    %store/vec4 v0x55f3192cb8c0_0, 0, 32;
    %load/vec4 v0x55f3192cb8c0_0;
    %cmpi/s 12868, 0, 32;
    %flag_or 5, 4; GT is !LE
    %flag_inv 5;
    %jmp/0xz  T_116.0, 5;
    %load/vec4 v0x55f3192cb8c0_0;
    %subi 25736, 0, 32;
    %store/vec4 v0x55f3192cb500_0, 0, 32;
    %jmp T_116.1;
T_116.0 ;
    %load/vec4 v0x55f3192cb8c0_0;
    %cmpi/s 4294954428, 0, 32;
    %jmp/0xz  T_116.2, 5;
    %load/vec4 v0x55f3192cb8c0_0;
    %addi 25736, 0, 32;
    %store/vec4 v0x55f3192cb500_0, 0, 32;
    %jmp T_116.3;
T_116.2 ;
    %load/vec4 v0x55f3192cb8c0_0;
    %store/vec4 v0x55f3192cb500_0, 0, 32;
T_116.3 ;
T_116.1 ;
    %jmp T_116;
    .thread T_116, $push;
    .scope S_0x55f3192cb0a0;
T_117 ;
    %wait E_0x55f318f9b9a0;
    %load/vec4 v0x55f3192cb960_0;
    %nor/r;
    %flag_set/vec4 8;
    %jmp/0xz  T_117.0, 8;
    %pushi/vec4 0, 0, 1;
    %assign/vec4 v0x55f3192cbb40_0, 0;
    %pushi/vec4 0, 0, 16;
    %assign/vec4 v0x55f3192cb6e0_0, 0;
    %jmp T_117.1;
T_117.0 ;
    %load/vec4 v0x55f3192cbaa0_0;
    %assign/vec4 v0x55f3192cbb40_0, 0;
    %load/vec4 v0x55f3192cbaa0_0;
    %flag_set/vec4 8;
    %jmp/0xz  T_117.2, 8;
    %load/vec4 v0x55f3192cb500_0;
    %parti/s 16, 0, 2;
    %assign/vec4 v0x55f3192cb6e0_0, 0;
T_117.2 ;
T_117.1 ;
    %jmp T_117;
    .thread T_117;
    .scope S_0x55f3192b0a20;
T_118 ;
    %wait E_0x55f3192b0f60;
    %load/vec4 v0x55f3192b10e0_0;
    %pad/s 32;
    %store/vec4 v0x55f3192b0fe0_0, 0, 32;
    %load/vec4 v0x55f3192b0fe0_0;
    %cmpi/s 12868, 0, 32;
    %flag_or 5, 4; GT is !LE
    %flag_inv 5;
    %jmp/0xz  T_118.0, 5;
    %load/vec4 v0x55f3192b0fe0_0;
    %subi 25736, 0, 32;
    %store/vec4 v0x55f3192b11c0_0, 0, 32;
    %jmp T_118.1;
T_118.0 ;
    %load/vec4 v0x55f3192b0fe0_0;
    %store/vec4 v0x55f3192b11c0_0, 0, 32;
T_118.1 ;
    %load/vec4 v0x55f3192b11c0_0;
    %cmpi/s 6434, 0, 32;
    %flag_or 5, 4; GT is !LE
    %flag_inv 5;
    %jmp/0xz  T_118.2, 5;
    %pushi/vec4 12868, 0, 32;
    %load/vec4 v0x55f3192b11c0_0;
    %sub;
    %store/vec4 v0x55f3192b1320_0, 0, 32;
    %jmp T_118.3;
T_118.2 ;
    %load/vec4 v0x55f3192b11c0_0;
    %cmpi/s 4294960862, 0, 32;
    %jmp/0xz  T_118.4, 5;
    %pushi/vec4 4294954428, 0, 32;
    %load/vec4 v0x55f3192b11c0_0;
    %sub;
    %store/vec4 v0x55f3192b1320_0, 0, 32;
    %jmp T_118.5;
T_118.4 ;
    %load/vec4 v0x55f3192b11c0_0;
    %store/vec4 v0x55f3192b1320_0, 0, 32;
T_118.5 ;
T_118.3 ;
    %jmp T_118;
    .thread T_118, $push;
    .scope S_0x55f3192b0a20;
T_119 ;
    %wait E_0x55f318f9b9a0;
    %load/vec4 v0x55f3192b1530_0;
    %nor/r;
    %flag_set/vec4 8;
    %jmp/0xz  T_119.0, 8;
    %pushi/vec4 0, 0, 1;
    %assign/vec4 v0x55f3192b1690_0, 0;
    %pushi/vec4 0, 0, 16;
    %assign/vec4 v0x55f3192b1450_0, 0;
    %jmp T_119.1;
T_119.0 ;
    %load/vec4 v0x55f3192b15d0_0;
    %assign/vec4 v0x55f3192b1690_0, 0;
    %load/vec4 v0x55f3192b15d0_0;
    %flag_set/vec4 8;
    %jmp/0xz  T_119.2, 8;
    %load/vec4 v0x55f3192b1320_0;
    %parti/s 16, 0, 2;
    %assign/vec4 v0x55f3192b1450_0, 0;
T_119.2 ;
T_119.1 ;
    %jmp T_119;
    .thread T_119;
    .scope S_0x55f3192b1dd0;
T_120 ;
Ewait_56 .event/or E_0x55f3192b2370, E_0x0;
    %wait Ewait_56;
    %load/vec4 v0x55f3192b26b0_0;
    %store/vec4 v0x55f3192b29a0_0, 0, 16;
    %load/vec4 v0x55f3192b2a80_0;
    %store/vec4 v0x55f3192b2d20_0, 0, 16;
    %load/vec4 v0x55f3192b2e00_0;
    %pad/s 32;
    %cmpi/s 0, 0, 32;
    %flag_inv 5; GE is !LT
    %jmp/0xz  T_120.0, 5;
    %load/vec4 v0x55f3192b26b0_0;
    %load/vec4 v0x55f3192b2d20_0;
    %sub;
    %store/vec4 v0x55f3192b27e0_0, 0, 16;
    %load/vec4 v0x55f3192b2a80_0;
    %load/vec4 v0x55f3192b29a0_0;
    %add;
    %store/vec4 v0x55f3192b2b60_0, 0, 16;
    %load/vec4 v0x55f3192b2e00_0;
    %subi 3217, 0, 16;
    %store/vec4 v0x55f3192b2ee0_0, 0, 16;
    %jmp T_120.1;
T_120.0 ;
    %load/vec4 v0x55f3192b26b0_0;
    %load/vec4 v0x55f3192b2d20_0;
    %add;
    %store/vec4 v0x55f3192b27e0_0, 0, 16;
    %load/vec4 v0x55f3192b2a80_0;
    %load/vec4 v0x55f3192b29a0_0;
    %sub;
    %store/vec4 v0x55f3192b2b60_0, 0, 16;
    %load/vec4 v0x55f3192b2e00_0;
    %addi 3217, 0, 16;
    %store/vec4 v0x55f3192b2ee0_0, 0, 16;
T_120.1 ;
    %jmp T_120;
    .thread T_120, $push;
    .scope S_0x55f3192b1dd0;
T_121 ;
    %wait E_0x55f318f9b9a0;
    %load/vec4 v0x55f3192b24b0_0;
    %nor/r;
    %flag_set/vec4 8;
    %jmp/0xz  T_121.0, 8;
    %pushi/vec4 0, 0, 1;
    %assign/vec4 v0x55f3192b2610_0, 0;
    %pushi/vec4 0, 0, 16;
    %assign/vec4 v0x55f3192b28c0_0, 0;
    %pushi/vec4 0, 0, 16;
    %assign/vec4 v0x55f3192b2c40_0, 0;
    %pushi/vec4 0, 0, 16;
    %assign/vec4 v0x55f3192b2fc0_0, 0;
    %jmp T_121.1;
T_121.0 ;
    %load/vec4 v0x55f3192b2570_0;
    %assign/vec4 v0x55f3192b2610_0, 0;
    %load/vec4 v0x55f3192b2570_0;
    %flag_set/vec4 8;
    %jmp/0xz  T_121.2, 8;
    %load/vec4 v0x55f3192b27e0_0;
    %assign/vec4 v0x55f3192b28c0_0, 0;
    %load/vec4 v0x55f3192b2b60_0;
    %assign/vec4 v0x55f3192b2c40_0, 0;
    %load/vec4 v0x55f3192b2ee0_0;
    %assign/vec4 v0x55f3192b2fc0_0, 0;
    %jmp T_121.3;
T_121.2 ;
    %pushi/vec4 0, 0, 16;
    %assign/vec4 v0x55f3192b28c0_0, 0;
    %pushi/vec4 0, 0, 16;
    %assign/vec4 v0x55f3192b2c40_0, 0;
    %pushi/vec4 0, 0, 16;
    %assign/vec4 v0x55f3192b2fc0_0, 0;
T_121.3 ;
T_121.1 ;
    %jmp T_121;
    .thread T_121;
    .scope S_0x55f3192b34d0;
T_122 ;
Ewait_57 .event/or E_0x55f3192b3a70, E_0x0;
    %wait Ewait_57;
    %load/vec4 v0x55f3192b3db0_0;
    %ix/load 4, 1, 0;
    %flag_set/imm 4, 0;
    %shiftr/s 4;
    %store/vec4 v0x55f3192b4020_0, 0, 16;
    %load/vec4 v0x55f3192b4100_0;
    %ix/load 4, 1, 0;
    %flag_set/imm 4, 0;
    %shiftr/s 4;
    %store/vec4 v0x55f3192b4360_0, 0, 16;
    %load/vec4 v0x55f3192b4440_0;
    %pad/s 32;
    %cmpi/s 0, 0, 32;
    %flag_inv 5; GE is !LT
    %jmp/0xz  T_122.0, 5;
    %load/vec4 v0x55f3192b3db0_0;
    %load/vec4 v0x55f3192b4360_0;
    %sub;
    %store/vec4 v0x55f3192b3ea0_0, 0, 16;
    %load/vec4 v0x55f3192b4100_0;
    %load/vec4 v0x55f3192b4020_0;
    %add;
    %store/vec4 v0x55f3192b41c0_0, 0, 16;
    %load/vec4 v0x55f3192b4440_0;
    %subi 1899, 0, 16;
    %store/vec4 v0x55f3192b4500_0, 0, 16;
    %jmp T_122.1;
T_122.0 ;
    %load/vec4 v0x55f3192b3db0_0;
    %load/vec4 v0x55f3192b4360_0;
    %add;
    %store/vec4 v0x55f3192b3ea0_0, 0, 16;
    %load/vec4 v0x55f3192b4100_0;
    %load/vec4 v0x55f3192b4020_0;
    %sub;
    %store/vec4 v0x55f3192b41c0_0, 0, 16;
    %load/vec4 v0x55f3192b4440_0;
    %addi 1899, 0, 16;
    %store/vec4 v0x55f3192b4500_0, 0, 16;
T_122.1 ;
    %jmp T_122;
    .thread T_122, $push;
    .scope S_0x55f3192b34d0;
T_123 ;
    %wait E_0x55f318f9b9a0;
    %load/vec4 v0x55f3192b3bb0_0;
    %nor/r;
    %flag_set/vec4 8;
    %jmp/0xz  T_123.0, 8;
    %pushi/vec4 0, 0, 1;
    %assign/vec4 v0x55f3192b3d10_0, 0;
    %pushi/vec4 0, 0, 16;
    %assign/vec4 v0x55f3192b3f40_0, 0;
    %pushi/vec4 0, 0, 16;
    %assign/vec4 v0x55f3192b4280_0, 0;
    %pushi/vec4 0, 0, 16;
    %assign/vec4 v0x55f3192b45c0_0, 0;
    %jmp T_123.1;
T_123.0 ;
    %load/vec4 v0x55f3192b3c70_0;
    %assign/vec4 v0x55f3192b3d10_0, 0;
    %load/vec4 v0x55f3192b3c70_0;
    %flag_set/vec4 8;
    %jmp/0xz  T_123.2, 8;
    %load/vec4 v0x55f3192b3ea0_0;
    %assign/vec4 v0x55f3192b3f40_0, 0;
    %load/vec4 v0x55f3192b41c0_0;
    %assign/vec4 v0x55f3192b4280_0, 0;
    %load/vec4 v0x55f3192b4500_0;
    %assign/vec4 v0x55f3192b45c0_0, 0;
    %jmp T_123.3;
T_123.2 ;
    %pushi/vec4 0, 0, 16;
    %assign/vec4 v0x55f3192b3f40_0, 0;
    %pushi/vec4 0, 0, 16;
    %assign/vec4 v0x55f3192b4280_0, 0;
    %pushi/vec4 0, 0, 16;
    %assign/vec4 v0x55f3192b45c0_0, 0;
T_123.3 ;
T_123.1 ;
    %jmp T_123;
    .thread T_123;
    .scope S_0x55f3192b4ab0;
T_124 ;
Ewait_58 .event/or E_0x55f3192b5080, E_0x0;
    %wait Ewait_58;
    %load/vec4 v0x55f3192b5420_0;
    %ix/load 4, 2, 0;
    %flag_set/imm 4, 0;
    %shiftr/s 4;
    %store/vec4 v0x55f3192b5690_0, 0, 16;
    %load/vec4 v0x55f3192b5770_0;
    %ix/load 4, 2, 0;
    %flag_set/imm 4, 0;
    %shiftr/s 4;
    %store/vec4 v0x55f3192b5a00_0, 0, 16;
    %load/vec4 v0x55f3192b5ae0_0;
    %pad/s 32;
    %cmpi/s 0, 0, 32;
    %flag_inv 5; GE is !LT
    %jmp/0xz  T_124.0, 5;
    %load/vec4 v0x55f3192b5420_0;
    %load/vec4 v0x55f3192b5a00_0;
    %sub;
    %store/vec4 v0x55f3192b5510_0, 0, 16;
    %load/vec4 v0x55f3192b5770_0;
    %load/vec4 v0x55f3192b5690_0;
    %add;
    %store/vec4 v0x55f3192b5860_0, 0, 16;
    %load/vec4 v0x55f3192b5ae0_0;
    %subi 1003, 0, 16;
    %store/vec4 v0x55f3192b5bd0_0, 0, 16;
    %jmp T_124.1;
T_124.0 ;
    %load/vec4 v0x55f3192b5420_0;
    %load/vec4 v0x55f3192b5a00_0;
    %add;
    %store/vec4 v0x55f3192b5510_0, 0, 16;
    %load/vec4 v0x55f3192b5770_0;
    %load/vec4 v0x55f3192b5690_0;
    %sub;
    %store/vec4 v0x55f3192b5860_0, 0, 16;
    %load/vec4 v0x55f3192b5ae0_0;
    %addi 1003, 0, 16;
    %store/vec4 v0x55f3192b5bd0_0, 0, 16;
T_124.1 ;
    %jmp T_124;
    .thread T_124, $push;
    .scope S_0x55f3192b4ab0;
T_125 ;
    %wait E_0x55f318f9b9a0;
    %load/vec4 v0x55f3192b51c0_0;
    %nor/r;
    %flag_set/vec4 8;
    %jmp/0xz  T_125.0, 8;
    %pushi/vec4 0, 0, 1;
    %assign/vec4 v0x55f3192b5380_0, 0;
    %pushi/vec4 0, 0, 16;
    %assign/vec4 v0x55f3192b55b0_0, 0;
    %pushi/vec4 0, 0, 16;
    %assign/vec4 v0x55f3192b5920_0, 0;
    %pushi/vec4 0, 0, 16;
    %assign/vec4 v0x55f3192b5c90_0, 0;
    %jmp T_125.1;
T_125.0 ;
    %load/vec4 v0x55f3192b5280_0;
    %assign/vec4 v0x55f3192b5380_0, 0;
    %load/vec4 v0x55f3192b5280_0;
    %flag_set/vec4 8;
    %jmp/0xz  T_125.2, 8;
    %load/vec4 v0x55f3192b5510_0;
    %assign/vec4 v0x55f3192b55b0_0, 0;
    %load/vec4 v0x55f3192b5860_0;
    %assign/vec4 v0x55f3192b5920_0, 0;
    %load/vec4 v0x55f3192b5bd0_0;
    %assign/vec4 v0x55f3192b5c90_0, 0;
    %jmp T_125.3;
T_125.2 ;
    %pushi/vec4 0, 0, 16;
    %assign/vec4 v0x55f3192b55b0_0, 0;
    %pushi/vec4 0, 0, 16;
    %assign/vec4 v0x55f3192b5920_0, 0;
    %pushi/vec4 0, 0, 16;
    %assign/vec4 v0x55f3192b5c90_0, 0;
T_125.3 ;
T_125.1 ;
    %jmp T_125;
    .thread T_125;
    .scope S_0x55f3192b61a0;
T_126 ;
Ewait_59 .event/or E_0x55f3192b67a0, E_0x0;
    %wait Ewait_59;
    %load/vec4 v0x55f3192b6b40_0;
    %ix/load 4, 3, 0;
    %flag_set/imm 4, 0;
    %shiftr/s 4;
    %store/vec4 v0x55f3192b6db0_0, 0, 16;
    %load/vec4 v0x55f3192b6e90_0;
    %ix/load 4, 3, 0;
    %flag_set/imm 4, 0;
    %shiftr/s 4;
    %store/vec4 v0x55f3192b7120_0, 0, 16;
    %load/vec4 v0x55f3192b7200_0;
    %pad/s 32;
    %cmpi/s 0, 0, 32;
    %flag_inv 5; GE is !LT
    %jmp/0xz  T_126.0, 5;
    %load/vec4 v0x55f3192b6b40_0;
    %load/vec4 v0x55f3192b7120_0;
    %sub;
    %store/vec4 v0x55f3192b6c30_0, 0, 16;
    %load/vec4 v0x55f3192b6e90_0;
    %load/vec4 v0x55f3192b6db0_0;
    %add;
    %store/vec4 v0x55f3192b6f80_0, 0, 16;
    %load/vec4 v0x55f3192b7200_0;
    %subi 509, 0, 16;
    %store/vec4 v0x55f3192b72f0_0, 0, 16;
    %jmp T_126.1;
T_126.0 ;
    %load/vec4 v0x55f3192b6b40_0;
    %load/vec4 v0x55f3192b7120_0;
    %add;
    %store/vec4 v0x55f3192b6c30_0, 0, 16;
    %load/vec4 v0x55f3192b6e90_0;
    %load/vec4 v0x55f3192b6db0_0;
    %sub;
    %store/vec4 v0x55f3192b6f80_0, 0, 16;
    %load/vec4 v0x55f3192b7200_0;
    %addi 509, 0, 16;
    %store/vec4 v0x55f3192b72f0_0, 0, 16;
T_126.1 ;
    %jmp T_126;
    .thread T_126, $push;
    .scope S_0x55f3192b61a0;
T_127 ;
    %wait E_0x55f318f9b9a0;
    %load/vec4 v0x55f3192b68e0_0;
    %nor/r;
    %flag_set/vec4 8;
    %jmp/0xz  T_127.0, 8;
    %pushi/vec4 0, 0, 1;
    %assign/vec4 v0x55f3192b6aa0_0, 0;
    %pushi/vec4 0, 0, 16;
    %assign/vec4 v0x55f3192b6cd0_0, 0;
    %pushi/vec4 0, 0, 16;
    %assign/vec4 v0x55f3192b7040_0, 0;
    %pushi/vec4 0, 0, 16;
    %assign/vec4 v0x55f3192b73b0_0, 0;
    %jmp T_127.1;
T_127.0 ;
    %load/vec4 v0x55f3192b69a0_0;
    %assign/vec4 v0x55f3192b6aa0_0, 0;
    %load/vec4 v0x55f3192b69a0_0;
    %flag_set/vec4 8;
    %jmp/0xz  T_127.2, 8;
    %load/vec4 v0x55f3192b6c30_0;
    %assign/vec4 v0x55f3192b6cd0_0, 0;
    %load/vec4 v0x55f3192b6f80_0;
    %assign/vec4 v0x55f3192b7040_0, 0;
    %load/vec4 v0x55f3192b72f0_0;
    %assign/vec4 v0x55f3192b73b0_0, 0;
    %jmp T_127.3;
T_127.2 ;
    %pushi/vec4 0, 0, 16;
    %assign/vec4 v0x55f3192b6cd0_0, 0;
    %pushi/vec4 0, 0, 16;
    %assign/vec4 v0x55f3192b7040_0, 0;
    %pushi/vec4 0, 0, 16;
    %assign/vec4 v0x55f3192b73b0_0, 0;
T_127.3 ;
T_127.1 ;
    %jmp T_127;
    .thread T_127;
    .scope S_0x55f3192b7910;
T_128 ;
Ewait_60 .event/or E_0x55f3192b7ee0, E_0x0;
    %wait Ewait_60;
    %load/vec4 v0x55f3192b8280_0;
    %ix/load 4, 4, 0;
    %flag_set/imm 4, 0;
    %shiftr/s 4;
    %store/vec4 v0x55f3192b84f0_0, 0, 16;
    %load/vec4 v0x55f3192b85d0_0;
    %ix/load 4, 4, 0;
    %flag_set/imm 4, 0;
    %shiftr/s 4;
    %store/vec4 v0x55f3192b8860_0, 0, 16;
    %load/vec4 v0x55f3192b8940_0;
    %pad/s 32;
    %cmpi/s 0, 0, 32;
    %flag_inv 5; GE is !LT
    %jmp/0xz  T_128.0, 5;
    %load/vec4 v0x55f3192b8280_0;
    %load/vec4 v0x55f3192b8860_0;
    %sub;
    %store/vec4 v0x55f3192b8370_0, 0, 16;
    %load/vec4 v0x55f3192b85d0_0;
    %load/vec4 v0x55f3192b84f0_0;
    %add;
    %store/vec4 v0x55f3192b86c0_0, 0, 16;
    %load/vec4 v0x55f3192b8940_0;
    %subi 256, 0, 16;
    %store/vec4 v0x55f3192b8a30_0, 0, 16;
    %jmp T_128.1;
T_128.0 ;
    %load/vec4 v0x55f3192b8280_0;
    %load/vec4 v0x55f3192b8860_0;
    %add;
    %store/vec4 v0x55f3192b8370_0, 0, 16;
    %load/vec4 v0x55f3192b85d0_0;
    %load/vec4 v0x55f3192b84f0_0;
    %sub;
    %store/vec4 v0x55f3192b86c0_0, 0, 16;
    %load/vec4 v0x55f3192b8940_0;
    %addi 256, 0, 16;
    %store/vec4 v0x55f3192b8a30_0, 0, 16;
T_128.1 ;
    %jmp T_128;
    .thread T_128, $push;
    .scope S_0x55f3192b7910;
T_129 ;
    %wait E_0x55f318f9b9a0;
    %load/vec4 v0x55f3192b8020_0;
    %nor/r;
    %flag_set/vec4 8;
    %jmp/0xz  T_129.0, 8;
    %pushi/vec4 0, 0, 1;
    %assign/vec4 v0x55f3192b81e0_0, 0;
    %pushi/vec4 0, 0, 16;
    %assign/vec4 v0x55f3192b8410_0, 0;
    %pushi/vec4 0, 0, 16;
    %assign/vec4 v0x55f3192b8780_0, 0;
    %pushi/vec4 0, 0, 16;
    %assign/vec4 v0x55f3192b8af0_0, 0;
    %jmp T_129.1;
T_129.0 ;
    %load/vec4 v0x55f3192b80e0_0;
    %assign/vec4 v0x55f3192b81e0_0, 0;
    %load/vec4 v0x55f3192b80e0_0;
    %flag_set/vec4 8;
    %jmp/0xz  T_129.2, 8;
    %load/vec4 v0x55f3192b8370_0;
    %assign/vec4 v0x55f3192b8410_0, 0;
    %load/vec4 v0x55f3192b86c0_0;
    %assign/vec4 v0x55f3192b8780_0, 0;
    %load/vec4 v0x55f3192b8a30_0;
    %assign/vec4 v0x55f3192b8af0_0, 0;
    %jmp T_129.3;
T_129.2 ;
    %pushi/vec4 0, 0, 16;
    %assign/vec4 v0x55f3192b8410_0, 0;
    %pushi/vec4 0, 0, 16;
    %assign/vec4 v0x55f3192b8780_0, 0;
    %pushi/vec4 0, 0, 16;
    %assign/vec4 v0x55f3192b8af0_0, 0;
T_129.3 ;
T_129.1 ;
    %jmp T_129;
    .thread T_129;
    .scope S_0x55f3192b9000;
T_130 ;
Ewait_61 .event/or E_0x55f3192b9600, E_0x0;
    %wait Ewait_61;
    %load/vec4 v0x55f3192b99a0_0;
    %ix/load 4, 5, 0;
    %flag_set/imm 4, 0;
    %shiftr/s 4;
    %store/vec4 v0x55f3192b9c10_0, 0, 16;
    %load/vec4 v0x55f3192b9cf0_0;
    %ix/load 4, 5, 0;
    %flag_set/imm 4, 0;
    %shiftr/s 4;
    %store/vec4 v0x55f3192b9f80_0, 0, 16;
    %load/vec4 v0x55f3192ba060_0;
    %pad/s 32;
    %cmpi/s 0, 0, 32;
    %flag_inv 5; GE is !LT
    %jmp/0xz  T_130.0, 5;
    %load/vec4 v0x55f3192b99a0_0;
    %load/vec4 v0x55f3192b9f80_0;
    %sub;
    %store/vec4 v0x55f3192b9a90_0, 0, 16;
    %load/vec4 v0x55f3192b9cf0_0;
    %load/vec4 v0x55f3192b9c10_0;
    %add;
    %store/vec4 v0x55f3192b9de0_0, 0, 16;
    %load/vec4 v0x55f3192ba060_0;
    %subi 128, 0, 16;
    %store/vec4 v0x55f3192ba150_0, 0, 16;
    %jmp T_130.1;
T_130.0 ;
    %load/vec4 v0x55f3192b99a0_0;
    %load/vec4 v0x55f3192b9f80_0;
    %add;
    %store/vec4 v0x55f3192b9a90_0, 0, 16;
    %load/vec4 v0x55f3192b9cf0_0;
    %load/vec4 v0x55f3192b9c10_0;
    %sub;
    %store/vec4 v0x55f3192b9de0_0, 0, 16;
    %load/vec4 v0x55f3192ba060_0;
    %addi 128, 0, 16;
    %store/vec4 v0x55f3192ba150_0, 0, 16;
T_130.1 ;
    %jmp T_130;
    .thread T_130, $push;
    .scope S_0x55f3192b9000;
T_131 ;
    %wait E_0x55f318f9b9a0;
    %load/vec4 v0x55f3192b9740_0;
    %nor/r;
    %flag_set/vec4 8;
    %jmp/0xz  T_131.0, 8;
    %pushi/vec4 0, 0, 1;
    %assign/vec4 v0x55f3192b9900_0, 0;
    %pushi/vec4 0, 0, 16;
    %assign/vec4 v0x55f3192b9b30_0, 0;
    %pushi/vec4 0, 0, 16;
    %assign/vec4 v0x55f3192b9ea0_0, 0;
    %pushi/vec4 0, 0, 16;
    %assign/vec4 v0x55f3192ba210_0, 0;
    %jmp T_131.1;
T_131.0 ;
    %load/vec4 v0x55f3192b9800_0;
    %assign/vec4 v0x55f3192b9900_0, 0;
    %load/vec4 v0x55f3192b9800_0;
    %flag_set/vec4 8;
    %jmp/0xz  T_131.2, 8;
    %load/vec4 v0x55f3192b9a90_0;
    %assign/vec4 v0x55f3192b9b30_0, 0;
    %load/vec4 v0x55f3192b9de0_0;
    %assign/vec4 v0x55f3192b9ea0_0, 0;
    %load/vec4 v0x55f3192ba150_0;
    %assign/vec4 v0x55f3192ba210_0, 0;
    %jmp T_131.3;
T_131.2 ;
    %pushi/vec4 0, 0, 16;
    %assign/vec4 v0x55f3192b9b30_0, 0;
    %pushi/vec4 0, 0, 16;
    %assign/vec4 v0x55f3192b9ea0_0, 0;
    %pushi/vec4 0, 0, 16;
    %assign/vec4 v0x55f3192ba210_0, 0;
T_131.3 ;
T_131.1 ;
    %jmp T_131;
    .thread T_131;
    .scope S_0x55f3192ba720;
T_132 ;
Ewait_62 .event/or E_0x55f3192bad20, E_0x0;
    %wait Ewait_62;
    %load/vec4 v0x55f3192bb0c0_0;
    %ix/load 4, 6, 0;
    %flag_set/imm 4, 0;
    %shiftr/s 4;
    %store/vec4 v0x55f3192bb330_0, 0, 16;
    %load/vec4 v0x55f3192bb410_0;
    %ix/load 4, 6, 0;
    %flag_set/imm 4, 0;
    %shiftr/s 4;
    %store/vec4 v0x55f3192bb6a0_0, 0, 16;
    %load/vec4 v0x55f3192bb780_0;
    %pad/s 32;
    %cmpi/s 0, 0, 32;
    %flag_inv 5; GE is !LT
    %jmp/0xz  T_132.0, 5;
    %load/vec4 v0x55f3192bb0c0_0;
    %load/vec4 v0x55f3192bb6a0_0;
    %sub;
    %store/vec4 v0x55f3192bb1b0_0, 0, 16;
    %load/vec4 v0x55f3192bb410_0;
    %load/vec4 v0x55f3192bb330_0;
    %add;
    %store/vec4 v0x55f3192bb500_0, 0, 16;
    %load/vec4 v0x55f3192bb780_0;
    %subi 64, 0, 16;
    %store/vec4 v0x55f3192bb870_0, 0, 16;
    %jmp T_132.1;
T_132.0 ;
    %load/vec4 v0x55f3192bb0c0_0;
    %load/vec4 v0x55f3192bb6a0_0;
    %add;
    %store/vec4 v0x55f3192bb1b0_0, 0, 16;
    %load/vec4 v0x55f3192bb410_0;
    %load/vec4 v0x55f3192bb330_0;
    %sub;
    %store/vec4 v0x55f3192bb500_0, 0, 16;
    %load/vec4 v0x55f3192bb780_0;
    %addi 64, 0, 16;
    %store/vec4 v0x55f3192bb870_0, 0, 16;
T_132.1 ;
    %jmp T_132;
    .thread T_132, $push;
    .scope S_0x55f3192ba720;
T_133 ;
    %wait E_0x55f318f9b9a0;
    %load/vec4 v0x55f3192bae60_0;
    %nor/r;
    %flag_set/vec4 8;
    %jmp/0xz  T_133.0, 8;
    %pushi/vec4 0, 0, 1;
    %assign/vec4 v0x55f3192bb020_0, 0;
    %pushi/vec4 0, 0, 16;
    %assign/vec4 v0x55f3192bb250_0, 0;
    %pushi/vec4 0, 0, 16;
    %assign/vec4 v0x55f3192bb5c0_0, 0;
    %pushi/vec4 0, 0, 16;
    %assign/vec4 v0x55f3192bb930_0, 0;
    %jmp T_133.1;
T_133.0 ;
    %load/vec4 v0x55f3192baf20_0;
    %assign/vec4 v0x55f3192bb020_0, 0;
    %load/vec4 v0x55f3192baf20_0;
    %flag_set/vec4 8;
    %jmp/0xz  T_133.2, 8;
    %load/vec4 v0x55f3192bb1b0_0;
    %assign/vec4 v0x55f3192bb250_0, 0;
    %load/vec4 v0x55f3192bb500_0;
    %assign/vec4 v0x55f3192bb5c0_0, 0;
    %load/vec4 v0x55f3192bb870_0;
    %assign/vec4 v0x55f3192bb930_0, 0;
    %jmp T_133.3;
T_133.2 ;
    %pushi/vec4 0, 0, 16;
    %assign/vec4 v0x55f3192bb250_0, 0;
    %pushi/vec4 0, 0, 16;
    %assign/vec4 v0x55f3192bb5c0_0, 0;
    %pushi/vec4 0, 0, 16;
    %assign/vec4 v0x55f3192bb930_0, 0;
T_133.3 ;
T_133.1 ;
    %jmp T_133;
    .thread T_133;
    .scope S_0x55f3192bbe40;
T_134 ;
Ewait_63 .event/or E_0x55f3192bc440, E_0x0;
    %wait Ewait_63;
    %load/vec4 v0x55f3192bc7e0_0;
    %ix/load 4, 7, 0;
    %flag_set/imm 4, 0;
    %shiftr/s 4;
    %store/vec4 v0x55f3192bca50_0, 0, 16;
    %load/vec4 v0x55f3192bcb30_0;
    %ix/load 4, 7, 0;
    %flag_set/imm 4, 0;
    %shiftr/s 4;
    %store/vec4 v0x55f3192bcdc0_0, 0, 16;
    %load/vec4 v0x55f3192bcea0_0;
    %pad/s 32;
    %cmpi/s 0, 0, 32;
    %flag_inv 5; GE is !LT
    %jmp/0xz  T_134.0, 5;
    %load/vec4 v0x55f3192bc7e0_0;
    %load/vec4 v0x55f3192bcdc0_0;
    %sub;
    %store/vec4 v0x55f3192bc8d0_0, 0, 16;
    %load/vec4 v0x55f3192bcb30_0;
    %load/vec4 v0x55f3192bca50_0;
    %add;
    %store/vec4 v0x55f3192bcc20_0, 0, 16;
    %load/vec4 v0x55f3192bcea0_0;
    %subi 32, 0, 16;
    %store/vec4 v0x55f3192bcf90_0, 0, 16;
    %jmp T_134.1;
T_134.0 ;
    %load/vec4 v0x55f3192bc7e0_0;
    %load/vec4 v0x55f3192bcdc0_0;
    %add;
    %store/vec4 v0x55f3192bc8d0_0, 0, 16;
    %load/vec4 v0x55f3192bcb30_0;
    %load/vec4 v0x55f3192bca50_0;
    %sub;
    %store/vec4 v0x55f3192bcc20_0, 0, 16;
    %load/vec4 v0x55f3192bcea0_0;
    %addi 32, 0, 16;
    %store/vec4 v0x55f3192bcf90_0, 0, 16;
T_134.1 ;
    %jmp T_134;
    .thread T_134, $push;
    .scope S_0x55f3192bbe40;
T_135 ;
    %wait E_0x55f318f9b9a0;
    %load/vec4 v0x55f3192bc580_0;
    %nor/r;
    %flag_set/vec4 8;
    %jmp/0xz  T_135.0, 8;
    %pushi/vec4 0, 0, 1;
    %assign/vec4 v0x55f3192bc740_0, 0;
    %pushi/vec4 0, 0, 16;
    %assign/vec4 v0x55f3192bc970_0, 0;
    %pushi/vec4 0, 0, 16;
    %assign/vec4 v0x55f3192bcce0_0, 0;
    %pushi/vec4 0, 0, 16;
    %assign/vec4 v0x55f3192bd050_0, 0;
    %jmp T_135.1;
T_135.0 ;
    %load/vec4 v0x55f3192bc640_0;
    %assign/vec4 v0x55f3192bc740_0, 0;
    %load/vec4 v0x55f3192bc640_0;
    %flag_set/vec4 8;
    %jmp/0xz  T_135.2, 8;
    %load/vec4 v0x55f3192bc8d0_0;
    %assign/vec4 v0x55f3192bc970_0, 0;
    %load/vec4 v0x55f3192bcc20_0;
    %assign/vec4 v0x55f3192bcce0_0, 0;
    %load/vec4 v0x55f3192bcf90_0;
    %assign/vec4 v0x55f3192bd050_0, 0;
    %jmp T_135.3;
T_135.2 ;
    %pushi/vec4 0, 0, 16;
    %assign/vec4 v0x55f3192bc970_0, 0;
    %pushi/vec4 0, 0, 16;
    %assign/vec4 v0x55f3192bcce0_0, 0;
    %pushi/vec4 0, 0, 16;
    %assign/vec4 v0x55f3192bd050_0, 0;
T_135.3 ;
T_135.1 ;
    %jmp T_135;
    .thread T_135;
    .scope S_0x55f3192bd5a0;
T_136 ;
Ewait_64 .event/or E_0x55f3192bdba0, E_0x0;
    %wait Ewait_64;
    %load/vec4 v0x55f3192bdf40_0;
    %ix/load 4, 8, 0;
    %flag_set/imm 4, 0;
    %shiftr/s 4;
    %store/vec4 v0x55f3192be1b0_0, 0, 16;
    %load/vec4 v0x55f3192be290_0;
    %ix/load 4, 8, 0;
    %flag_set/imm 4, 0;
    %shiftr/s 4;
    %store/vec4 v0x55f3192be520_0, 0, 16;
    %load/vec4 v0x55f3192be600_0;
    %pad/s 32;
    %cmpi/s 0, 0, 32;
    %flag_inv 5; GE is !LT
    %jmp/0xz  T_136.0, 5;
    %load/vec4 v0x55f3192bdf40_0;
    %load/vec4 v0x55f3192be520_0;
    %sub;
    %store/vec4 v0x55f3192be030_0, 0, 16;
    %load/vec4 v0x55f3192be290_0;
    %load/vec4 v0x55f3192be1b0_0;
    %add;
    %store/vec4 v0x55f3192be380_0, 0, 16;
    %load/vec4 v0x55f3192be600_0;
    %subi 16, 0, 16;
    %store/vec4 v0x55f3192be6f0_0, 0, 16;
    %jmp T_136.1;
T_136.0 ;
    %load/vec4 v0x55f3192bdf40_0;
    %load/vec4 v0x55f3192be520_0;
    %add;
    %store/vec4 v0x55f3192be030_0, 0, 16;
    %load/vec4 v0x55f3192be290_0;
    %load/vec4 v0x55f3192be1b0_0;
    %sub;
    %store/vec4 v0x55f3192be380_0, 0, 16;
    %load/vec4 v0x55f3192be600_0;
    %addi 16, 0, 16;
    %store/vec4 v0x55f3192be6f0_0, 0, 16;
T_136.1 ;
    %jmp T_136;
    .thread T_136, $push;
    .scope S_0x55f3192bd5a0;
T_137 ;
    %wait E_0x55f318f9b9a0;
    %load/vec4 v0x55f3192bdce0_0;
    %nor/r;
    %flag_set/vec4 8;
    %jmp/0xz  T_137.0, 8;
    %pushi/vec4 0, 0, 1;
    %assign/vec4 v0x55f3192bdea0_0, 0;
    %pushi/vec4 0, 0, 16;
    %assign/vec4 v0x55f3192be0d0_0, 0;
    %pushi/vec4 0, 0, 16;
    %assign/vec4 v0x55f3192be440_0, 0;
    %pushi/vec4 0, 0, 16;
    %assign/vec4 v0x55f3192be7b0_0, 0;
    %jmp T_137.1;
T_137.0 ;
    %load/vec4 v0x55f3192bdda0_0;
    %assign/vec4 v0x55f3192bdea0_0, 0;
    %load/vec4 v0x55f3192bdda0_0;
    %flag_set/vec4 8;
    %jmp/0xz  T_137.2, 8;
    %load/vec4 v0x55f3192be030_0;
    %assign/vec4 v0x55f3192be0d0_0, 0;
    %load/vec4 v0x55f3192be380_0;
    %assign/vec4 v0x55f3192be440_0, 0;
    %load/vec4 v0x55f3192be6f0_0;
    %assign/vec4 v0x55f3192be7b0_0, 0;
    %jmp T_137.3;
T_137.2 ;
    %pushi/vec4 0, 0, 16;
    %assign/vec4 v0x55f3192be0d0_0, 0;
    %pushi/vec4 0, 0, 16;
    %assign/vec4 v0x55f3192be440_0, 0;
    %pushi/vec4 0, 0, 16;
    %assign/vec4 v0x55f3192be7b0_0, 0;
T_137.3 ;
T_137.1 ;
    %jmp T_137;
    .thread T_137;
    .scope S_0x55f3192becc0;
T_138 ;
Ewait_65 .event/or E_0x55f3192bf2c0, E_0x0;
    %wait Ewait_65;
    %load/vec4 v0x55f3192bf660_0;
    %ix/load 4, 9, 0;
    %flag_set/imm 4, 0;
    %shiftr/s 4;
    %store/vec4 v0x55f3192bf8d0_0, 0, 16;
    %load/vec4 v0x55f3192bf9b0_0;
    %ix/load 4, 9, 0;
    %flag_set/imm 4, 0;
    %shiftr/s 4;
    %store/vec4 v0x55f3192bfc40_0, 0, 16;
    %load/vec4 v0x55f3192bfd20_0;
    %pad/s 32;
    %cmpi/s 0, 0, 32;
    %flag_inv 5; GE is !LT
    %jmp/0xz  T_138.0, 5;
    %load/vec4 v0x55f3192bf660_0;
    %load/vec4 v0x55f3192bfc40_0;
    %sub;
    %store/vec4 v0x55f3192bf750_0, 0, 16;
    %load/vec4 v0x55f3192bf9b0_0;
    %load/vec4 v0x55f3192bf8d0_0;
    %add;
    %store/vec4 v0x55f3192bfaa0_0, 0, 16;
    %load/vec4 v0x55f3192bfd20_0;
    %subi 8, 0, 16;
    %store/vec4 v0x55f3192bfe10_0, 0, 16;
    %jmp T_138.1;
T_138.0 ;
    %load/vec4 v0x55f3192bf660_0;
    %load/vec4 v0x55f3192bfc40_0;
    %add;
    %store/vec4 v0x55f3192bf750_0, 0, 16;
    %load/vec4 v0x55f3192bf9b0_0;
    %load/vec4 v0x55f3192bf8d0_0;
    %sub;
    %store/vec4 v0x55f3192bfaa0_0, 0, 16;
    %load/vec4 v0x55f3192bfd20_0;
    %addi 8, 0, 16;
    %store/vec4 v0x55f3192bfe10_0, 0, 16;
T_138.1 ;
    %jmp T_138;
    .thread T_138, $push;
    .scope S_0x55f3192becc0;
T_139 ;
    %wait E_0x55f318f9b9a0;
    %load/vec4 v0x55f3192bf400_0;
    %nor/r;
    %flag_set/vec4 8;
    %jmp/0xz  T_139.0, 8;
    %pushi/vec4 0, 0, 1;
    %assign/vec4 v0x55f3192bf5c0_0, 0;
    %pushi/vec4 0, 0, 16;
    %assign/vec4 v0x55f3192bf7f0_0, 0;
    %pushi/vec4 0, 0, 16;
    %assign/vec4 v0x55f3192bfb60_0, 0;
    %pushi/vec4 0, 0, 16;
    %assign/vec4 v0x55f3192bfed0_0, 0;
    %jmp T_139.1;
T_139.0 ;
    %load/vec4 v0x55f3192bf4c0_0;
    %assign/vec4 v0x55f3192bf5c0_0, 0;
    %load/vec4 v0x55f3192bf4c0_0;
    %flag_set/vec4 8;
    %jmp/0xz  T_139.2, 8;
    %load/vec4 v0x55f3192bf750_0;
    %assign/vec4 v0x55f3192bf7f0_0, 0;
    %load/vec4 v0x55f3192bfaa0_0;
    %assign/vec4 v0x55f3192bfb60_0, 0;
    %load/vec4 v0x55f3192bfe10_0;
    %assign/vec4 v0x55f3192bfed0_0, 0;
    %jmp T_139.3;
T_139.2 ;
    %pushi/vec4 0, 0, 16;
    %assign/vec4 v0x55f3192bf7f0_0, 0;
    %pushi/vec4 0, 0, 16;
    %assign/vec4 v0x55f3192bfb60_0, 0;
    %pushi/vec4 0, 0, 16;
    %assign/vec4 v0x55f3192bfed0_0, 0;
T_139.3 ;
T_139.1 ;
    %jmp T_139;
    .thread T_139;
    .scope S_0x55f3192c03e0;
T_140 ;
Ewait_66 .event/or E_0x55f3192c09e0, E_0x0;
    %wait Ewait_66;
    %load/vec4 v0x55f3192c0d80_0;
    %ix/load 4, 10, 0;
    %flag_set/imm 4, 0;
    %shiftr/s 4;
    %store/vec4 v0x55f3192c0ff0_0, 0, 16;
    %load/vec4 v0x55f3192c10d0_0;
    %ix/load 4, 10, 0;
    %flag_set/imm 4, 0;
    %shiftr/s 4;
    %store/vec4 v0x55f3192c1360_0, 0, 16;
    %load/vec4 v0x55f3192c1440_0;
    %pad/s 32;
    %cmpi/s 0, 0, 32;
    %flag_inv 5; GE is !LT
    %jmp/0xz  T_140.0, 5;
    %load/vec4 v0x55f3192c0d80_0;
    %load/vec4 v0x55f3192c1360_0;
    %sub;
    %store/vec4 v0x55f3192c0e70_0, 0, 16;
    %load/vec4 v0x55f3192c10d0_0;
    %load/vec4 v0x55f3192c0ff0_0;
    %add;
    %store/vec4 v0x55f3192c11c0_0, 0, 16;
    %load/vec4 v0x55f3192c1440_0;
    %subi 4, 0, 16;
    %store/vec4 v0x55f3192c1530_0, 0, 16;
    %jmp T_140.1;
T_140.0 ;
    %load/vec4 v0x55f3192c0d80_0;
    %load/vec4 v0x55f3192c1360_0;
    %add;
    %store/vec4 v0x55f3192c0e70_0, 0, 16;
    %load/vec4 v0x55f3192c10d0_0;
    %load/vec4 v0x55f3192c0ff0_0;
    %sub;
    %store/vec4 v0x55f3192c11c0_0, 0, 16;
    %load/vec4 v0x55f3192c1440_0;
    %addi 4, 0, 16;
    %store/vec4 v0x55f3192c1530_0, 0, 16;
T_140.1 ;
    %jmp T_140;
    .thread T_140, $push;
    .scope S_0x55f3192c03e0;
T_141 ;
    %wait E_0x55f318f9b9a0;
    %load/vec4 v0x55f3192c0b20_0;
    %nor/r;
    %flag_set/vec4 8;
    %jmp/0xz  T_141.0, 8;
    %pushi/vec4 0, 0, 1;
    %assign/vec4 v0x55f3192c0ce0_0, 0;
    %pushi/vec4 0, 0, 16;
    %assign/vec4 v0x55f3192c0f10_0, 0;
    %pushi/vec4 0, 0, 16;
    %assign/vec4 v0x55f3192c1280_0, 0;
    %pushi/vec4 0, 0, 16;
    %assign/vec4 v0x55f3192c15f0_0, 0;
    %jmp T_141.1;
T_141.0 ;
    %load/vec4 v0x55f3192c0be0_0;
    %assign/vec4 v0x55f3192c0ce0_0, 0;
    %load/vec4 v0x55f3192c0be0_0;
    %flag_set/vec4 8;
    %jmp/0xz  T_141.2, 8;
    %load/vec4 v0x55f3192c0e70_0;
    %assign/vec4 v0x55f3192c0f10_0, 0;
    %load/vec4 v0x55f3192c11c0_0;
    %assign/vec4 v0x55f3192c1280_0, 0;
    %load/vec4 v0x55f3192c1530_0;
    %assign/vec4 v0x55f3192c15f0_0, 0;
    %jmp T_141.3;
T_141.2 ;
    %pushi/vec4 0, 0, 16;
    %assign/vec4 v0x55f3192c0f10_0, 0;
    %pushi/vec4 0, 0, 16;
    %assign/vec4 v0x55f3192c1280_0, 0;
    %pushi/vec4 0, 0, 16;
    %assign/vec4 v0x55f3192c15f0_0, 0;
T_141.3 ;
T_141.1 ;
    %jmp T_141;
    .thread T_141;
    .scope S_0x55f3192c1b00;
T_142 ;
Ewait_67 .event/or E_0x55f3192c2100, E_0x0;
    %wait Ewait_67;
    %load/vec4 v0x55f3192c24a0_0;
    %ix/load 4, 11, 0;
    %flag_set/imm 4, 0;
    %shiftr/s 4;
    %store/vec4 v0x55f3192c2710_0, 0, 16;
    %load/vec4 v0x55f3192c27f0_0;
    %ix/load 4, 11, 0;
    %flag_set/imm 4, 0;
    %shiftr/s 4;
    %store/vec4 v0x55f3192c2a80_0, 0, 16;
    %load/vec4 v0x55f3192c2b60_0;
    %pad/s 32;
    %cmpi/s 0, 0, 32;
    %flag_inv 5; GE is !LT
    %jmp/0xz  T_142.0, 5;
    %load/vec4 v0x55f3192c24a0_0;
    %load/vec4 v0x55f3192c2a80_0;
    %sub;
    %store/vec4 v0x55f3192c2590_0, 0, 16;
    %load/vec4 v0x55f3192c27f0_0;
    %load/vec4 v0x55f3192c2710_0;
    %add;
    %store/vec4 v0x55f3192c28e0_0, 0, 16;
    %load/vec4 v0x55f3192c2b60_0;
    %subi 2, 0, 16;
    %store/vec4 v0x55f3192c2c50_0, 0, 16;
    %jmp T_142.1;
T_142.0 ;
    %load/vec4 v0x55f3192c24a0_0;
    %load/vec4 v0x55f3192c2a80_0;
    %add;
    %store/vec4 v0x55f3192c2590_0, 0, 16;
    %load/vec4 v0x55f3192c27f0_0;
    %load/vec4 v0x55f3192c2710_0;
    %sub;
    %store/vec4 v0x55f3192c28e0_0, 0, 16;
    %load/vec4 v0x55f3192c2b60_0;
    %addi 2, 0, 16;
    %store/vec4 v0x55f3192c2c50_0, 0, 16;
T_142.1 ;
    %jmp T_142;
    .thread T_142, $push;
    .scope S_0x55f3192c1b00;
T_143 ;
    %wait E_0x55f318f9b9a0;
    %load/vec4 v0x55f3192c2240_0;
    %nor/r;
    %flag_set/vec4 8;
    %jmp/0xz  T_143.0, 8;
    %pushi/vec4 0, 0, 1;
    %assign/vec4 v0x55f3192c2400_0, 0;
    %pushi/vec4 0, 0, 16;
    %assign/vec4 v0x55f3192c2630_0, 0;
    %pushi/vec4 0, 0, 16;
    %assign/vec4 v0x55f3192c29a0_0, 0;
    %pushi/vec4 0, 0, 16;
    %assign/vec4 v0x55f3192c2d10_0, 0;
    %jmp T_143.1;
T_143.0 ;
    %load/vec4 v0x55f3192c2300_0;
    %assign/vec4 v0x55f3192c2400_0, 0;
    %load/vec4 v0x55f3192c2300_0;
    %flag_set/vec4 8;
    %jmp/0xz  T_143.2, 8;
    %load/vec4 v0x55f3192c2590_0;
    %assign/vec4 v0x55f3192c2630_0, 0;
    %load/vec4 v0x55f3192c28e0_0;
    %assign/vec4 v0x55f3192c29a0_0, 0;
    %load/vec4 v0x55f3192c2c50_0;
    %assign/vec4 v0x55f3192c2d10_0, 0;
    %jmp T_143.3;
T_143.2 ;
    %pushi/vec4 0, 0, 16;
    %assign/vec4 v0x55f3192c2630_0, 0;
    %pushi/vec4 0, 0, 16;
    %assign/vec4 v0x55f3192c29a0_0, 0;
    %pushi/vec4 0, 0, 16;
    %assign/vec4 v0x55f3192c2d10_0, 0;
T_143.3 ;
T_143.1 ;
    %jmp T_143;
    .thread T_143;
    .scope S_0x55f3192c3220;
T_144 ;
Ewait_68 .event/or E_0x55f3192c3820, E_0x0;
    %wait Ewait_68;
    %load/vec4 v0x55f3192c3bc0_0;
    %ix/load 4, 12, 0;
    %flag_set/imm 4, 0;
    %shiftr/s 4;
    %store/vec4 v0x55f3192c3e30_0, 0, 16;
    %load/vec4 v0x55f3192c3f10_0;
    %ix/load 4, 12, 0;
    %flag_set/imm 4, 0;
    %shiftr/s 4;
    %store/vec4 v0x55f3192c41a0_0, 0, 16;
    %load/vec4 v0x55f3192c4280_0;
    %pad/s 32;
    %cmpi/s 0, 0, 32;
    %flag_inv 5; GE is !LT
    %jmp/0xz  T_144.0, 5;
    %load/vec4 v0x55f3192c3bc0_0;
    %load/vec4 v0x55f3192c41a0_0;
    %sub;
    %store/vec4 v0x55f3192c3cb0_0, 0, 16;
    %load/vec4 v0x55f3192c3f10_0;
    %load/vec4 v0x55f3192c3e30_0;
    %add;
    %store/vec4 v0x55f3192c4000_0, 0, 16;
    %load/vec4 v0x55f3192c4280_0;
    %subi 1, 0, 16;
    %store/vec4 v0x55f3192c4370_0, 0, 16;
    %jmp T_144.1;
T_144.0 ;
    %load/vec4 v0x55f3192c3bc0_0;
    %load/vec4 v0x55f3192c41a0_0;
    %add;
    %store/vec4 v0x55f3192c3cb0_0, 0, 16;
    %load/vec4 v0x55f3192c3f10_0;
    %load/vec4 v0x55f3192c3e30_0;
    %sub;
    %store/vec4 v0x55f3192c4000_0, 0, 16;
    %load/vec4 v0x55f3192c4280_0;
    %addi 1, 0, 16;
    %store/vec4 v0x55f3192c4370_0, 0, 16;
T_144.1 ;
    %jmp T_144;
    .thread T_144, $push;
    .scope S_0x55f3192c3220;
T_145 ;
    %wait E_0x55f318f9b9a0;
    %load/vec4 v0x55f3192c3960_0;
    %nor/r;
    %flag_set/vec4 8;
    %jmp/0xz  T_145.0, 8;
    %pushi/vec4 0, 0, 1;
    %assign/vec4 v0x55f3192c3b20_0, 0;
    %pushi/vec4 0, 0, 16;
    %assign/vec4 v0x55f3192c3d50_0, 0;
    %pushi/vec4 0, 0, 16;
    %assign/vec4 v0x55f3192c40c0_0, 0;
    %pushi/vec4 0, 0, 16;
    %assign/vec4 v0x55f3192c4430_0, 0;
    %jmp T_145.1;
T_145.0 ;
    %load/vec4 v0x55f3192c3a20_0;
    %assign/vec4 v0x55f3192c3b20_0, 0;
    %load/vec4 v0x55f3192c3a20_0;
    %flag_set/vec4 8;
    %jmp/0xz  T_145.2, 8;
    %load/vec4 v0x55f3192c3cb0_0;
    %assign/vec4 v0x55f3192c3d50_0, 0;
    %load/vec4 v0x55f3192c4000_0;
    %assign/vec4 v0x55f3192c40c0_0, 0;
    %load/vec4 v0x55f3192c4370_0;
    %assign/vec4 v0x55f3192c4430_0, 0;
    %jmp T_145.3;
T_145.2 ;
    %pushi/vec4 0, 0, 16;
    %assign/vec4 v0x55f3192c3d50_0, 0;
    %pushi/vec4 0, 0, 16;
    %assign/vec4 v0x55f3192c40c0_0, 0;
    %pushi/vec4 0, 0, 16;
    %assign/vec4 v0x55f3192c4430_0, 0;
T_145.3 ;
T_145.1 ;
    %jmp T_145;
    .thread T_145;
    .scope S_0x55f3192c4940;
T_146 ;
Ewait_69 .event/or E_0x55f3192c4f40, E_0x0;
    %wait Ewait_69;
    %load/vec4 v0x55f3192c52e0_0;
    %ix/load 4, 13, 0;
    %flag_set/imm 4, 0;
    %shiftr/s 4;
    %store/vec4 v0x55f3192c5550_0, 0, 16;
    %load/vec4 v0x55f3192c5630_0;
    %ix/load 4, 13, 0;
    %flag_set/imm 4, 0;
    %shiftr/s 4;
    %store/vec4 v0x55f3192c58c0_0, 0, 16;
    %load/vec4 v0x55f3192c59a0_0;
    %pad/s 32;
    %cmpi/s 0, 0, 32;
    %flag_inv 5; GE is !LT
    %jmp/0xz  T_146.0, 5;
    %load/vec4 v0x55f3192c52e0_0;
    %load/vec4 v0x55f3192c58c0_0;
    %sub;
    %store/vec4 v0x55f3192c53d0_0, 0, 16;
    %load/vec4 v0x55f3192c5630_0;
    %load/vec4 v0x55f3192c5550_0;
    %add;
    %store/vec4 v0x55f3192c5720_0, 0, 16;
    %load/vec4 v0x55f3192c59a0_0;
    %subi 1, 0, 16;
    %store/vec4 v0x55f3192c5a90_0, 0, 16;
    %jmp T_146.1;
T_146.0 ;
    %load/vec4 v0x55f3192c52e0_0;
    %load/vec4 v0x55f3192c58c0_0;
    %add;
    %store/vec4 v0x55f3192c53d0_0, 0, 16;
    %load/vec4 v0x55f3192c5630_0;
    %load/vec4 v0x55f3192c5550_0;
    %sub;
    %store/vec4 v0x55f3192c5720_0, 0, 16;
    %load/vec4 v0x55f3192c59a0_0;
    %addi 1, 0, 16;
    %store/vec4 v0x55f3192c5a90_0, 0, 16;
T_146.1 ;
    %jmp T_146;
    .thread T_146, $push;
    .scope S_0x55f3192c4940;
T_147 ;
    %wait E_0x55f318f9b9a0;
    %load/vec4 v0x55f3192c5080_0;
    %nor/r;
    %flag_set/vec4 8;
    %jmp/0xz  T_147.0, 8;
    %pushi/vec4 0, 0, 1;
    %assign/vec4 v0x55f3192c5240_0, 0;
    %pushi/vec4 0, 0, 16;
    %assign/vec4 v0x55f3192c5470_0, 0;
    %pushi/vec4 0, 0, 16;
    %assign/vec4 v0x55f3192c57e0_0, 0;
    %pushi/vec4 0, 0, 16;
    %assign/vec4 v0x55f3192c5b50_0, 0;
    %jmp T_147.1;
T_147.0 ;
    %load/vec4 v0x55f3192c5140_0;
    %assign/vec4 v0x55f3192c5240_0, 0;
    %load/vec4 v0x55f3192c5140_0;
    %flag_set/vec4 8;
    %jmp/0xz  T_147.2, 8;
    %load/vec4 v0x55f3192c53d0_0;
    %assign/vec4 v0x55f3192c5470_0, 0;
    %load/vec4 v0x55f3192c5720_0;
    %assign/vec4 v0x55f3192c57e0_0, 0;
    %load/vec4 v0x55f3192c5a90_0;
    %assign/vec4 v0x55f3192c5b50_0, 0;
    %jmp T_147.3;
T_147.2 ;
    %pushi/vec4 0, 0, 16;
    %assign/vec4 v0x55f3192c5470_0, 0;
    %pushi/vec4 0, 0, 16;
    %assign/vec4 v0x55f3192c57e0_0, 0;
    %pushi/vec4 0, 0, 16;
    %assign/vec4 v0x55f3192c5b50_0, 0;
T_147.3 ;
T_147.1 ;
    %jmp T_147;
    .thread T_147;
    .scope S_0x55f3192c6060;
T_148 ;
Ewait_70 .event/or E_0x55f3192c6660, E_0x0;
    %wait Ewait_70;
    %load/vec4 v0x55f3192c6a00_0;
    %ix/load 4, 14, 0;
    %flag_set/imm 4, 0;
    %shiftr/s 4;
    %store/vec4 v0x55f3192c6c70_0, 0, 16;
    %load/vec4 v0x55f3192c6d50_0;
    %ix/load 4, 14, 0;
    %flag_set/imm 4, 0;
    %shiftr/s 4;
    %store/vec4 v0x55f3192c6fe0_0, 0, 16;
    %load/vec4 v0x55f3192c70c0_0;
    %pad/s 32;
    %cmpi/s 0, 0, 32;
    %flag_inv 5; GE is !LT
    %jmp/0xz  T_148.0, 5;
    %load/vec4 v0x55f3192c6a00_0;
    %load/vec4 v0x55f3192c6fe0_0;
    %sub;
    %store/vec4 v0x55f3192c6af0_0, 0, 16;
    %load/vec4 v0x55f3192c6d50_0;
    %load/vec4 v0x55f3192c6c70_0;
    %add;
    %store/vec4 v0x55f3192c6e40_0, 0, 16;
    %load/vec4 v0x55f3192c70c0_0;
    %subi 0, 0, 16;
    %store/vec4 v0x55f3192c71b0_0, 0, 16;
    %jmp T_148.1;
T_148.0 ;
    %load/vec4 v0x55f3192c6a00_0;
    %load/vec4 v0x55f3192c6fe0_0;
    %add;
    %store/vec4 v0x55f3192c6af0_0, 0, 16;
    %load/vec4 v0x55f3192c6d50_0;
    %load/vec4 v0x55f3192c6c70_0;
    %sub;
    %store/vec4 v0x55f3192c6e40_0, 0, 16;
    %load/vec4 v0x55f3192c70c0_0;
    %addi 0, 0, 16;
    %store/vec4 v0x55f3192c71b0_0, 0, 16;
T_148.1 ;
    %jmp T_148;
    .thread T_148, $push;
    .scope S_0x55f3192c6060;
T_149 ;
    %wait E_0x55f318f9b9a0;
    %load/vec4 v0x55f3192c67a0_0;
    %nor/r;
    %flag_set/vec4 8;
    %jmp/0xz  T_149.0, 8;
    %pushi/vec4 0, 0, 1;
    %assign/vec4 v0x55f3192c6960_0, 0;
    %pushi/vec4 0, 0, 16;
    %assign/vec4 v0x55f3192c6b90_0, 0;
    %pushi/vec4 0, 0, 16;
    %assign/vec4 v0x55f3192c6f00_0, 0;
    %pushi/vec4 0, 0, 16;
    %assign/vec4 v0x55f3192c7270_0, 0;
    %jmp T_149.1;
T_149.0 ;
    %load/vec4 v0x55f3192c6860_0;
    %assign/vec4 v0x55f3192c6960_0, 0;
    %load/vec4 v0x55f3192c6860_0;
    %flag_set/vec4 8;
    %jmp/0xz  T_149.2, 8;
    %load/vec4 v0x55f3192c6af0_0;
    %assign/vec4 v0x55f3192c6b90_0, 0;
    %load/vec4 v0x55f3192c6e40_0;
    %assign/vec4 v0x55f3192c6f00_0, 0;
    %load/vec4 v0x55f3192c71b0_0;
    %assign/vec4 v0x55f3192c7270_0, 0;
    %jmp T_149.3;
T_149.2 ;
    %pushi/vec4 0, 0, 16;
    %assign/vec4 v0x55f3192c6b90_0, 0;
    %pushi/vec4 0, 0, 16;
    %assign/vec4 v0x55f3192c6f00_0, 0;
    %pushi/vec4 0, 0, 16;
    %assign/vec4 v0x55f3192c7270_0, 0;
T_149.3 ;
T_149.1 ;
    %jmp T_149;
    .thread T_149;
    .scope S_0x55f3192c7780;
T_150 ;
Ewait_71 .event/or E_0x55f3192c7d80, E_0x0;
    %wait Ewait_71;
    %load/vec4 v0x55f3192c8120_0;
    %ix/load 4, 15, 0;
    %flag_set/imm 4, 0;
    %shiftr/s 4;
    %store/vec4 v0x55f3192c8390_0, 0, 16;
    %load/vec4 v0x55f3192c8470_0;
    %ix/load 4, 15, 0;
    %flag_set/imm 4, 0;
    %shiftr/s 4;
    %store/vec4 v0x55f3192c8700_0, 0, 16;
    %load/vec4 v0x55f3192c87e0_0;
    %pad/s 32;
    %cmpi/s 0, 0, 32;
    %flag_inv 5; GE is !LT
    %jmp/0xz  T_150.0, 5;
    %load/vec4 v0x55f3192c8120_0;
    %load/vec4 v0x55f3192c8700_0;
    %sub;
    %store/vec4 v0x55f3192c8210_0, 0, 16;
    %load/vec4 v0x55f3192c8470_0;
    %load/vec4 v0x55f3192c8390_0;
    %add;
    %store/vec4 v0x55f3192c8560_0, 0, 16;
    %load/vec4 v0x55f3192c87e0_0;
    %subi 0, 0, 16;
    %store/vec4 v0x55f3192c88d0_0, 0, 16;
    %jmp T_150.1;
T_150.0 ;
    %load/vec4 v0x55f3192c8120_0;
    %load/vec4 v0x55f3192c8700_0;
    %add;
    %store/vec4 v0x55f3192c8210_0, 0, 16;
    %load/vec4 v0x55f3192c8470_0;
    %load/vec4 v0x55f3192c8390_0;
    %sub;
    %store/vec4 v0x55f3192c8560_0, 0, 16;
    %load/vec4 v0x55f3192c87e0_0;
    %addi 0, 0, 16;
    %store/vec4 v0x55f3192c88d0_0, 0, 16;
T_150.1 ;
    %jmp T_150;
    .thread T_150, $push;
    .scope S_0x55f3192c7780;
T_151 ;
    %wait E_0x55f318f9b9a0;
    %load/vec4 v0x55f3192c7ec0_0;
    %nor/r;
    %flag_set/vec4 8;
    %jmp/0xz  T_151.0, 8;
    %pushi/vec4 0, 0, 1;
    %assign/vec4 v0x55f3192c8080_0, 0;
    %pushi/vec4 0, 0, 16;
    %assign/vec4 v0x55f3192c82b0_0, 0;
    %pushi/vec4 0, 0, 16;
    %assign/vec4 v0x55f3192c8620_0, 0;
    %pushi/vec4 0, 0, 16;
    %assign/vec4 v0x55f3192c8990_0, 0;
    %jmp T_151.1;
T_151.0 ;
    %load/vec4 v0x55f3192c7f80_0;
    %assign/vec4 v0x55f3192c8080_0, 0;
    %load/vec4 v0x55f3192c7f80_0;
    %flag_set/vec4 8;
    %jmp/0xz  T_151.2, 8;
    %load/vec4 v0x55f3192c8210_0;
    %assign/vec4 v0x55f3192c82b0_0, 0;
    %load/vec4 v0x55f3192c8560_0;
    %assign/vec4 v0x55f3192c8620_0, 0;
    %load/vec4 v0x55f3192c88d0_0;
    %assign/vec4 v0x55f3192c8990_0, 0;
    %jmp T_151.3;
T_151.2 ;
    %pushi/vec4 0, 0, 16;
    %assign/vec4 v0x55f3192c82b0_0, 0;
    %pushi/vec4 0, 0, 16;
    %assign/vec4 v0x55f3192c8620_0, 0;
    %pushi/vec4 0, 0, 16;
    %assign/vec4 v0x55f3192c8990_0, 0;
T_151.3 ;
T_151.1 ;
    %jmp T_151;
    .thread T_151;
    .scope S_0x55f319155350;
T_152 ;
Ewait_72 .event/or E_0x55f318f9d1b0, E_0x0;
    %wait Ewait_72;
    %fork t_1, S_0x55f319151450;
    %jmp t_0;
    .scope S_0x55f319151450;
t_1 ;
    %pushi/vec4 0, 0, 32;
    %store/vec4 v0x55f31912cd30_0, 0, 32;
T_152.0 ; Top of for-loop
    %load/vec4 v0x55f31912cd30_0;
    %cmpi/s 4, 0, 32;
	  %jmp/0xz T_152.1, 5;
    %load/vec4 v0x55f3192ce640_0;
    %load/vec4 v0x55f31912cd30_0;
    %pad/s 2;
    %concat/vec4; draw_concat_vec4
    %ix/getv/s 4, v0x55f31912cd30_0;
    %store/vec4a v0x55f3192ce3a0, 4, 0;
    %ix/getv/s 5, v0x55f31912cd30_0;
    %load/vec4a v0x55f3192ce3a0, 5;
    %pad/u 8;
    %ix/vec4 4;
    %load/vec4a v0x55f3192cf190, 4;
    %ix/getv/s 4, v0x55f31912cd30_0;
    %store/vec4a v0x55f3192cfc60, 4, 0;
    %ix/getv/s 5, v0x55f31912cd30_0;
    %load/vec4a v0x55f3192ce3a0, 5;
    %pad/u 8;
    %ix/vec4 4;
    %load/vec4a v0x55f3192cfda0, 4;
    %ix/getv/s 4, v0x55f31912cd30_0;
    %store/vec4a v0x55f3192d0870, 4, 0;
    %ix/getv/s 5, v0x55f31912cd30_0;
    %load/vec4a v0x55f3192ce3a0, 5;
    %pad/u 8;
    %ix/vec4 4;
    %load/vec4a v0x55f3192cc9e0, 4;
    %ix/getv/s 4, v0x55f31912cd30_0;
    %store/vec4a v0x55f3192cd2a0, 4, 0;
    %ix/getv/s 5, v0x55f31912cd30_0;
    %load/vec4a v0x55f3192ce3a0, 5;
    %pad/u 8;
    %ix/vec4 4;
    %load/vec4a v0x55f3192d0af0, 4;
    %ix/getv/s 4, v0x55f31912cd30_0;
    %store/vec4a v0x55f3192d15c0, 4, 0;
T_152.2 ; for-loop step statement
    ; show_stmt_assign_vector: Get l-value for compressed += operand
    %load/vec4 v0x55f31912cd30_0;
    %pushi/vec4 1, 0, 32;
    %add;
    %cast2;
    %store/vec4 v0x55f31912cd30_0, 0, 32;
    %jmp T_152.0;
T_152.1 ; for-loop exit label
    %end;
    .scope S_0x55f319155350;
t_0 %join;
    %jmp T_152;
    .thread T_152, $push;
    .scope S_0x55f319155350;
T_153 ;
Ewait_73 .event/or E_0x55f318f9a6d0, E_0x0;
    %wait Ewait_73;
    %fork t_3, S_0x55f31914d550;
    %jmp t_2;
    .scope S_0x55f31914d550;
t_3 ;
    %pushi/vec4 0, 0, 32;
    %store/vec4 v0x55f319128d90_0, 0, 32;
T_153.0 ; Top of for-loop
    %load/vec4 v0x55f319128d90_0;
    %cmpi/s 4, 0, 32;
	  %jmp/0xz T_153.1, 5;
    %load/vec4 v0x55f3192cd8c0_0;
    %pad/s 32;
    %ix/getv/s 4, v0x55f319128d90_0;
    %load/vec4a v0x55f3192cfc60, 4;
    %pad/s 32;
    %mul;
    %ix/getv/s 4, v0x55f319128d90_0;
    %store/vec4a v0x55f3192cdea0, 4, 0;
    %load/vec4 v0x55f3192cda80_0;
    %pad/s 32;
    %ix/getv/s 4, v0x55f319128d90_0;
    %load/vec4a v0x55f3192d0870, 4;
    %pad/s 32;
    %mul;
    %ix/getv/s 4, v0x55f319128d90_0;
    %store/vec4a v0x55f3192cdfe0, 4, 0;
    %ix/getv/s 4, v0x55f319128d90_0;
    %load/vec4a v0x55f3192cd2a0, 4;
    %pad/s 34;
    %ix/getv/s 4, v0x55f319128d90_0;
    %load/vec4a v0x55f3192cdea0, 4;
    %pad/s 34;
    %addi 2048, 0, 34;
    %ix/load 4, 12, 0;
    %flag_set/imm 4, 0;
    %shiftr/s 4;
    %add;
    %ix/getv/s 4, v0x55f319128d90_0;
    %load/vec4a v0x55f3192cdfe0, 4;
    %pad/s 34;
    %addi 2048, 0, 34;
    %ix/load 4, 12, 0;
    %flag_set/imm 4, 0;
    %shiftr/s 4;
    %add;
    %ix/getv/s 4, v0x55f319128d90_0;
    %store/vec4a v0x55f3192cdde0, 4, 0;
T_153.2 ; for-loop step statement
    ; show_stmt_assign_vector: Get l-value for compressed += operand
    %load/vec4 v0x55f319128d90_0;
    %pushi/vec4 1, 0, 32;
    %add;
    %cast2;
    %store/vec4 v0x55f319128d90_0, 0, 32;
    %jmp T_153.0;
T_153.1 ; for-loop exit label
    %end;
    .scope S_0x55f319155350;
t_2 %join;
    %jmp T_153;
    .thread T_153, $push;
    .scope S_0x55f319155350;
T_154 ;
    %wait E_0x55f318f9b9a0;
    %load/vec4 v0x55f3192ce9a0_0;
    %nor/r;
    %flag_set/vec4 8;
    %jmp/0xz  T_154.0, 8;
    %fork t_5, S_0x55f319149650;
    %jmp t_4;
    .scope S_0x55f319149650;
t_5 ;
    %pushi/vec4 0, 0, 32;
    %store/vec4 v0x55f319128e30_0, 0, 32;
T_154.2 ; Top of for-loop
    %load/vec4 v0x55f319128e30_0;
    %cmpi/s 4, 0, 32;
	  %jmp/0xz T_154.3, 5;
    %pushi/vec4 0, 0, 16;
    %ix/getv/s 3, v0x55f319128e30_0;
    %ix/load 4, 0, 0; Constant delay
    %assign/vec4/a/d v0x55f3192cecc0, 0, 4;
T_154.4 ; for-loop step statement
    ; show_stmt_assign_vector: Get l-value for compressed += operand
    %load/vec4 v0x55f319128e30_0;
    %pushi/vec4 1, 0, 32;
    %add;
    %cast2;
    %store/vec4 v0x55f319128e30_0, 0, 32;
    %jmp T_154.2;
T_154.3 ; for-loop exit label
    %end;
    .scope S_0x55f319155350;
t_4 %join;
    %jmp T_154.1;
T_154.0 ;
    %load/vec4 v0x55f3192cebe0_0;
    %cmpi/e 1, 0, 2;
    %jmp/0xz  T_154.5, 4;
    %fork t_7, S_0x55f319145750;
    %jmp t_6;
    .scope S_0x55f319145750;
t_7 ;
    %pushi/vec4 0, 0, 32;
    %store/vec4 v0x55f319124e90_0, 0, 32;
T_154.7 ; Top of for-loop
    %load/vec4 v0x55f319124e90_0;
    %cmpi/s 4, 0, 32;
	  %jmp/0xz T_154.8, 5;
    %ix/getv/s 4, v0x55f319124e90_0;
    %load/vec4a v0x55f3192cdde0, 4;
    %cmpi/s 32767, 0, 34;
    %flag_or 5, 4; GT is !LE
    %flag_inv 5;
    %jmp/0xz  T_154.10, 5;
    %pushi/vec4 32767, 0, 16;
    %ix/getv/s 3, v0x55f319124e90_0;
    %ix/load 4, 0, 0; Constant delay
    %assign/vec4/a/d v0x55f3192cecc0, 0, 4;
    %jmp T_154.11;
T_154.10 ;
    %ix/getv/s 4, v0x55f319124e90_0;
    %load/vec4a v0x55f3192cdde0, 4;
    %pushi/vec4 4294959104, 0, 32;
    %concati/vec4 0, 0, 2;
    %cmp/s;
    %jmp/0xz  T_154.12, 5;
    %pushi/vec4 32768, 0, 16;
    %ix/getv/s 3, v0x55f319124e90_0;
    %ix/load 4, 0, 0; Constant delay
    %assign/vec4/a/d v0x55f3192cecc0, 0, 4;
    %jmp T_154.13;
T_154.12 ;
    %ix/getv/s 4, v0x55f319124e90_0;
    %load/vec4a v0x55f3192cdde0, 4;
    %parti/s 16, 0, 2;
    %ix/getv/s 3, v0x55f319124e90_0;
    %ix/load 4, 0, 0; Constant delay
    %assign/vec4/a/d v0x55f3192cecc0, 0, 4;
T_154.13 ;
T_154.11 ;
T_154.9 ; for-loop step statement
    ; show_stmt_assign_vector: Get l-value for compressed += operand
    %load/vec4 v0x55f319124e90_0;
    %pushi/vec4 1, 0, 32;
    %add;
    %cast2;
    %store/vec4 v0x55f319124e90_0, 0, 32;
    %jmp T_154.7;
T_154.8 ; for-loop exit label
    %end;
    .scope S_0x55f319155350;
t_6 %join;
T_154.5 ;
T_154.1 ;
    %jmp T_154;
    .thread T_154;
    .scope S_0x55f319155350;
T_155 ;
    %wait E_0x55f318f9b9a0;
    %load/vec4 v0x55f3192ce9a0_0;
    %nor/r;
    %flag_set/vec4 8;
    %jmp/0xz  T_155.0, 8;
    %fork t_9, S_0x55f319141850;
    %jmp t_8;
    .scope S_0x55f319141850;
t_9 ;
    %pushi/vec4 0, 0, 32;
    %store/vec4 v0x55f319120f90_0, 0, 32;
T_155.2 ; Top of for-loop
    %load/vec4 v0x55f319120f90_0;
    %cmpi/s 16, 0, 32;
	  %jmp/0xz T_155.3, 5;
    %fork t_11, S_0x55f31913d950;
    %jmp t_10;
    .scope S_0x55f31913d950;
t_11 ;
    %pushi/vec4 0, 0, 32;
    %store/vec4 v0x55f319124f30_0, 0, 32;
T_155.5 ; Top of for-loop
    %load/vec4 v0x55f319124f30_0;
    %cmpi/s 4, 0, 32;
	  %jmp/0xz T_155.6, 5;
    %pushi/vec4 0, 0, 16;
    %load/vec4 v0x55f319120f90_0;
    %pad/s 35;
    %pad/s 37;
    %muli 4, 0, 37;
    %pad/s 38;
    %load/vec4 v0x55f319124f30_0;
    %pad/s 38;
    %add;
    %ix/vec4/s 3;
    %ix/load 4, 0, 0; Constant delay
    %assign/vec4/a/d v0x55f3192d1680, 0, 4;
T_155.7 ; for-loop step statement
    ; show_stmt_assign_vector: Get l-value for compressed += operand
    %load/vec4 v0x55f319124f30_0;
    %pushi/vec4 1, 0, 32;
    %add;
    %cast2;
    %store/vec4 v0x55f319124f30_0, 0, 32;
    %jmp T_155.5;
T_155.6 ; for-loop exit label
    %end;
    .scope S_0x55f319141850;
t_10 %join;
T_155.4 ; for-loop step statement
    ; show_stmt_assign_vector: Get l-value for compressed += operand
    %load/vec4 v0x55f319120f90_0;
    %pushi/vec4 1, 0, 32;
    %add;
    %cast2;
    %store/vec4 v0x55f319120f90_0, 0, 32;
    %jmp T_155.2;
T_155.3 ; for-loop exit label
    %end;
    .scope S_0x55f319155350;
t_8 %join;
    %jmp T_155.1;
T_155.0 ;
    %load/vec4 v0x55f3192cebe0_0;
    %cmpi/e 1, 0, 2;
    %jmp/0xz  T_155.8, 4;
    %fork t_13, S_0x55f319139860;
    %jmp t_12;
    .scope S_0x55f319139860;
t_13 ;
    %pushi/vec4 0, 0, 32;
    %store/vec4 v0x55f319121030_0, 0, 32;
T_155.10 ; Top of for-loop
    %load/vec4 v0x55f319121030_0;
    %cmpi/s 4, 0, 32;
	  %jmp/0xz T_155.11, 5;
    %ix/getv/s 4, v0x55f319121030_0;
    %load/vec4a v0x55f3192d15c0, 4;
    %load/vec4 v0x55f3192ce640_0;
    %pad/u 9;
    %pad/u 11;
    %muli 4, 0, 11;
    %pad/u 12;
    %load/vec4 v0x55f319121030_0;
    %pad/s 12;
    %add;
    %ix/vec4 3;
    %ix/load 4, 0, 0; Constant delay
    %assign/vec4/a/d v0x55f3192d1680, 0, 4;
T_155.12 ; for-loop step statement
    ; show_stmt_assign_vector: Get l-value for compressed += operand
    %load/vec4 v0x55f319121030_0;
    %pushi/vec4 1, 0, 32;
    %add;
    %cast2;
    %store/vec4 v0x55f319121030_0, 0, 32;
    %jmp T_155.10;
T_155.11 ; for-loop exit label
    %end;
    .scope S_0x55f319155350;
t_12 %join;
T_155.8 ;
T_155.1 ;
    %jmp T_155;
    .thread T_155;
    .scope S_0x55f319155350;
T_156 ;
Ewait_74 .event/or E_0x55f318f9c4c0, E_0x0;
    %wait Ewait_74;
    %load/vec4 v0x55f3192ce720_0;
    %pad/u 32;
    %cmpi/u 16, 0, 32;
    %jmp/0xz  T_156.0, 5;
    %fork t_15, S_0x55f319135960;
    %jmp t_14;
    .scope S_0x55f319135960;
t_15 ;
    %pushi/vec4 0, 0, 32;
    %store/vec4 v0x55f31911c690_0, 0, 32;
T_156.2 ; Top of for-loop
    %load/vec4 v0x55f31911c690_0;
    %cmpi/s 4, 0, 32;
	  %jmp/0xz T_156.3, 5;
    %load/vec4 v0x55f3192ce720_0;
    %parti/s 4, 0, 2;
    %pad/u 9;
    %pad/u 11;
    %muli 4, 0, 11;
    %pad/u 12;
    %load/vec4 v0x55f31911c690_0;
    %pad/s 12;
    %add;
    %ix/vec4 4;
    %load/vec4a v0x55f3192d1680, 4;
    %ix/getv/s 4, v0x55f31911c690_0;
    %store/vec4a v0x55f3192d09b0, 4, 0;
T_156.4 ; for-loop step statement
    ; show_stmt_assign_vector: Get l-value for compressed += operand
    %load/vec4 v0x55f31911c690_0;
    %pushi/vec4 1, 0, 32;
    %add;
    %cast2;
    %store/vec4 v0x55f31911c690_0, 0, 32;
    %jmp T_156.2;
T_156.3 ; for-loop exit label
    %end;
    .scope S_0x55f319155350;
t_14 %join;
    %jmp T_156.1;
T_156.0 ;
    %fork t_17, S_0x55f319131a60;
    %jmp t_16;
    .scope S_0x55f319131a60;
t_17 ;
    %pushi/vec4 0, 0, 32;
    %store/vec4 v0x55f31911c730_0, 0, 32;
T_156.5 ; Top of for-loop
    %load/vec4 v0x55f31911c730_0;
    %cmpi/s 4, 0, 32;
	  %jmp/0xz T_156.6, 5;
    %pushi/vec4 0, 0, 16;
    %ix/getv/s 4, v0x55f31911c730_0;
    %store/vec4a v0x55f3192d09b0, 4, 0;
T_156.7 ; for-loop step statement
    ; show_stmt_assign_vector: Get l-value for compressed += operand
    %load/vec4 v0x55f31911c730_0;
    %pushi/vec4 1, 0, 32;
    %add;
    %cast2;
    %store/vec4 v0x55f31911c730_0, 0, 32;
    %jmp T_156.5;
T_156.6 ; for-loop exit label
    %end;
    .scope S_0x55f319155350;
t_16 %join;
T_156.1 ;
    %jmp T_156;
    .thread T_156, $push;
    .scope S_0x55f319155350;
T_157 ;
Ewait_75 .event/or E_0x55f318f9b450, E_0x0;
    %wait Ewait_75;
    %fork t_19, S_0x55f31912db60;
    %jmp t_18;
    .scope S_0x55f31912db60;
t_19 ;
    %pushi/vec4 0, 0, 32;
    %store/vec4 v0x55f319119ad0_0, 0, 32;
T_157.0 ; Top of for-loop
    %load/vec4 v0x55f319119ad0_0;
    %cmpi/s 4, 0, 32;
	  %jmp/0xz T_157.1, 5;
    %ix/getv/s 4, v0x55f319119ad0_0;
    %load/vec4a v0x55f3192ce4e0, 4;
    %pad/s 32;
    %ix/getv/s 4, v0x55f319119ad0_0;
    %load/vec4a v0x55f3192d09b0, 4;
    %pad/s 32;
    %mul;
    %ix/getv/s 4, v0x55f319119ad0_0;
    %store/vec4a v0x55f3192ce260, 4, 0;
    %ix/getv/s 4, v0x55f319119ad0_0;
    %load/vec4a v0x55f3192ce260, 4;
    %addi 2048, 0, 32;
    %ix/load 4, 12, 0;
    %flag_set/imm 4, 0;
    %shiftr/s 4;
    %pad/s 16;
    %ix/getv/s 4, v0x55f319119ad0_0;
    %store/vec4a v0x55f3192ce120, 4, 0;
T_157.2 ; for-loop step statement
    ; show_stmt_assign_vector: Get l-value for compressed += operand
    %load/vec4 v0x55f319119ad0_0;
    %pushi/vec4 1, 0, 32;
    %add;
    %cast2;
    %store/vec4 v0x55f319119ad0_0, 0, 32;
    %jmp T_157.0;
T_157.1 ; for-loop exit label
    %end;
    .scope S_0x55f319155350;
t_18 %join;
    %ix/load 4, 0, 0;
    %flag_set/imm 4, 0;
    %load/vec4a v0x55f3192ce120, 4;
    %pad/s 18;
    %ix/load 4, 1, 0;
    %flag_set/imm 4, 0;
    %load/vec4a v0x55f3192ce120, 4;
    %pad/s 18;
    %add;
    %store/vec4 v0x55f3192cefd0_0, 0, 18;
    %ix/load 4, 2, 0;
    %flag_set/imm 4, 0;
    %load/vec4a v0x55f3192ce120, 4;
    %pad/s 18;
    %ix/load 4, 3, 0;
    %flag_set/imm 4, 0;
    %load/vec4a v0x55f3192ce120, 4;
    %pad/s 18;
    %add;
    %store/vec4 v0x55f3192cf0b0_0, 0, 18;
    %load/vec4 v0x55f3192cefd0_0;
    %pad/s 19;
    %load/vec4 v0x55f3192cf0b0_0;
    %pad/s 19;
    %add;
    %store/vec4 v0x55f3192cd510_0, 0, 19;
    %jmp T_157;
    .thread T_157, $push;
    .scope S_0x55f319155350;
T_158 ;
    %wait E_0x55f318f9b9a0;
    %load/vec4 v0x55f3192ce9a0_0;
    %nor/r;
    %flag_set/vec4 8;
    %jmp/0xz  T_158.0, 8;
    %pushi/vec4 0, 0, 2;
    %assign/vec4 v0x55f3192cebe0_0, 0;
    %pushi/vec4 0, 0, 16;
    %assign/vec4 v0x55f3192cd8c0_0, 0;
    %pushi/vec4 0, 0, 16;
    %assign/vec4 v0x55f3192cda80_0, 0;
    %pushi/vec4 0, 0, 4;
    %assign/vec4 v0x55f3192ce640_0, 0;
    %pushi/vec4 0, 0, 5;
    %assign/vec4 v0x55f3192cdc20_0, 0;
    %jmp T_158.1;
T_158.0 ;
    %load/vec4 v0x55f3192ceb00_0;
    %assign/vec4 v0x55f3192cebe0_0, 0;
    %load/vec4 v0x55f3192cebe0_0;
    %dup/vec4;
    %pushi/vec4 0, 0, 2;
    %cmp/u;
    %jmp/1 T_158.2, 6;
    %dup/vec4;
    %pushi/vec4 1, 0, 2;
    %cmp/u;
    %jmp/1 T_158.3, 6;
    %jmp T_158.5;
T_158.2 ;
    %pushi/vec4 0, 0, 5;
    %assign/vec4 v0x55f3192cdc20_0, 0;
    %pushi/vec4 0, 0, 4;
    %assign/vec4 v0x55f3192ce640_0, 0;
    %load/vec4 v0x55f3192cea40_0;
    %flag_set/vec4 8;
    %jmp/0xz  T_158.6, 8;
    %load/vec4 v0x55f3192cd7e0_0;
    %assign/vec4 v0x55f3192cd8c0_0, 0;
    %load/vec4 v0x55f3192cd9a0_0;
    %assign/vec4 v0x55f3192cda80_0, 0;
T_158.6 ;
    %jmp T_158.5;
T_158.3 ;
    %load/vec4 v0x55f3192cdc20_0;
    %addi 1, 0, 5;
    %assign/vec4 v0x55f3192cdc20_0, 0;
    %load/vec4 v0x55f3192ce640_0;
    %pad/u 32;
    %cmpi/u 15, 0, 32;
    %jmp/0xz  T_158.8, 5;
    %load/vec4 v0x55f3192ce640_0;
    %addi 1, 0, 4;
    %assign/vec4 v0x55f3192ce640_0, 0;
T_158.8 ;
    %jmp T_158.5;
T_158.5 ;
    %pop/vec4 1;
T_158.1 ;
    %jmp T_158;
    .thread T_158;
    .scope S_0x55f319155350;
T_159 ;
Ewait_76 .event/or E_0x55f318f9cd60, E_0x0;
    %wait Ewait_76;
    %load/vec4 v0x55f3192cebe0_0;
    %store/vec4 v0x55f3192ceb00_0, 0, 2;
    %load/vec4 v0x55f3192cebe0_0;
    %dup/vec4;
    %pushi/vec4 0, 0, 2;
    %cmp/u;
    %jmp/1 T_159.0, 6;
    %dup/vec4;
    %pushi/vec4 1, 0, 2;
    %cmp/u;
    %jmp/1 T_159.1, 6;
    %dup/vec4;
    %pushi/vec4 2, 0, 2;
    %cmp/u;
    %jmp/1 T_159.2, 6;
    %dup/vec4;
    %pushi/vec4 3, 0, 2;
    %cmp/u;
    %jmp/1 T_159.3, 6;
    %pushi/vec4 0, 0, 2;
    %store/vec4 v0x55f3192ceb00_0, 0, 2;
    %jmp T_159.5;
T_159.0 ;
    %load/vec4 v0x55f3192cea40_0;
    %flag_set/vec4 8;
    %jmp/0xz  T_159.6, 8;
    %pushi/vec4 1, 0, 2;
    %store/vec4 v0x55f3192ceb00_0, 0, 2;
T_159.6 ;
    %jmp T_159.5;
T_159.1 ;
    %load/vec4 v0x55f3192cdc20_0;
    %pad/u 32;
    %cmpi/e 16, 0, 32;
    %jmp/0xz  T_159.8, 4;
    %pushi/vec4 2, 0, 2;
    %store/vec4 v0x55f3192ceb00_0, 0, 2;
T_159.8 ;
    %jmp T_159.5;
T_159.2 ;
    %load/vec4 v0x55f3192ce720_0;
    %pad/u 32;
    %cmpi/e 16, 0, 32;
    %jmp/0xz  T_159.10, 4;
    %pushi/vec4 3, 0, 2;
    %store/vec4 v0x55f3192ceb00_0, 0, 2;
T_159.10 ;
    %jmp T_159.5;
T_159.3 ;
    %pushi/vec4 0, 0, 2;
    %store/vec4 v0x55f3192ceb00_0, 0, 2;
    %jmp T_159.5;
T_159.5 ;
    %pop/vec4 1;
    %jmp T_159;
    .thread T_159, $push;
    .scope S_0x55f319155350;
T_160 ;
    %wait E_0x55f318f9b9a0;
    %load/vec4 v0x55f3192ce9a0_0;
    %nor/r;
    %flag_set/vec4 8;
    %jmp/0xz  T_160.0, 8;
    %pushi/vec4 0, 0, 1;
    %assign/vec4 v0x55f3192cee70_0, 0;
    %jmp T_160.1;
T_160.0 ;
    %load/vec4 v0x55f3192cebe0_0;
    %pushi/vec4 1, 0, 2;
    %cmp/e;
    %flag_get/vec4 4;
    %assign/vec4 v0x55f3192cee70_0, 0;
T_160.1 ;
    %jmp T_160;
    .thread T_160;
    .scope S_0x55f319155350;
T_161 ;
    %wait E_0x55f318f9b9a0;
    %load/vec4 v0x55f3192ce9a0_0;
    %nor/r;
    %flag_set/vec4 8;
    %jmp/0xz  T_161.0, 8;
    %pushi/vec4 0, 0, 1;
    %assign/vec4 v0x55f3192cdb60_0, 0;
    %pushi/vec4 0, 0, 5;
    %assign/vec4 v0x55f3192ce720_0, 0;
    %pushi/vec4 0, 0, 40;
    %assign/vec4 v0x55f3192cc920_0, 0;
    %jmp T_161.1;
T_161.0 ;
    %load/vec4 v0x55f3192cebe0_0;
    %cmpi/e 0, 0, 2;
    %jmp/0xz  T_161.2, 4;
    %pushi/vec4 0, 0, 1;
    %assign/vec4 v0x55f3192cdb60_0, 0;
    %pushi/vec4 0, 0, 5;
    %assign/vec4 v0x55f3192ce720_0, 0;
    %pushi/vec4 0, 0, 40;
    %assign/vec4 v0x55f3192cc920_0, 0;
    %jmp T_161.3;
T_161.2 ;
    %load/vec4 v0x55f3192cebe0_0;
    %cmpi/e 2, 0, 2;
    %jmp/0xz  T_161.4, 4;
    %load/vec4 v0x55f3192cdb60_0;
    %nor/r;
    %flag_set/vec4 8;
    %jmp/0xz  T_161.6, 8;
    %load/vec4 v0x55f3192cef10_0;
    %flag_set/vec4 9;
    %flag_get/vec4 9;
    %jmp/0 T_161.10, 9;
    %ix/load 4, 0, 0;
    %flag_set/imm 4, 0;
    %load/vec4a v0x55f3192ce4e0, 4;
    %pushi/vec4 1, 0, 16;
    %cmp/ne;
    %flag_get/vec4 4;
    %and;
T_161.10;
    %flag_set/vec4 8;
    %jmp/0xz  T_161.8, 8;
    %pushi/vec4 1, 0, 1;
    %assign/vec4 v0x55f3192cdb60_0, 0;
    %pushi/vec4 1, 0, 5;
    %assign/vec4 v0x55f3192ce720_0, 0;
    %load/vec4 v0x55f3192cd510_0;
    %pad/s 40;
    %assign/vec4 v0x55f3192cc920_0, 0;
T_161.8 ;
    %jmp T_161.7;
T_161.6 ;
    %load/vec4 v0x55f3192ce720_0;
    %pad/u 32;
    %cmpi/u 16, 0, 32;
    %jmp/0xz  T_161.11, 5;
    %load/vec4 v0x55f3192ce720_0;
    %addi 1, 0, 5;
    %assign/vec4 v0x55f3192ce720_0, 0;
    %load/vec4 v0x55f3192cc920_0;
    %load/vec4 v0x55f3192cd510_0;
    %pad/s 40;
    %add;
    %assign/vec4 v0x55f3192cc920_0, 0;
T_161.11 ;
T_161.7 ;
T_161.4 ;
T_161.3 ;
T_161.1 ;
    %jmp T_161;
    .thread T_161;
    .scope S_0x55f319155350;
T_162 ;
Ewait_77 .event/or E_0x55f318f9a180, E_0x0;
    %wait Ewait_77;
    %load/vec4 v0x55f3192cc920_0;
    %load/vec4 v0x55f3192cd430_0;
    %pad/s 40;
    %add;
    %store/vec4 v0x55f3192cdd00_0, 0, 40;
    %load/vec4 v0x55f3192cdd00_0;
    %cmpi/s 32767, 0, 40;
    %flag_or 5, 4; GT is !LE
    %flag_inv 5;
    %jmp/0xz  T_162.0, 5;
    %pushi/vec4 32767, 0, 16;
    %store/vec4 v0x55f3192ce800_0, 0, 16;
    %jmp T_162.1;
T_162.0 ;
    %load/vec4 v0x55f3192cdd00_0;
    %pushi/vec4 4294967168, 0, 32;
    %concati/vec4 0, 0, 8;
    %cmp/s;
    %jmp/0xz  T_162.2, 5;
    %pushi/vec4 32768, 0, 16;
    %store/vec4 v0x55f3192ce800_0, 0, 16;
    %jmp T_162.3;
T_162.2 ;
    %load/vec4 v0x55f3192cdd00_0;
    %pad/s 16;
    %store/vec4 v0x55f3192ce800_0, 0, 16;
T_162.3 ;
T_162.1 ;
    %jmp T_162;
    .thread T_162, $push;
    .scope S_0x55f3192d22f0;
T_163 ;
Ewait_78 .event/or E_0x55f3192d2680, E_0x0;
    %wait Ewait_78;
    %pushi/vec4 0, 0, 1;
    %store/vec4 v0x55f3192d5880_0, 0, 1;
    %load/vec4 v0x55f3192d5940_0;
    %store/vec4 v0x55f3192d4ae0_0, 0, 2;
    %load/vec4 v0x55f3192d5940_0;
    %cmpi/e 0, 0, 2;
    %jmp/1 T_163.2, 4;
    %flag_mov 8, 4;
    %load/vec4 v0x55f3192d5940_0;
    %cmpi/e 1, 0, 2;
    %flag_or 4, 8;
T_163.2;
    %jmp/0xz  T_163.0, 4;
    %load/vec4 v0x55f3192d5e80_0;
    %store/vec4 v0x55f3192d5880_0, 0, 1;
    %jmp T_163.1;
T_163.0 ;
    %load/vec4 v0x55f3192d5940_0;
    %cmpi/e 2, 0, 2;
    %jmp/0xz  T_163.3, 4;
    %load/vec4 v0x55f3192d4150_0;
    %pushi/vec4 27, 0, 5;
    %cmp/e;
    %flag_get/vec4 4;
    %store/vec4 v0x55f3192d5880_0, 0, 1;
    %jmp T_163.4;
T_163.3 ;
    %pushi/vec4 0, 0, 1;
    %store/vec4 v0x55f3192d5880_0, 0, 1;
T_163.4 ;
T_163.1 ;
    %load/vec4 v0x55f3192d5940_0;
    %dup/vec4;
    %pushi/vec4 0, 0, 2;
    %cmp/u;
    %jmp/1 T_163.5, 6;
    %dup/vec4;
    %pushi/vec4 1, 0, 2;
    %cmp/u;
    %jmp/1 T_163.6, 6;
    %dup/vec4;
    %pushi/vec4 2, 0, 2;
    %cmp/u;
    %jmp/1 T_163.7, 6;
    %dup/vec4;
    %pushi/vec4 3, 0, 2;
    %cmp/u;
    %jmp/1 T_163.8, 6;
    %pushi/vec4 0, 0, 2;
    %store/vec4 v0x55f3192d4ae0_0, 0, 2;
    %jmp T_163.10;
T_163.5 ;
    %load/vec4 v0x55f3192d5e80_0;
    %flag_set/vec4 8;
    %jmp/0xz  T_163.11, 8;
    %pushi/vec4 1, 0, 2;
    %store/vec4 v0x55f3192d4ae0_0, 0, 2;
T_163.11 ;
    %jmp T_163.10;
T_163.6 ;
    %load/vec4 v0x55f3192d5880_0;
    %flag_set/vec4 9;
    %flag_get/vec4 9;
    %jmp/0 T_163.15, 9;
    %load/vec4 v0x55f3192d4500_0;
    %pushi/vec4 1023, 0, 11;
    %cmp/e;
    %flag_get/vec4 4;
    %and;
T_163.15;
    %flag_set/vec4 8;
    %jmp/0xz  T_163.13, 8;
    %pushi/vec4 2, 0, 2;
    %store/vec4 v0x55f3192d4ae0_0, 0, 2;
T_163.13 ;
    %jmp T_163.10;
T_163.7 ;
    %load/vec4 v0x55f3192d5880_0;
    %flag_set/vec4 9;
    %flag_get/vec4 9;
    %jmp/0 T_163.18, 9;
    %pushi/vec4 1023, 0, 11;
    %load/vec4 v0x55f3192d4bc0_0;
    %cmp/u;
    %flag_get/vec4 4;
    %flag_get/vec4 5;
    %or;
    %and;
T_163.18;
    %flag_set/vec4 8;
    %jmp/0xz  T_163.16, 8;
    %pushi/vec4 3, 0, 2;
    %store/vec4 v0x55f3192d4ae0_0, 0, 2;
T_163.16 ;
    %jmp T_163.10;
T_163.8 ;
    %pushi/vec4 0, 0, 2;
    %store/vec4 v0x55f3192d4ae0_0, 0, 2;
    %jmp T_163.10;
T_163.10 ;
    %pop/vec4 1;
    %jmp T_163;
    .thread T_163, $push;
    .scope S_0x55f3192d22f0;
T_164 ;
    %wait E_0x55f318f9b9a0;
    %load/vec4 v0x55f3192d5700_0;
    %nor/r;
    %flag_set/vec4 8;
    %jmp/0xz  T_164.0, 8;
    %pushi/vec4 0, 0, 2;
    %assign/vec4 v0x55f3192d5940_0, 0;
    %pushi/vec4 0, 0, 5;
    %assign/vec4 v0x55f3192d4150_0, 0;
    %pushi/vec4 0, 0, 11;
    %assign/vec4 v0x55f3192d4500_0, 0;
    %pushi/vec4 0, 0, 6;
    %assign/vec4 v0x55f3192d4070_0, 0;
    %pushi/vec4 0, 0, 11;
    %assign/vec4 v0x55f3192d4bc0_0, 0;
    %pushi/vec4 0, 0, 5;
    %assign/vec4 v0x55f3192d3630_0, 0;
    %pushi/vec4 0, 0, 5;
    %assign/vec4 v0x55f3192d5620_0, 0;
    %pushi/vec4 0, 0, 5;
    %assign/vec4 v0x55f3192d4880_0, 0;
    %jmp T_164.1;
T_164.0 ;
    %load/vec4 v0x55f3192d4ae0_0;
    %assign/vec4 v0x55f3192d5940_0, 0;
    %load/vec4 v0x55f3192d5940_0;
    %cmpi/e 2, 0, 2;
    %jmp/0xz  T_164.2, 4;
    %load/vec4 v0x55f3192d4150_0;
    %cmpi/e 27, 0, 5;
    %jmp/0xz  T_164.4, 4;
    %pushi/vec4 0, 0, 5;
    %assign/vec4 v0x55f3192d4150_0, 0;
    %jmp T_164.5;
T_164.4 ;
    %load/vec4 v0x55f3192d4150_0;
    %addi 1, 0, 5;
    %assign/vec4 v0x55f3192d4150_0, 0;
T_164.5 ;
    %jmp T_164.3;
T_164.2 ;
    %pushi/vec4 0, 0, 5;
    %assign/vec4 v0x55f3192d4150_0, 0;
T_164.3 ;
    %load/vec4 v0x55f3192d5880_0;
    %flag_set/vec4 8;
    %jmp/0xz  T_164.6, 8;
    %load/vec4 v0x55f3192d5940_0;
    %cmpi/e 1, 0, 2;
    %jmp/1 T_164.10, 4;
    %flag_mov 8, 4;
    %load/vec4 v0x55f3192d5940_0;
    %cmpi/e 0, 0, 2;
    %flag_or 4, 8;
T_164.10;
    %jmp/0xz  T_164.8, 4;
    %load/vec4 v0x55f3192d4500_0;
    %addi 1, 0, 11;
    %assign/vec4 v0x55f3192d4500_0, 0;
T_164.8 ;
    %load/vec4 v0x55f3192d4070_0;
    %cmpi/u 34, 0, 6;
    %jmp/0xz  T_164.11, 5;
    %load/vec4 v0x55f3192d4070_0;
    %addi 1, 0, 6;
    %assign/vec4 v0x55f3192d4070_0, 0;
    %jmp T_164.12;
T_164.11 ;
    %pushi/vec4 34, 0, 6;
    %assign/vec4 v0x55f3192d4070_0, 0;
    %load/vec4 v0x55f3192d4bc0_0;
    %cmpi/u 1024, 0, 11;
    %jmp/0xz  T_164.13, 5;
    %load/vec4 v0x55f3192d4bc0_0;
    %addi 1, 0, 11;
    %assign/vec4 v0x55f3192d4bc0_0, 0;
    %load/vec4 v0x55f3192d3630_0;
    %cmpi/e 31, 0, 5;
    %jmp/0xz  T_164.15, 4;
    %pushi/vec4 0, 0, 5;
    %assign/vec4 v0x55f3192d3630_0, 0;
    %load/vec4 v0x55f3192d5620_0;
    %addi 1, 0, 5;
    %assign/vec4 v0x55f3192d5620_0, 0;
    %jmp T_164.16;
T_164.15 ;
    %load/vec4 v0x55f3192d3630_0;
    %addi 1, 0, 5;
    %assign/vec4 v0x55f3192d3630_0, 0;
T_164.16 ;
T_164.13 ;
T_164.12 ;
    %load/vec4 v0x55f3192d4880_0;
    %addi 1, 0, 5;
    %assign/vec4 v0x55f3192d4880_0, 0;
T_164.6 ;
T_164.1 ;
    %jmp T_164;
    .thread T_164;
    .scope S_0x55f3192d22f0;
T_165 ;
    %wait E_0x55f318f9b9a0;
    %load/vec4 v0x55f3192d5700_0;
    %nor/r;
    %flag_set/vec4 8;
    %jmp/0xz  T_165.0, 8;
    %pushi/vec4 0, 0, 16;
    %assign/vec4 v0x55f3192d4e40_0, 0;
    %pushi/vec4 0, 0, 16;
    %assign/vec4 v0x55f3192d4f20_0, 0;
    %pushi/vec4 0, 0, 16;
    %assign/vec4 v0x55f3192d5000_0, 0;
    %pushi/vec4 0, 0, 16;
    %assign/vec4 v0x55f3192d50e0_0, 0;
    %pushi/vec4 0, 0, 16;
    %assign/vec4 v0x55f3192d51c0_0, 0;
    %pushi/vec4 0, 0, 16;
    %assign/vec4 v0x55f3192d52a0_0, 0;
    %pushi/vec4 0, 0, 16;
    %assign/vec4 v0x55f3192d5380_0, 0;
    %pushi/vec4 0, 0, 16;
    %assign/vec4 v0x55f3192d5460_0, 0;
    %pushi/vec4 0, 0, 16;
    %assign/vec4 v0x55f3192d5540_0, 0;
    %jmp T_165.1;
T_165.0 ;
    %load/vec4 v0x55f3192d5880_0;
    %flag_set/vec4 8;
    %jmp/0xz  T_165.2, 8;
    %load/vec4 v0x55f3192d45e0_0;
    %load/vec4 v0x55f3192d4880_0;
    %pad/u 7;
    %ix/vec4 3;
    %ix/load 4, 0, 0; Constant delay
    %assign/vec4/a/d v0x55f3192d4960, 0, 4;
    %load/vec4 v0x55f3192d46c0_0;
    %load/vec4 v0x55f3192d4880_0;
    %pad/u 7;
    %ix/vec4 3;
    %ix/load 4, 0, 0; Constant delay
    %assign/vec4/a/d v0x55f3192d4a20, 0, 4;
    %load/vec4 v0x55f3192d4f20_0;
    %assign/vec4 v0x55f3192d5000_0, 0;
    %load/vec4 v0x55f3192d4e40_0;
    %assign/vec4 v0x55f3192d4f20_0, 0;
    %load/vec4 v0x55f3192d47a0_0;
    %assign/vec4 v0x55f3192d4e40_0, 0;
    %load/vec4 v0x55f3192d51c0_0;
    %assign/vec4 v0x55f3192d52a0_0, 0;
    %load/vec4 v0x55f3192d50e0_0;
    %assign/vec4 v0x55f3192d51c0_0, 0;
    %load/vec4 v0x55f3192d46c0_0;
    %assign/vec4 v0x55f3192d50e0_0, 0;
    %load/vec4 v0x55f3192d5460_0;
    %assign/vec4 v0x55f3192d5540_0, 0;
    %load/vec4 v0x55f3192d5380_0;
    %assign/vec4 v0x55f3192d5460_0, 0;
    %load/vec4 v0x55f3192d45e0_0;
    %assign/vec4 v0x55f3192d5380_0, 0;
T_165.2 ;
T_165.1 ;
    %jmp T_165;
    .thread T_165;
    .scope S_0x55f3192d22f0;
T_166 ;
Ewait_79 .event/or E_0x55f3192d2640, E_0x0;
    %wait Ewait_79;
    %load/vec4 v0x55f3192d51c0_0;
    %store/vec4 v0x55f3192d5a20_0, 0, 16;
    %load/vec4 v0x55f3192d5620_0;
    %cmpi/e 0, 0, 5;
    %flag_mov 8, 4;
    %jmp/0 T_166.0, 8;
    %load/vec4 v0x55f3192d5a20_0;
    %jmp/1 T_166.1, 8;
T_166.0 ; End of true expr.
    %load/vec4 v0x55f3192d4f20_0;
    %jmp/0 T_166.1, 8;
 ; End of false expr.
    %blend;
T_166.1;
    %store/vec4 v0x55f3192d5be0_0, 0, 16;
    %load/vec4 v0x55f3192d5620_0;
    %cmpi/e 31, 0, 5;
    %flag_mov 8, 4;
    %jmp/0 T_166.2, 8;
    %load/vec4 v0x55f3192d5a20_0;
    %jmp/1 T_166.3, 8;
T_166.2 ; End of true expr.
    %load/vec4 v0x55f3192d5460_0;
    %jmp/0 T_166.3, 8;
 ; End of false expr.
    %blend;
T_166.3;
    %store/vec4 v0x55f3192d5cc0_0, 0, 16;
    %load/vec4 v0x55f3192d3630_0;
    %cmpi/e 0, 0, 5;
    %flag_mov 8, 4;
    %jmp/0 T_166.4, 8;
    %load/vec4 v0x55f3192d5a20_0;
    %jmp/1 T_166.5, 8;
T_166.4 ; End of true expr.
    %load/vec4 v0x55f3192d52a0_0;
    %jmp/0 T_166.5, 8;
 ; End of false expr.
    %blend;
T_166.5;
    %store/vec4 v0x55f3192d5da0_0, 0, 16;
    %load/vec4 v0x55f3192d3630_0;
    %cmpi/e 31, 0, 5;
    %flag_mov 8, 4;
    %jmp/0 T_166.6, 8;
    %load/vec4 v0x55f3192d5a20_0;
    %jmp/1 T_166.7, 8;
T_166.6 ; End of true expr.
    %load/vec4 v0x55f3192d50e0_0;
    %jmp/0 T_166.7, 8;
 ; End of false expr.
    %blend;
T_166.7;
    %store/vec4 v0x55f3192d5b00_0, 0, 16;
    %load/vec4 v0x55f3192d5a20_0;
    %pad/s 21;
    %store/vec4 v0x55f3192d3890_0, 0, 21;
    %load/vec4 v0x55f3192d5be0_0;
    %pad/s 21;
    %store/vec4 v0x55f3192d3a50_0, 0, 21;
    %load/vec4 v0x55f3192d5cc0_0;
    %pad/s 21;
    %store/vec4 v0x55f3192d3cf0_0, 0, 21;
    %load/vec4 v0x55f3192d5da0_0;
    %pad/s 21;
    %store/vec4 v0x55f3192d3f90_0, 0, 21;
    %load/vec4 v0x55f3192d5b00_0;
    %pad/s 21;
    %store/vec4 v0x55f3192d3970_0, 0, 21;
    %load/vec4 v0x55f3192d5620_0;
    %cmpi/e 0, 0, 5;
    %jmp/1 T_166.10, 4;
    %flag_mov 8, 4;
    %load/vec4 v0x55f3192d3630_0;
    %cmpi/e 0, 0, 5;
    %flag_or 4, 8;
T_166.10;
    %flag_mov 8, 4;
    %jmp/0 T_166.8, 8;
    %load/vec4 v0x55f3192d5a20_0;
    %jmp/1 T_166.9, 8;
T_166.8 ; End of true expr.
    %load/vec4 v0x55f3192d5000_0;
    %jmp/0 T_166.9, 8;
 ; End of false expr.
    %blend;
T_166.9;
    %pad/s 21;
    %store/vec4 v0x55f3192d3c10_0, 0, 21;
    %load/vec4 v0x55f3192d5620_0;
    %cmpi/e 0, 0, 5;
    %jmp/1 T_166.13, 4;
    %flag_mov 8, 4;
    %load/vec4 v0x55f3192d3630_0;
    %cmpi/e 31, 0, 5;
    %flag_or 4, 8;
T_166.13;
    %flag_mov 8, 4;
    %jmp/0 T_166.11, 8;
    %load/vec4 v0x55f3192d5a20_0;
    %jmp/1 T_166.12, 8;
T_166.11 ; End of true expr.
    %load/vec4 v0x55f3192d4e40_0;
    %jmp/0 T_166.12, 8;
 ; End of false expr.
    %blend;
T_166.12;
    %pad/s 21;
    %store/vec4 v0x55f3192d3b30_0, 0, 21;
    %load/vec4 v0x55f3192d5620_0;
    %cmpi/e 31, 0, 5;
    %jmp/1 T_166.16, 4;
    %flag_mov 8, 4;
    %load/vec4 v0x55f3192d3630_0;
    %cmpi/e 0, 0, 5;
    %flag_or 4, 8;
T_166.16;
    %flag_mov 8, 4;
    %jmp/0 T_166.14, 8;
    %load/vec4 v0x55f3192d5a20_0;
    %jmp/1 T_166.15, 8;
T_166.14 ; End of true expr.
    %load/vec4 v0x55f3192d5540_0;
    %jmp/0 T_166.15, 8;
 ; End of false expr.
    %blend;
T_166.15;
    %pad/s 21;
    %store/vec4 v0x55f3192d3eb0_0, 0, 21;
    %load/vec4 v0x55f3192d5620_0;
    %cmpi/e 31, 0, 5;
    %jmp/1 T_166.19, 4;
    %flag_mov 8, 4;
    %load/vec4 v0x55f3192d3630_0;
    %cmpi/e 31, 0, 5;
    %flag_or 4, 8;
T_166.19;
    %flag_mov 8, 4;
    %jmp/0 T_166.17, 8;
    %load/vec4 v0x55f3192d5a20_0;
    %jmp/1 T_166.18, 8;
T_166.17 ; End of true expr.
    %load/vec4 v0x55f3192d5380_0;
    %jmp/0 T_166.18, 8;
 ; End of false expr.
    %blend;
T_166.18;
    %pad/s 21;
    %store/vec4 v0x55f3192d3dd0_0, 0, 21;
    %load/vec4 v0x55f3192d3a50_0;
    %load/vec4 v0x55f3192d3cf0_0;
    %add;
    %load/vec4 v0x55f3192d3f90_0;
    %add;
    %load/vec4 v0x55f3192d3970_0;
    %add;
    %store/vec4 v0x55f3192d33d0_0, 0, 21;
    %load/vec4 v0x55f3192d3c10_0;
    %load/vec4 v0x55f3192d3b30_0;
    %add;
    %load/vec4 v0x55f3192d3eb0_0;
    %add;
    %load/vec4 v0x55f3192d3dd0_0;
    %add;
    %store/vec4 v0x55f3192d37d0_0, 0, 21;
    %load/vec4 v0x55f3192d3890_0;
    %ix/load 4, 3, 0;
    %flag_set/imm 4, 0;
    %shiftl 4;
    %load/vec4 v0x55f3192d3890_0;
    %sub;
    %store/vec4 v0x55f3192d34b0_0, 0, 21;
    %load/vec4 v0x55f3192d34b0_0;
    %load/vec4 v0x55f3192d33d0_0;
    %sub;
    %load/vec4 v0x55f3192d37d0_0;
    %ix/load 4, 1, 0;
    %flag_set/imm 4, 0;
    %shiftr/s 4;
    %sub;
    %store/vec4 v0x55f3192d57a0_0, 0, 21;
    %jmp T_166;
    .thread T_166, $push;
    .scope S_0x55f3192d22f0;
T_167 ;
Ewait_80 .event/or E_0x55f3192d25c0, E_0x0;
    %wait Ewait_80;
    %load/vec4 v0x55f3192d57a0_0;
    %cmpi/s 0, 0, 21;
    %jmp/0xz  T_167.0, 5;
    %pushi/vec4 0, 0, 16;
    %store/vec4 v0x55f3192d4ca0_0, 0, 16;
    %jmp T_167.1;
T_167.0 ;
    %load/vec4 v0x55f3192d57a0_0;
    %cmpi/s 4096, 0, 21;
    %flag_or 5, 4; GT is !LE
    %flag_inv 5;
    %jmp/0xz  T_167.2, 5;
    %pushi/vec4 4096, 0, 16;
    %store/vec4 v0x55f3192d4ca0_0, 0, 16;
    %jmp T_167.3;
T_167.2 ;
    %load/vec4 v0x55f3192d57a0_0;
    %pad/s 16;
    %store/vec4 v0x55f3192d4ca0_0, 0, 16;
T_167.3 ;
T_167.1 ;
    %jmp T_167;
    .thread T_167, $push;
    .scope S_0x55f31916c6a0;
T_168 ;
    %delay 5000, 0;
    %load/vec4 v0x55f3192d6c70_0;
    %inv;
    %store/vec4 v0x55f3192d6c70_0, 0, 1;
    %jmp T_168;
    .thread T_168;
    .scope S_0x55f31916c6a0;
T_169 ;
    %pushi/vec4 0, 0, 1;
    %store/vec4 v0x55f3192d6c70_0, 0, 1;
    %pushi/vec4 0, 0, 1;
    %store/vec4 v0x55f3192d73f0_0, 0, 1;
    %pushi/vec4 0, 0, 1;
    %store/vec4 v0x55f3192d7860_0, 0, 1;
    %pushi/vec4 0, 0, 16;
    %store/vec4 v0x55f3192d6d10_0, 0, 16;
    %pushi/vec4 0, 0, 16;
    %store/vec4 v0x55f3192d6db0_0, 0, 16;
    %pushi/vec4 0, 0, 32;
    %store/vec4 v0x55f3192d6fc0_0, 0, 32;
    %pushi/vec4 0, 0, 32;
    %store/vec4 v0x55f3192d7490_0, 0, 32;
    %vpi_call/w 4 82 "$readmemh", "sim/layer1_weights.hex", v0x55f3192d7330 {0 0 0};
    %vpi_call/w 4 83 "$readmemh", "sim/layer1_biases.hex", v0x55f3192d6020 {0 0 0};
    %vpi_call/w 4 84 "$readmemh", "sim/layer2_weights.hex", v0x55f3192d8e70 {0 0 0};
    %vpi_call/w 4 85 "$readmemh", "sim/layer2_bias.hex", v0x55f3192d6e80 {0 0 0};
    %vpi_call/w 4 86 "$readmemh", "sim/coords.hex", v0x55f3192d6f20 {0 0 0};
    %fork t_21, S_0x55f319168ba0;
    %jmp t_20;
    .scope S_0x55f319168ba0;
t_21 ;
    %pushi/vec4 0, 0, 32;
    %store/vec4 v0x55f319130c30_0, 0, 32;
T_169.0 ; Top of for-loop
    %load/vec4 v0x55f319130c30_0;
    %cmpi/s 64, 0, 32;
	  %jmp/0xz T_169.1, 5;
    %load/vec4 v0x55f319130c30_0;
    %muli 2, 0, 32;
    %ix/vec4/s 4;
    %load/vec4a v0x55f3192d7330, 4;
    %ix/getv/s 4, v0x55f319130c30_0;
    %store/vec4a v0x55f3192d7930, 4, 0;
    %load/vec4 v0x55f319130c30_0;
    %muli 2, 0, 32;
    %addi 1, 0, 32;
    %ix/vec4/s 4;
    %load/vec4a v0x55f3192d7330, 4;
    %ix/getv/s 4, v0x55f319130c30_0;
    %store/vec4a v0x55f3192d83a0, 4, 0;
T_169.2 ; for-loop step statement
    ; show_stmt_assign_vector: Get l-value for compressed += operand
    %load/vec4 v0x55f319130c30_0;
    %pushi/vec4 1, 0, 32;
    %add;
    %cast2;
    %store/vec4 v0x55f319130c30_0, 0, 32;
    %jmp T_169.0;
T_169.1 ; for-loop exit label
    %end;
    .scope S_0x55f31916c6a0;
t_20 %join;
    %ix/load 4, 0, 0;
    %flag_set/imm 4, 0;
    %load/vec4a v0x55f3192d6e80, 4;
    %store/vec4 v0x55f3192d6b10_0, 0, 16;
    %vpi_func 4 94 "$fopen" 32, "sim/out_pixels_raw.hex", "w" {0 0 0};
    %cast2;
    %store/vec4 v0x55f3192d70a0_0, 0, 32;
    %vpi_func 4 95 "$fopen" 32, "sim/out_pixels_sharpened.hex", "w" {0 0 0};
    %cast2;
    %store/vec4 v0x55f3192d7570_0, 0, 32;
    %load/vec4 v0x55f3192d70a0_0;
    %nor/r;
    %flag_set/vec4 8;
    %jmp/1 T_169.5, 8;
    %load/vec4 v0x55f3192d7570_0;
    %nor/r;
    %flag_set/vec4 9;
    %flag_or 8, 9;
T_169.5;
    %jmp/0xz  T_169.3, 8;
    %vpi_call/w 4 97 "$display", "[FATAL] Could not open output hex files!" {0 0 0};
    %vpi_call/w 4 98 "$finish" {0 0 0};
T_169.3 ;
    %delay 50000, 0;
    %pushi/vec4 1, 0, 1;
    %store/vec4 v0x55f3192d73f0_0, 0, 1;
    %delay 20000, 0;
    %vpi_call/w 4 105 "$display", "[TB] Starting evaluation of %0d pixels on 64-neuron folded block engine...", P_0x55f319279530 {0 0 0};
    %fork t_23, S_0x55f31916c6a0;
    %fork t_24, S_0x55f31916c6a0;
    %fork t_25, S_0x55f31916c6a0;
    %join;
    %join;
    %join;
    %jmp t_22;
t_23 ;
T_169.6 ;
    %wait E_0x55f318f9af60;
    %load/vec4 v0x55f3192d7240_0;
    %flag_set/vec4 8;
    %jmp/0xz  T_169.8, 8;
    %vpi_call/w 4 111 "$fdisplay", v0x55f3192d70a0_0, "%h", v0x55f3192d7180_0 {0 0 0};
    ; show_stmt_assign_vector: Get l-value for compressed += operand
    %load/vec4 v0x55f3192d6fc0_0;
    %pushi/vec4 1, 0, 32;
    %add;
    %cast2;
    %store/vec4 v0x55f3192d6fc0_0, 0, 32;
    %load/vec4 v0x55f3192d6fc0_0;
    %pushi/vec4 128, 0, 32;
    %mod/s;
    %cmpi/e 0, 0, 32;
    %jmp/0xz  T_169.10, 4;
    %vpi_call/w 4 114 "$display", "[RAW MONITOR] %0d / %0d pixels evaluated...", v0x55f3192d6fc0_0, P_0x55f319279530 {0 0 0};
T_169.10 ;
T_169.8 ;
    %jmp T_169.6;
T_169.7 ;
    %end;
t_24 ;
T_169.12 ;
    %wait E_0x55f318f9af60;
    %load/vec4 v0x55f3192d7790_0;
    %flag_set/vec4 8;
    %jmp/0xz  T_169.14, 8;
    %vpi_call/w 4 121 "$fdisplay", v0x55f3192d7570_0, "%h", v0x55f3192d76f0_0 {0 0 0};
    ; show_stmt_assign_vector: Get l-value for compressed += operand
    %load/vec4 v0x55f3192d7490_0;
    %pushi/vec4 1, 0, 32;
    %add;
    %cast2;
    %store/vec4 v0x55f3192d7490_0, 0, 32;
    %load/vec4 v0x55f3192d7490_0;
    %pushi/vec4 128, 0, 32;
    %mod/s;
    %cmpi/e 0, 0, 32;
    %jmp/0xz  T_169.16, 4;
    %vpi_call/w 4 124 "$display", "[SHARP MONITOR] %0d / %0d pixels filtered...", v0x55f3192d7490_0, P_0x55f319279530 {0 0 0};
T_169.16 ;
T_169.14 ;
    %jmp T_169.12;
T_169.13 ;
    %end;
t_25 ;
    %fork t_27, S_0x55f319159250;
    %jmp t_26;
    .scope S_0x55f319159250;
t_27 ;
    %pushi/vec4 0, 0, 32;
    %store/vec4 v0x55f31912cc90_0, 0, 32;
T_169.18 ; Top of for-loop
    %load/vec4 v0x55f31912cc90_0;
    %cmpi/s 1024, 0, 32;
	  %jmp/0xz T_169.19, 5;
    %load/vec4 v0x55f31912cc90_0;
    %muli 2, 0, 32;
    %ix/vec4/s 4;
    %load/vec4a v0x55f3192d6f20, 4;
    %store/vec4 v0x55f3192d6d10_0, 0, 16;
    %load/vec4 v0x55f31912cc90_0;
    %muli 2, 0, 32;
    %addi 1, 0, 32;
    %ix/vec4/s 4;
    %load/vec4a v0x55f3192d6f20, 4;
    %store/vec4 v0x55f3192d6db0_0, 0, 16;
    %wait E_0x55f318f9af60;
    %pushi/vec4 1, 0, 1;
    %store/vec4 v0x55f3192d7860_0, 0, 1;
    %wait E_0x55f318f9af60;
    %pushi/vec4 0, 0, 1;
    %store/vec4 v0x55f3192d7860_0, 0, 1;
    %pushi/vec4 0, 0, 32;
    %store/vec4 v0x55f3192d9940_0, 0, 32;
T_169.21 ;
    %load/vec4 v0x55f3192d7240_0;
    %nor/r;
    %flag_set/vec4 8;
    %jmp/0xz T_169.22, 8;
    %wait E_0x55f318f9af60;
    ; show_stmt_assign_vector: Get l-value for compressed += operand
    %load/vec4 v0x55f3192d9940_0;
    %pushi/vec4 1, 0, 32;
    %add;
    %cast2;
    %store/vec4 v0x55f3192d9940_0, 0, 32;
    %load/vec4 v0x55f3192d9940_0;
    %cmpi/s 400, 0, 32;
    %flag_or 5, 4; GT is !LE
    %flag_inv 5;
    %jmp/0xz  T_169.23, 5;
    %vpi_call/w 4 144 "$display", "[TIMEOUT] Pixel %0d evaluation hung.", v0x55f31912cc90_0 {0 0 0};
    %vpi_call/w 4 145 "$finish" {0 0 0};
T_169.23 ;
    %jmp T_169.21;
T_169.22 ;
    %wait E_0x55f318f9af60;
T_169.20 ; for-loop step statement
    ; show_stmt_assign_vector: Get l-value for compressed += operand
    %load/vec4 v0x55f31912cc90_0;
    %pushi/vec4 1, 0, 32;
    %add;
    %cast2;
    %store/vec4 v0x55f31912cc90_0, 0, 32;
    %jmp T_169.18;
T_169.19 ; for-loop exit label
    %end;
    .scope S_0x55f31916c6a0;
t_26 %join;
    %wait E_0x55f318f99c80;
    %vpi_call/w 4 153 "$display", "\012=======================================================" {0 0 0};
    %vpi_call/w 4 154 "$display", "[SUCCESS] 64-Neuron Folded Pipeline Finished!" {0 0 0};
    %vpi_call/w 4 155 "$display", "Raw Pixels Emitted       : %0d / %0d", v0x55f3192d6fc0_0, P_0x55f319279530 {0 0 0};
    %vpi_call/w 4 156 "$display", "Sharpened Pixels Emitted : %0d / %0d", v0x55f3192d7490_0, P_0x55f319279530 {0 0 0};
    %vpi_call/w 4 157 "$display", "=======================================================\012" {0 0 0};
    %vpi_call/w 4 159 "$fclose", v0x55f3192d70a0_0 {0 0 0};
    %vpi_call/w 4 160 "$fclose", v0x55f3192d7570_0 {0 0 0};
    %delay 100000, 0;
    %vpi_call/w 4 162 "$finish" {0 0 0};
    %end;
    .scope S_0x55f31916c6a0;
t_22 ;
    %end;
    .thread T_169;
# The file index is used to find the file name in the following table.
:file_names 14;
    "N/A";
    "<interactive>";
    "-";
    "rtl/inr_pkg.sv";
    "rtl/tb_siren_block_engine.sv";
    "rtl/siren_block_engine.sv";
    "rtl/siren_neuron.sv";
    "rtl/mac_unit.sv";
    "rtl/siren_act_unit.sv";
    "rtl/phase_folder.sv";
    "rtl/cordic_wrapper.sv";
    "rtl/cordic_stage.sv";
    "rtl/siren_scaler.sv";
    "rtl/siren_sharpen.sv";
