
 /----------------------------------------------------------------------------\
 |  yosys -- Yosys Open SYnthesis Suite                                       |
 |  Copyright (C) 2012 - 2026  Claire Xenia Wolf <claire@yosyshq.com>         |
 |  Distributed under an ISC-like license, type "license" to see terms        |
 \----------------------------------------------------------------------------/
 Yosys 0.66 (git sha1 86f2ddebce7e98ce7cacc27e8a5c14cb53b51b51, g++ 16.1.1 -O2 -flto=auto -ffat-lto-objects -fexceptions -fstack-protector-strong -m64 -march=x86-64 -mtune=generic -fasynchronous-unwind-tables -fstack-clash-protection -fcf-protection -mtls-dialect=gnu2 -fno-omit-frame-pointer -mno-omit-leaf-frame-pointer -fPIC -O3)

-- Executing script file `synth_yosys.ys' --

1. Executing Verilog-2005 frontend: inr_pkg.sv
Parsing SystemVerilog input from `inr_pkg.sv' to AST representation.
Successfully finished Verilog frontend.

2. Executing Verilog-2005 frontend: mac_unit.sv
Parsing SystemVerilog input from `mac_unit.sv' to AST representation.
Generating RTLIL representation for module `\mac_unit'.
Successfully finished Verilog frontend.

3. Executing Verilog-2005 frontend: siren_scaler.sv
Parsing SystemVerilog input from `siren_scaler.sv' to AST representation.
Generating RTLIL representation for module `\siren_scaler'.
Successfully finished Verilog frontend.

4. Executing Verilog-2005 frontend: phase_folder.sv
Parsing SystemVerilog input from `phase_folder.sv' to AST representation.
Generating RTLIL representation for module `\phase_folder'.
Successfully finished Verilog frontend.

5. Executing Verilog-2005 frontend: cordic_stage.sv
Parsing SystemVerilog input from `cordic_stage.sv' to AST representation.
Generating RTLIL representation for module `\cordic_stage'.
Successfully finished Verilog frontend.

6. Executing Verilog-2005 frontend: cordic_wrapper.sv
Parsing SystemVerilog input from `cordic_wrapper.sv' to AST representation.
Generating RTLIL representation for module `\cordic_wrapper'.
Warning: Replacing memory \valid_pipe with list of registers. See cordic_wrapper.sv:23
Warning: Replacing memory \z_pipe with list of registers. See cordic_wrapper.sv:22
Warning: Replacing memory \y_pipe with list of registers. See cordic_wrapper.sv:21
Warning: Replacing memory \x_pipe with list of registers. See cordic_wrapper.sv:20
Successfully finished Verilog frontend.

7. Executing Verilog-2005 frontend: siren_act_unit.sv
Parsing SystemVerilog input from `siren_act_unit.sv' to AST representation.
Generating RTLIL representation for module `\siren_act_unit'.
Successfully finished Verilog frontend.

8. Executing Verilog-2005 frontend: siren_neuron.sv
Parsing SystemVerilog input from `siren_neuron.sv' to AST representation.
Generating RTLIL representation for module `\siren_neuron'.
Successfully finished Verilog frontend.

9. Executing HIERARCHY pass (managing design hierarchy).

9.1. Analyzing design hierarchy..
Top module:  \siren_neuron
Used module:     \siren_act_unit
Used module:         \cordic_wrapper
Used module:             \cordic_stage
Used module:         \phase_folder
Used module:     \siren_scaler
Used module:     \mac_unit
Parameter \DATA_WIDTH = 16
Parameter \STAGE_IDX = 15
Parameter \ATAN_VAL = 16'0000000000000000

9.2. Executing AST frontend in derive mode using pre-parsed AST for module `\cordic_stage'.
Parameter \DATA_WIDTH = 16
Parameter \STAGE_IDX = 15
Parameter \ATAN_VAL = 16'0000000000000000
Generating RTLIL representation for module `$paramod$1c78dad951792559821a28759880bf6605d5ac8b\cordic_stage'.
Parameter \DATA_WIDTH = 16
Parameter \STAGE_IDX = 14
Parameter \ATAN_VAL = 16'0000000000000001

9.3. Executing AST frontend in derive mode using pre-parsed AST for module `\cordic_stage'.
Parameter \DATA_WIDTH = 16
Parameter \STAGE_IDX = 14
Parameter \ATAN_VAL = 16'0000000000000001
Generating RTLIL representation for module `$paramod$92317b3f664a636e96e14bfabf5ac92fa5f616e0\cordic_stage'.
Parameter \DATA_WIDTH = 16
Parameter \STAGE_IDX = 13
Parameter \ATAN_VAL = 16'0000000000000001

9.4. Executing AST frontend in derive mode using pre-parsed AST for module `\cordic_stage'.
Parameter \DATA_WIDTH = 16
Parameter \STAGE_IDX = 13
Parameter \ATAN_VAL = 16'0000000000000001
Generating RTLIL representation for module `$paramod$13df4f4c9c1b261592c9a2486a54e334ba271a0d\cordic_stage'.
Parameter \DATA_WIDTH = 16
Parameter \STAGE_IDX = 12
Parameter \ATAN_VAL = 16'0000000000000011

9.5. Executing AST frontend in derive mode using pre-parsed AST for module `\cordic_stage'.
Parameter \DATA_WIDTH = 16
Parameter \STAGE_IDX = 12
Parameter \ATAN_VAL = 16'0000000000000011
Generating RTLIL representation for module `$paramod$bfb04248936278b1df1155cdc757ddb460a8d245\cordic_stage'.
Parameter \DATA_WIDTH = 16
Parameter \STAGE_IDX = 11
Parameter \ATAN_VAL = 16'0000000000000101

9.6. Executing AST frontend in derive mode using pre-parsed AST for module `\cordic_stage'.
Parameter \DATA_WIDTH = 16
Parameter \STAGE_IDX = 11
Parameter \ATAN_VAL = 16'0000000000000101
Generating RTLIL representation for module `$paramod$e0b39c4462fc09c778e150d1c789ca7fe160ca07\cordic_stage'.
Parameter \DATA_WIDTH = 16
Parameter \STAGE_IDX = 10
Parameter \ATAN_VAL = 16'0000000000001010

9.7. Executing AST frontend in derive mode using pre-parsed AST for module `\cordic_stage'.
Parameter \DATA_WIDTH = 16
Parameter \STAGE_IDX = 10
Parameter \ATAN_VAL = 16'0000000000001010
Generating RTLIL representation for module `$paramod$4f7c2943c908f89b3241078e20d5e72df920ea4c\cordic_stage'.
Parameter \DATA_WIDTH = 16
Parameter \STAGE_IDX = 9
Parameter \ATAN_VAL = 16'0000000000010100

9.8. Executing AST frontend in derive mode using pre-parsed AST for module `\cordic_stage'.
Parameter \DATA_WIDTH = 16
Parameter \STAGE_IDX = 9
Parameter \ATAN_VAL = 16'0000000000010100
Generating RTLIL representation for module `$paramod$a744cc0f1faffa6b4bad02f7493d97baee494aa9\cordic_stage'.
Parameter \DATA_WIDTH = 16
Parameter \STAGE_IDX = 8
Parameter \ATAN_VAL = 16'0000000000101001

9.9. Executing AST frontend in derive mode using pre-parsed AST for module `\cordic_stage'.
Parameter \DATA_WIDTH = 16
Parameter \STAGE_IDX = 8
Parameter \ATAN_VAL = 16'0000000000101001
Generating RTLIL representation for module `$paramod$1ceed3bff8837b34d0a66987aff5145c079c2fbd\cordic_stage'.
Parameter \DATA_WIDTH = 16
Parameter \STAGE_IDX = 7
Parameter \ATAN_VAL = 16'0000000001010001

9.10. Executing AST frontend in derive mode using pre-parsed AST for module `\cordic_stage'.
Parameter \DATA_WIDTH = 16
Parameter \STAGE_IDX = 7
Parameter \ATAN_VAL = 16'0000000001010001
Generating RTLIL representation for module `$paramod$c3982464bdd43885eb14a5af78baf7982db37425\cordic_stage'.
Parameter \DATA_WIDTH = 16
Parameter \STAGE_IDX = 6
Parameter \ATAN_VAL = 16'0000000010100011

9.11. Executing AST frontend in derive mode using pre-parsed AST for module `\cordic_stage'.
Parameter \DATA_WIDTH = 16
Parameter \STAGE_IDX = 6
Parameter \ATAN_VAL = 16'0000000010100011
Generating RTLIL representation for module `$paramod$b8db0999d09c2bf93070cea839ea649340d02004\cordic_stage'.
Parameter \DATA_WIDTH = 16
Parameter \STAGE_IDX = 5
Parameter \ATAN_VAL = 16'0000000101000110

9.12. Executing AST frontend in derive mode using pre-parsed AST for module `\cordic_stage'.
Parameter \DATA_WIDTH = 16
Parameter \STAGE_IDX = 5
Parameter \ATAN_VAL = 16'0000000101000110
Generating RTLIL representation for module `$paramod$be7bec05f99528b83047c54b2c3b7ab2ac7f529f\cordic_stage'.
Parameter \DATA_WIDTH = 16
Parameter \STAGE_IDX = 4
Parameter \ATAN_VAL = 16'0000001010001011

9.13. Executing AST frontend in derive mode using pre-parsed AST for module `\cordic_stage'.
Parameter \DATA_WIDTH = 16
Parameter \STAGE_IDX = 4
Parameter \ATAN_VAL = 16'0000001010001011
Generating RTLIL representation for module `$paramod$126d84d701c2cc9a597647f943872c89fc0e0486\cordic_stage'.
Parameter \DATA_WIDTH = 16
Parameter \STAGE_IDX = 3
Parameter \ATAN_VAL = 16'0000010100010001

9.14. Executing AST frontend in derive mode using pre-parsed AST for module `\cordic_stage'.
Parameter \DATA_WIDTH = 16
Parameter \STAGE_IDX = 3
Parameter \ATAN_VAL = 16'0000010100010001
Generating RTLIL representation for module `$paramod$d051e689d5327a357ac2c918100372a7016c9475\cordic_stage'.
Parameter \DATA_WIDTH = 16
Parameter \STAGE_IDX = 2
Parameter \ATAN_VAL = 16'0000100111111011

9.15. Executing AST frontend in derive mode using pre-parsed AST for module `\cordic_stage'.
Parameter \DATA_WIDTH = 16
Parameter \STAGE_IDX = 2
Parameter \ATAN_VAL = 16'0000100111111011
Generating RTLIL representation for module `$paramod$a64f440093fbb2a761ca462422596e7cf59060b9\cordic_stage'.
Parameter \DATA_WIDTH = 16
Parameter \STAGE_IDX = 1
Parameter \ATAN_VAL = 16'0001001011100100

9.16. Executing AST frontend in derive mode using pre-parsed AST for module `\cordic_stage'.
Parameter \DATA_WIDTH = 16
Parameter \STAGE_IDX = 1
Parameter \ATAN_VAL = 16'0001001011100100
Generating RTLIL representation for module `$paramod$fda4c52592ec151689e44937ab5af6abb2bbb4f7\cordic_stage'.
Parameter \DATA_WIDTH = 16
Parameter \STAGE_IDX = 0
Parameter \ATAN_VAL = 16'0010000000000000

9.17. Executing AST frontend in derive mode using pre-parsed AST for module `\cordic_stage'.
Parameter \DATA_WIDTH = 16
Parameter \STAGE_IDX = 0
Parameter \ATAN_VAL = 16'0010000000000000
Generating RTLIL representation for module `$paramod$ab10e97098def7190bb8b712e42708d46e5dfde5\cordic_stage'.
Reprocessing module cordic_wrapper because instantiated module $paramod$1c78dad951792559821a28759880bf6605d5ac8b\cordic_stage has become available.
Generating RTLIL representation for module `\cordic_wrapper'.
Warning: Replacing memory \valid_pipe with list of registers. See cordic_wrapper.sv:23
Warning: Replacing memory \z_pipe with list of registers. See cordic_wrapper.sv:22
Warning: Replacing memory \y_pipe with list of registers. See cordic_wrapper.sv:21
Warning: Replacing memory \x_pipe with list of registers. See cordic_wrapper.sv:20

9.18. Analyzing design hierarchy..
Top module:  \siren_neuron
Used module:     \siren_act_unit
Used module:         \cordic_wrapper
Used module:             \cordic_stage
Used module:         \phase_folder
Used module:     \siren_scaler
Used module:     \mac_unit
Parameter \DATA_WIDTH = 16
Parameter \STAGE_IDX = 15
Parameter \ATAN_VAL = 16'0000000000000000
Found cached RTLIL representation for module `$paramod$1c78dad951792559821a28759880bf6605d5ac8b\cordic_stage'.
Parameter \DATA_WIDTH = 16
Parameter \STAGE_IDX = 14
Parameter \ATAN_VAL = 16'0000000000000001
Found cached RTLIL representation for module `$paramod$92317b3f664a636e96e14bfabf5ac92fa5f616e0\cordic_stage'.
Parameter \DATA_WIDTH = 16
Parameter \STAGE_IDX = 13
Parameter \ATAN_VAL = 16'0000000000000001
Found cached RTLIL representation for module `$paramod$13df4f4c9c1b261592c9a2486a54e334ba271a0d\cordic_stage'.
Parameter \DATA_WIDTH = 16
Parameter \STAGE_IDX = 12
Parameter \ATAN_VAL = 16'0000000000000011
Found cached RTLIL representation for module `$paramod$bfb04248936278b1df1155cdc757ddb460a8d245\cordic_stage'.
Parameter \DATA_WIDTH = 16
Parameter \STAGE_IDX = 11
Parameter \ATAN_VAL = 16'0000000000000101
Found cached RTLIL representation for module `$paramod$e0b39c4462fc09c778e150d1c789ca7fe160ca07\cordic_stage'.
Parameter \DATA_WIDTH = 16
Parameter \STAGE_IDX = 10
Parameter \ATAN_VAL = 16'0000000000001010
Found cached RTLIL representation for module `$paramod$4f7c2943c908f89b3241078e20d5e72df920ea4c\cordic_stage'.
Parameter \DATA_WIDTH = 16
Parameter \STAGE_IDX = 9
Parameter \ATAN_VAL = 16'0000000000010100
Found cached RTLIL representation for module `$paramod$a744cc0f1faffa6b4bad02f7493d97baee494aa9\cordic_stage'.
Parameter \DATA_WIDTH = 16
Parameter \STAGE_IDX = 8
Parameter \ATAN_VAL = 16'0000000000101001
Found cached RTLIL representation for module `$paramod$1ceed3bff8837b34d0a66987aff5145c079c2fbd\cordic_stage'.
Parameter \DATA_WIDTH = 16
Parameter \STAGE_IDX = 7
Parameter \ATAN_VAL = 16'0000000001010001
Found cached RTLIL representation for module `$paramod$c3982464bdd43885eb14a5af78baf7982db37425\cordic_stage'.
Parameter \DATA_WIDTH = 16
Parameter \STAGE_IDX = 6
Parameter \ATAN_VAL = 16'0000000010100011
Found cached RTLIL representation for module `$paramod$b8db0999d09c2bf93070cea839ea649340d02004\cordic_stage'.
Parameter \DATA_WIDTH = 16
Parameter \STAGE_IDX = 5
Parameter \ATAN_VAL = 16'0000000101000110
Found cached RTLIL representation for module `$paramod$be7bec05f99528b83047c54b2c3b7ab2ac7f529f\cordic_stage'.
Parameter \DATA_WIDTH = 16
Parameter \STAGE_IDX = 4
Parameter \ATAN_VAL = 16'0000001010001011
Found cached RTLIL representation for module `$paramod$126d84d701c2cc9a597647f943872c89fc0e0486\cordic_stage'.
Parameter \DATA_WIDTH = 16
Parameter \STAGE_IDX = 3
Parameter \ATAN_VAL = 16'0000010100010001
Found cached RTLIL representation for module `$paramod$d051e689d5327a357ac2c918100372a7016c9475\cordic_stage'.
Parameter \DATA_WIDTH = 16
Parameter \STAGE_IDX = 2
Parameter \ATAN_VAL = 16'0000100111111011
Found cached RTLIL representation for module `$paramod$a64f440093fbb2a761ca462422596e7cf59060b9\cordic_stage'.
Parameter \DATA_WIDTH = 16
Parameter \STAGE_IDX = 1
Parameter \ATAN_VAL = 16'0001001011100100
Found cached RTLIL representation for module `$paramod$fda4c52592ec151689e44937ab5af6abb2bbb4f7\cordic_stage'.
Parameter \DATA_WIDTH = 16
Parameter \STAGE_IDX = 0
Parameter \ATAN_VAL = 16'0010000000000000
Found cached RTLIL representation for module `$paramod$ab10e97098def7190bb8b712e42708d46e5dfde5\cordic_stage'.

9.19. Analyzing design hierarchy..
Top module:  \siren_neuron
Used module:     \siren_act_unit
Used module:         \cordic_wrapper
Used module:             $paramod$1c78dad951792559821a28759880bf6605d5ac8b\cordic_stage
Used module:             $paramod$92317b3f664a636e96e14bfabf5ac92fa5f616e0\cordic_stage
Used module:             $paramod$13df4f4c9c1b261592c9a2486a54e334ba271a0d\cordic_stage
Used module:             $paramod$bfb04248936278b1df1155cdc757ddb460a8d245\cordic_stage
Used module:             $paramod$e0b39c4462fc09c778e150d1c789ca7fe160ca07\cordic_stage
Used module:             $paramod$4f7c2943c908f89b3241078e20d5e72df920ea4c\cordic_stage
Used module:             $paramod$a744cc0f1faffa6b4bad02f7493d97baee494aa9\cordic_stage
Used module:             $paramod$1ceed3bff8837b34d0a66987aff5145c079c2fbd\cordic_stage
Used module:             $paramod$c3982464bdd43885eb14a5af78baf7982db37425\cordic_stage
Used module:             $paramod$b8db0999d09c2bf93070cea839ea649340d02004\cordic_stage
Used module:             $paramod$be7bec05f99528b83047c54b2c3b7ab2ac7f529f\cordic_stage
Used module:             $paramod$126d84d701c2cc9a597647f943872c89fc0e0486\cordic_stage
Used module:             $paramod$d051e689d5327a357ac2c918100372a7016c9475\cordic_stage
Used module:             $paramod$a64f440093fbb2a761ca462422596e7cf59060b9\cordic_stage
Used module:             $paramod$fda4c52592ec151689e44937ab5af6abb2bbb4f7\cordic_stage
Used module:             $paramod$ab10e97098def7190bb8b712e42708d46e5dfde5\cordic_stage
Used module:         \phase_folder
Used module:     \siren_scaler
Used module:     \mac_unit

9.20. Analyzing design hierarchy..
Top module:  \siren_neuron
Used module:     \siren_act_unit
Used module:         \cordic_wrapper
Used module:             $paramod$1c78dad951792559821a28759880bf6605d5ac8b\cordic_stage
Used module:             $paramod$92317b3f664a636e96e14bfabf5ac92fa5f616e0\cordic_stage
Used module:             $paramod$13df4f4c9c1b261592c9a2486a54e334ba271a0d\cordic_stage
Used module:             $paramod$bfb04248936278b1df1155cdc757ddb460a8d245\cordic_stage
Used module:             $paramod$e0b39c4462fc09c778e150d1c789ca7fe160ca07\cordic_stage
Used module:             $paramod$4f7c2943c908f89b3241078e20d5e72df920ea4c\cordic_stage
Used module:             $paramod$a744cc0f1faffa6b4bad02f7493d97baee494aa9\cordic_stage
Used module:             $paramod$1ceed3bff8837b34d0a66987aff5145c079c2fbd\cordic_stage
Used module:             $paramod$c3982464bdd43885eb14a5af78baf7982db37425\cordic_stage
Used module:             $paramod$b8db0999d09c2bf93070cea839ea649340d02004\cordic_stage
Used module:             $paramod$be7bec05f99528b83047c54b2c3b7ab2ac7f529f\cordic_stage
Used module:             $paramod$126d84d701c2cc9a597647f943872c89fc0e0486\cordic_stage
Used module:             $paramod$d051e689d5327a357ac2c918100372a7016c9475\cordic_stage
Used module:             $paramod$a64f440093fbb2a761ca462422596e7cf59060b9\cordic_stage
Used module:             $paramod$fda4c52592ec151689e44937ab5af6abb2bbb4f7\cordic_stage
Used module:             $paramod$ab10e97098def7190bb8b712e42708d46e5dfde5\cordic_stage
Used module:         \phase_folder
Used module:     \siren_scaler
Used module:     \mac_unit
Removing unused module `\cordic_stage'.
Removed 1 unused modules.

10. Executing CHECK pass (checking for obvious problems).
Checking module $paramod$fda4c52592ec151689e44937ab5af6abb2bbb4f7\cordic_stage...
Checking module $paramod$a64f440093fbb2a761ca462422596e7cf59060b9\cordic_stage...
Checking module $paramod$d051e689d5327a357ac2c918100372a7016c9475\cordic_stage...
Checking module $paramod$126d84d701c2cc9a597647f943872c89fc0e0486\cordic_stage...
Checking module $paramod$be7bec05f99528b83047c54b2c3b7ab2ac7f529f\cordic_stage...
Checking module $paramod$b8db0999d09c2bf93070cea839ea649340d02004\cordic_stage...
Checking module $paramod$c3982464bdd43885eb14a5af78baf7982db37425\cordic_stage...
Checking module $paramod$1ceed3bff8837b34d0a66987aff5145c079c2fbd\cordic_stage...
Checking module $paramod$a744cc0f1faffa6b4bad02f7493d97baee494aa9\cordic_stage...
Checking module $paramod$4f7c2943c908f89b3241078e20d5e72df920ea4c\cordic_stage...
Checking module $paramod$e0b39c4462fc09c778e150d1c789ca7fe160ca07\cordic_stage...
Checking module $paramod$bfb04248936278b1df1155cdc757ddb460a8d245\cordic_stage...
Checking module $paramod$13df4f4c9c1b261592c9a2486a54e334ba271a0d\cordic_stage...
Checking module $paramod$92317b3f664a636e96e14bfabf5ac92fa5f616e0\cordic_stage...
Checking module $paramod$1c78dad951792559821a28759880bf6605d5ac8b\cordic_stage...
Checking module siren_neuron...
Checking module siren_act_unit...
Checking module $paramod$ab10e97098def7190bb8b712e42708d46e5dfde5\cordic_stage...
Checking module cordic_wrapper...
Checking module phase_folder...
Checking module siren_scaler...
Checking module mac_unit...
Found and reported 0 problems.

11. Executing SYNTH pass.

11.1. Executing HIERARCHY pass (managing design hierarchy).

11.1.1. Analyzing design hierarchy..
Top module:  \siren_neuron
Used module:     \siren_act_unit
Used module:         \cordic_wrapper
Used module:             $paramod$1c78dad951792559821a28759880bf6605d5ac8b\cordic_stage
Used module:             $paramod$92317b3f664a636e96e14bfabf5ac92fa5f616e0\cordic_stage
Used module:             $paramod$13df4f4c9c1b261592c9a2486a54e334ba271a0d\cordic_stage
Used module:             $paramod$bfb04248936278b1df1155cdc757ddb460a8d245\cordic_stage
Used module:             $paramod$e0b39c4462fc09c778e150d1c789ca7fe160ca07\cordic_stage
Used module:             $paramod$4f7c2943c908f89b3241078e20d5e72df920ea4c\cordic_stage
Used module:             $paramod$a744cc0f1faffa6b4bad02f7493d97baee494aa9\cordic_stage
Used module:             $paramod$1ceed3bff8837b34d0a66987aff5145c079c2fbd\cordic_stage
Used module:             $paramod$c3982464bdd43885eb14a5af78baf7982db37425\cordic_stage
Used module:             $paramod$b8db0999d09c2bf93070cea839ea649340d02004\cordic_stage
Used module:             $paramod$be7bec05f99528b83047c54b2c3b7ab2ac7f529f\cordic_stage
Used module:             $paramod$126d84d701c2cc9a597647f943872c89fc0e0486\cordic_stage
Used module:             $paramod$d051e689d5327a357ac2c918100372a7016c9475\cordic_stage
Used module:             $paramod$a64f440093fbb2a761ca462422596e7cf59060b9\cordic_stage
Used module:             $paramod$fda4c52592ec151689e44937ab5af6abb2bbb4f7\cordic_stage
Used module:             $paramod$ab10e97098def7190bb8b712e42708d46e5dfde5\cordic_stage
Used module:         \phase_folder
Used module:     \siren_scaler
Used module:     \mac_unit

11.1.2. Analyzing design hierarchy..
Top module:  \siren_neuron
Used module:     \siren_act_unit
Used module:         \cordic_wrapper
Used module:             $paramod$1c78dad951792559821a28759880bf6605d5ac8b\cordic_stage
Used module:             $paramod$92317b3f664a636e96e14bfabf5ac92fa5f616e0\cordic_stage
Used module:             $paramod$13df4f4c9c1b261592c9a2486a54e334ba271a0d\cordic_stage
Used module:             $paramod$bfb04248936278b1df1155cdc757ddb460a8d245\cordic_stage
Used module:             $paramod$e0b39c4462fc09c778e150d1c789ca7fe160ca07\cordic_stage
Used module:             $paramod$4f7c2943c908f89b3241078e20d5e72df920ea4c\cordic_stage
Used module:             $paramod$a744cc0f1faffa6b4bad02f7493d97baee494aa9\cordic_stage
Used module:             $paramod$1ceed3bff8837b34d0a66987aff5145c079c2fbd\cordic_stage
Used module:             $paramod$c3982464bdd43885eb14a5af78baf7982db37425\cordic_stage
Used module:             $paramod$b8db0999d09c2bf93070cea839ea649340d02004\cordic_stage
Used module:             $paramod$be7bec05f99528b83047c54b2c3b7ab2ac7f529f\cordic_stage
Used module:             $paramod$126d84d701c2cc9a597647f943872c89fc0e0486\cordic_stage
Used module:             $paramod$d051e689d5327a357ac2c918100372a7016c9475\cordic_stage
Used module:             $paramod$a64f440093fbb2a761ca462422596e7cf59060b9\cordic_stage
Used module:             $paramod$fda4c52592ec151689e44937ab5af6abb2bbb4f7\cordic_stage
Used module:             $paramod$ab10e97098def7190bb8b712e42708d46e5dfde5\cordic_stage
Used module:         \phase_folder
Used module:     \siren_scaler
Used module:     \mac_unit
Removed 0 unused modules.

11.2. Executing PROC pass (convert processes to netlists).

11.2.1. Executing PROC_CLEAN pass (remove empty switches from decision trees).
Cleaned up 0 empty switches.

11.2.2. Executing PROC_RMDEAD pass (remove dead branches from decision trees).
Marked 2 switch rules as full_case in process $proc$cordic_stage.sv:27$212 in module $paramod$fda4c52592ec151689e44937ab5af6abb2bbb4f7\cordic_stage.
Marked 2 switch rules as full_case in process $proc$cordic_stage.sv:27$200 in module $paramod$a64f440093fbb2a761ca462422596e7cf59060b9\cordic_stage.
Marked 2 switch rules as full_case in process $proc$cordic_stage.sv:27$188 in module $paramod$d051e689d5327a357ac2c918100372a7016c9475\cordic_stage.
Marked 2 switch rules as full_case in process $proc$cordic_stage.sv:27$176 in module $paramod$126d84d701c2cc9a597647f943872c89fc0e0486\cordic_stage.
Marked 2 switch rules as full_case in process $proc$cordic_stage.sv:27$164 in module $paramod$be7bec05f99528b83047c54b2c3b7ab2ac7f529f\cordic_stage.
Marked 2 switch rules as full_case in process $proc$cordic_stage.sv:27$152 in module $paramod$b8db0999d09c2bf93070cea839ea649340d02004\cordic_stage.
Marked 2 switch rules as full_case in process $proc$cordic_stage.sv:27$140 in module $paramod$c3982464bdd43885eb14a5af78baf7982db37425\cordic_stage.
Marked 2 switch rules as full_case in process $proc$cordic_stage.sv:27$128 in module $paramod$1ceed3bff8837b34d0a66987aff5145c079c2fbd\cordic_stage.
Marked 2 switch rules as full_case in process $proc$cordic_stage.sv:27$116 in module $paramod$a744cc0f1faffa6b4bad02f7493d97baee494aa9\cordic_stage.
Marked 2 switch rules as full_case in process $proc$cordic_stage.sv:27$104 in module $paramod$4f7c2943c908f89b3241078e20d5e72df920ea4c\cordic_stage.
Marked 2 switch rules as full_case in process $proc$cordic_stage.sv:27$92 in module $paramod$e0b39c4462fc09c778e150d1c789ca7fe160ca07\cordic_stage.
Marked 2 switch rules as full_case in process $proc$cordic_stage.sv:27$80 in module $paramod$bfb04248936278b1df1155cdc757ddb460a8d245\cordic_stage.
Marked 2 switch rules as full_case in process $proc$cordic_stage.sv:27$68 in module $paramod$13df4f4c9c1b261592c9a2486a54e334ba271a0d\cordic_stage.
Marked 2 switch rules as full_case in process $proc$cordic_stage.sv:27$56 in module $paramod$92317b3f664a636e96e14bfabf5ac92fa5f616e0\cordic_stage.
Marked 2 switch rules as full_case in process $proc$cordic_stage.sv:27$44 in module $paramod$1c78dad951792559821a28759880bf6605d5ac8b\cordic_stage.
Marked 2 switch rules as full_case in process $proc$cordic_stage.sv:27$224 in module $paramod$ab10e97098def7190bb8b712e42708d46e5dfde5\cordic_stage.
Marked 1 switch rules as full_case in process $proc$phase_folder.sv:16$19 in module phase_folder.
Marked 1 switch rules as full_case in process $proc$siren_scaler.sv:19$15 in module siren_scaler.
Marked 3 switch rules as full_case in process $proc$mac_unit.sv:29$7 in module mac_unit.
Marked 1 switch rules as full_case in process $proc$mac_unit.sv:18$1 in module mac_unit.
Removed a total of 0 dead cases.

11.2.3. Executing PROC_PRUNE pass (remove redundant assignments in processes).
Removed 20 redundant assignments.
Promoted 106 assignments to connections.

11.2.4. Executing PROC_INIT pass (extract init attributes).

11.2.5. Executing PROC_ARST pass (detect async resets in processes).
Found async reset \rst_n in `$paramod$fda4c52592ec151689e44937ab5af6abb2bbb4f7\cordic_stage.$proc$cordic_stage.sv:27$212'.
Found async reset \rst_n in `$paramod$a64f440093fbb2a761ca462422596e7cf59060b9\cordic_stage.$proc$cordic_stage.sv:27$200'.
Found async reset \rst_n in `$paramod$d051e689d5327a357ac2c918100372a7016c9475\cordic_stage.$proc$cordic_stage.sv:27$188'.
Found async reset \rst_n in `$paramod$126d84d701c2cc9a597647f943872c89fc0e0486\cordic_stage.$proc$cordic_stage.sv:27$176'.
Found async reset \rst_n in `$paramod$be7bec05f99528b83047c54b2c3b7ab2ac7f529f\cordic_stage.$proc$cordic_stage.sv:27$164'.
Found async reset \rst_n in `$paramod$b8db0999d09c2bf93070cea839ea649340d02004\cordic_stage.$proc$cordic_stage.sv:27$152'.
Found async reset \rst_n in `$paramod$c3982464bdd43885eb14a5af78baf7982db37425\cordic_stage.$proc$cordic_stage.sv:27$140'.
Found async reset \rst_n in `$paramod$1ceed3bff8837b34d0a66987aff5145c079c2fbd\cordic_stage.$proc$cordic_stage.sv:27$128'.
Found async reset \rst_n in `$paramod$a744cc0f1faffa6b4bad02f7493d97baee494aa9\cordic_stage.$proc$cordic_stage.sv:27$116'.
Found async reset \rst_n in `$paramod$4f7c2943c908f89b3241078e20d5e72df920ea4c\cordic_stage.$proc$cordic_stage.sv:27$104'.
Found async reset \rst_n in `$paramod$e0b39c4462fc09c778e150d1c789ca7fe160ca07\cordic_stage.$proc$cordic_stage.sv:27$92'.
Found async reset \rst_n in `$paramod$bfb04248936278b1df1155cdc757ddb460a8d245\cordic_stage.$proc$cordic_stage.sv:27$80'.
Found async reset \rst_n in `$paramod$13df4f4c9c1b261592c9a2486a54e334ba271a0d\cordic_stage.$proc$cordic_stage.sv:27$68'.
Found async reset \rst_n in `$paramod$92317b3f664a636e96e14bfabf5ac92fa5f616e0\cordic_stage.$proc$cordic_stage.sv:27$56'.
Found async reset \rst_n in `$paramod$1c78dad951792559821a28759880bf6605d5ac8b\cordic_stage.$proc$cordic_stage.sv:27$44'.
Found async reset \rst_n in `$paramod$ab10e97098def7190bb8b712e42708d46e5dfde5\cordic_stage.$proc$cordic_stage.sv:27$224'.
Found async reset \rst_in in `\phase_folder.$proc$phase_folder.sv:16$19'.
Found async reset \rst_in in `\siren_scaler.$proc$siren_scaler.sv:19$15'.
Found async reset \rst_in in `\mac_unit.$proc$mac_unit.sv:29$7'.

11.2.6. Executing PROC_ROM pass (convert switches to ROMs).
Converted 0 switches.
<suppressed ~37 debug messages>

11.2.7. Executing PROC_MUX pass (convert decision trees to multiplexers).
Creating decoders for process `$paramod$fda4c52592ec151689e44937ab5af6abb2bbb4f7\cordic_stage.$proc$cordic_stage.sv:27$212'.
     1/4: $0\valid_out[0:0]
     2/4: $0\z_out[15:0]
     3/4: $0\y_out[15:0]
     4/4: $0\x_out[15:0]
Creating decoders for process `$paramod$fda4c52592ec151689e44937ab5af6abb2bbb4f7\cordic_stage.$proc$cordic_stage.sv:22$209'.
Creating decoders for process `$paramod$a64f440093fbb2a761ca462422596e7cf59060b9\cordic_stage.$proc$cordic_stage.sv:27$200'.
     1/4: $0\valid_out[0:0]
     2/4: $0\z_out[15:0]
     3/4: $0\y_out[15:0]
     4/4: $0\x_out[15:0]
Creating decoders for process `$paramod$a64f440093fbb2a761ca462422596e7cf59060b9\cordic_stage.$proc$cordic_stage.sv:22$197'.
Creating decoders for process `$paramod$d051e689d5327a357ac2c918100372a7016c9475\cordic_stage.$proc$cordic_stage.sv:27$188'.
     1/4: $0\valid_out[0:0]
     2/4: $0\z_out[15:0]
     3/4: $0\y_out[15:0]
     4/4: $0\x_out[15:0]
Creating decoders for process `$paramod$d051e689d5327a357ac2c918100372a7016c9475\cordic_stage.$proc$cordic_stage.sv:22$185'.
Creating decoders for process `$paramod$126d84d701c2cc9a597647f943872c89fc0e0486\cordic_stage.$proc$cordic_stage.sv:27$176'.
     1/4: $0\valid_out[0:0]
     2/4: $0\z_out[15:0]
     3/4: $0\y_out[15:0]
     4/4: $0\x_out[15:0]
Creating decoders for process `$paramod$126d84d701c2cc9a597647f943872c89fc0e0486\cordic_stage.$proc$cordic_stage.sv:22$173'.
Creating decoders for process `$paramod$be7bec05f99528b83047c54b2c3b7ab2ac7f529f\cordic_stage.$proc$cordic_stage.sv:27$164'.
     1/4: $0\valid_out[0:0]
     2/4: $0\z_out[15:0]
     3/4: $0\y_out[15:0]
     4/4: $0\x_out[15:0]
Creating decoders for process `$paramod$be7bec05f99528b83047c54b2c3b7ab2ac7f529f\cordic_stage.$proc$cordic_stage.sv:22$161'.
Creating decoders for process `$paramod$b8db0999d09c2bf93070cea839ea649340d02004\cordic_stage.$proc$cordic_stage.sv:27$152'.
     1/4: $0\valid_out[0:0]
     2/4: $0\z_out[15:0]
     3/4: $0\y_out[15:0]
     4/4: $0\x_out[15:0]
Creating decoders for process `$paramod$b8db0999d09c2bf93070cea839ea649340d02004\cordic_stage.$proc$cordic_stage.sv:22$149'.
Creating decoders for process `$paramod$c3982464bdd43885eb14a5af78baf7982db37425\cordic_stage.$proc$cordic_stage.sv:27$140'.
     1/4: $0\valid_out[0:0]
     2/4: $0\z_out[15:0]
     3/4: $0\y_out[15:0]
     4/4: $0\x_out[15:0]
Creating decoders for process `$paramod$c3982464bdd43885eb14a5af78baf7982db37425\cordic_stage.$proc$cordic_stage.sv:22$137'.
Creating decoders for process `$paramod$1ceed3bff8837b34d0a66987aff5145c079c2fbd\cordic_stage.$proc$cordic_stage.sv:27$128'.
     1/4: $0\valid_out[0:0]
     2/4: $0\z_out[15:0]
     3/4: $0\y_out[15:0]
     4/4: $0\x_out[15:0]
Creating decoders for process `$paramod$1ceed3bff8837b34d0a66987aff5145c079c2fbd\cordic_stage.$proc$cordic_stage.sv:22$125'.
Creating decoders for process `$paramod$a744cc0f1faffa6b4bad02f7493d97baee494aa9\cordic_stage.$proc$cordic_stage.sv:27$116'.
     1/4: $0\valid_out[0:0]
     2/4: $0\z_out[15:0]
     3/4: $0\y_out[15:0]
     4/4: $0\x_out[15:0]
Creating decoders for process `$paramod$a744cc0f1faffa6b4bad02f7493d97baee494aa9\cordic_stage.$proc$cordic_stage.sv:22$113'.
Creating decoders for process `$paramod$4f7c2943c908f89b3241078e20d5e72df920ea4c\cordic_stage.$proc$cordic_stage.sv:27$104'.
     1/4: $0\valid_out[0:0]
     2/4: $0\z_out[15:0]
     3/4: $0\y_out[15:0]
     4/4: $0\x_out[15:0]
Creating decoders for process `$paramod$4f7c2943c908f89b3241078e20d5e72df920ea4c\cordic_stage.$proc$cordic_stage.sv:22$101'.
Creating decoders for process `$paramod$e0b39c4462fc09c778e150d1c789ca7fe160ca07\cordic_stage.$proc$cordic_stage.sv:27$92'.
     1/4: $0\valid_out[0:0]
     2/4: $0\z_out[15:0]
     3/4: $0\y_out[15:0]
     4/4: $0\x_out[15:0]
Creating decoders for process `$paramod$e0b39c4462fc09c778e150d1c789ca7fe160ca07\cordic_stage.$proc$cordic_stage.sv:22$89'.
Creating decoders for process `$paramod$bfb04248936278b1df1155cdc757ddb460a8d245\cordic_stage.$proc$cordic_stage.sv:27$80'.
     1/4: $0\valid_out[0:0]
     2/4: $0\z_out[15:0]
     3/4: $0\y_out[15:0]
     4/4: $0\x_out[15:0]
Creating decoders for process `$paramod$bfb04248936278b1df1155cdc757ddb460a8d245\cordic_stage.$proc$cordic_stage.sv:22$77'.
Creating decoders for process `$paramod$13df4f4c9c1b261592c9a2486a54e334ba271a0d\cordic_stage.$proc$cordic_stage.sv:27$68'.
     1/4: $0\valid_out[0:0]
     2/4: $0\z_out[15:0]
     3/4: $0\y_out[15:0]
     4/4: $0\x_out[15:0]
Creating decoders for process `$paramod$13df4f4c9c1b261592c9a2486a54e334ba271a0d\cordic_stage.$proc$cordic_stage.sv:22$65'.
Creating decoders for process `$paramod$92317b3f664a636e96e14bfabf5ac92fa5f616e0\cordic_stage.$proc$cordic_stage.sv:27$56'.
     1/4: $0\valid_out[0:0]
     2/4: $0\z_out[15:0]
     3/4: $0\y_out[15:0]
     4/4: $0\x_out[15:0]
Creating decoders for process `$paramod$92317b3f664a636e96e14bfabf5ac92fa5f616e0\cordic_stage.$proc$cordic_stage.sv:22$53'.
Creating decoders for process `$paramod$1c78dad951792559821a28759880bf6605d5ac8b\cordic_stage.$proc$cordic_stage.sv:27$44'.
     1/4: $0\valid_out[0:0]
     2/4: $0\z_out[15:0]
     3/4: $0\y_out[15:0]
     4/4: $0\x_out[15:0]
Creating decoders for process `$paramod$1c78dad951792559821a28759880bf6605d5ac8b\cordic_stage.$proc$cordic_stage.sv:22$41'.
Creating decoders for process `$paramod$ab10e97098def7190bb8b712e42708d46e5dfde5\cordic_stage.$proc$cordic_stage.sv:27$224'.
     1/4: $0\valid_out[0:0]
     2/4: $0\z_out[15:0]
     3/4: $0\y_out[15:0]
     4/4: $0\x_out[15:0]
Creating decoders for process `$paramod$ab10e97098def7190bb8b712e42708d46e5dfde5\cordic_stage.$proc$cordic_stage.sv:22$221'.
Creating decoders for process `\cordic_wrapper.$proc$cordic_wrapper.sv:29$432'.
Creating decoders for process `\cordic_wrapper.$proc$cordic_wrapper.sv:29$431'.
Creating decoders for process `\cordic_wrapper.$proc$cordic_wrapper.sv:29$430'.
Creating decoders for process `\cordic_wrapper.$proc$cordic_wrapper.sv:29$429'.
Creating decoders for process `\cordic_wrapper.$proc$cordic_wrapper.sv:29$428'.
Creating decoders for process `\cordic_wrapper.$proc$cordic_wrapper.sv:29$427'.
Creating decoders for process `\cordic_wrapper.$proc$cordic_wrapper.sv:29$426'.
Creating decoders for process `\cordic_wrapper.$proc$cordic_wrapper.sv:29$425'.
Creating decoders for process `\cordic_wrapper.$proc$cordic_wrapper.sv:29$424'.
Creating decoders for process `\cordic_wrapper.$proc$cordic_wrapper.sv:29$423'.
Creating decoders for process `\cordic_wrapper.$proc$cordic_wrapper.sv:29$422'.
Creating decoders for process `\cordic_wrapper.$proc$cordic_wrapper.sv:29$421'.
Creating decoders for process `\cordic_wrapper.$proc$cordic_wrapper.sv:29$420'.
Creating decoders for process `\cordic_wrapper.$proc$cordic_wrapper.sv:29$419'.
Creating decoders for process `\cordic_wrapper.$proc$cordic_wrapper.sv:29$418'.
Creating decoders for process `\cordic_wrapper.$proc$cordic_wrapper.sv:29$417'.
Creating decoders for process `\cordic_wrapper.$proc$cordic_wrapper.sv:29$416'.
Creating decoders for process `\cordic_wrapper.$proc$cordic_wrapper.sv:29$415'.
Creating decoders for process `\cordic_wrapper.$proc$cordic_wrapper.sv:29$414'.
Creating decoders for process `\cordic_wrapper.$proc$cordic_wrapper.sv:29$413'.
Creating decoders for process `\cordic_wrapper.$proc$cordic_wrapper.sv:29$412'.
Creating decoders for process `\cordic_wrapper.$proc$cordic_wrapper.sv:29$411'.
Creating decoders for process `\cordic_wrapper.$proc$cordic_wrapper.sv:29$410'.
Creating decoders for process `\cordic_wrapper.$proc$cordic_wrapper.sv:29$409'.
Creating decoders for process `\cordic_wrapper.$proc$cordic_wrapper.sv:29$408'.
Creating decoders for process `\cordic_wrapper.$proc$cordic_wrapper.sv:29$407'.
Creating decoders for process `\cordic_wrapper.$proc$cordic_wrapper.sv:29$406'.
Creating decoders for process `\cordic_wrapper.$proc$cordic_wrapper.sv:29$405'.
Creating decoders for process `\cordic_wrapper.$proc$cordic_wrapper.sv:29$404'.
Creating decoders for process `\cordic_wrapper.$proc$cordic_wrapper.sv:29$403'.
Creating decoders for process `\cordic_wrapper.$proc$cordic_wrapper.sv:29$402'.
Creating decoders for process `\cordic_wrapper.$proc$cordic_wrapper.sv:29$401'.
Creating decoders for process `\cordic_wrapper.$proc$cordic_wrapper.sv:29$400'.
Creating decoders for process `\cordic_wrapper.$proc$cordic_wrapper.sv:29$399'.
Creating decoders for process `\cordic_wrapper.$proc$cordic_wrapper.sv:29$398'.
Creating decoders for process `\cordic_wrapper.$proc$cordic_wrapper.sv:29$397'.
Creating decoders for process `\cordic_wrapper.$proc$cordic_wrapper.sv:29$396'.
Creating decoders for process `\cordic_wrapper.$proc$cordic_wrapper.sv:29$395'.
Creating decoders for process `\cordic_wrapper.$proc$cordic_wrapper.sv:29$394'.
Creating decoders for process `\cordic_wrapper.$proc$cordic_wrapper.sv:29$393'.
Creating decoders for process `\cordic_wrapper.$proc$cordic_wrapper.sv:29$392'.
Creating decoders for process `\cordic_wrapper.$proc$cordic_wrapper.sv:29$391'.
Creating decoders for process `\cordic_wrapper.$proc$cordic_wrapper.sv:29$390'.
Creating decoders for process `\cordic_wrapper.$proc$cordic_wrapper.sv:29$389'.
Creating decoders for process `\cordic_wrapper.$proc$cordic_wrapper.sv:29$388'.
Creating decoders for process `\cordic_wrapper.$proc$cordic_wrapper.sv:29$387'.
Creating decoders for process `\cordic_wrapper.$proc$cordic_wrapper.sv:29$386'.
Creating decoders for process `\cordic_wrapper.$proc$cordic_wrapper.sv:29$385'.
Creating decoders for process `\cordic_wrapper.$proc$cordic_wrapper.sv:29$384'.
Creating decoders for process `\cordic_wrapper.$proc$cordic_wrapper.sv:29$383'.
Creating decoders for process `\cordic_wrapper.$proc$cordic_wrapper.sv:29$382'.
Creating decoders for process `\cordic_wrapper.$proc$cordic_wrapper.sv:29$381'.
Creating decoders for process `\cordic_wrapper.$proc$cordic_wrapper.sv:29$380'.
Creating decoders for process `\cordic_wrapper.$proc$cordic_wrapper.sv:29$379'.
Creating decoders for process `\cordic_wrapper.$proc$cordic_wrapper.sv:29$378'.
Creating decoders for process `\cordic_wrapper.$proc$cordic_wrapper.sv:29$377'.
Creating decoders for process `\cordic_wrapper.$proc$cordic_wrapper.sv:29$376'.
Creating decoders for process `\cordic_wrapper.$proc$cordic_wrapper.sv:29$375'.
Creating decoders for process `\cordic_wrapper.$proc$cordic_wrapper.sv:29$374'.
Creating decoders for process `\cordic_wrapper.$proc$cordic_wrapper.sv:29$373'.
Creating decoders for process `\cordic_wrapper.$proc$cordic_wrapper.sv:29$372'.
Creating decoders for process `\cordic_wrapper.$proc$cordic_wrapper.sv:29$371'.
Creating decoders for process `\cordic_wrapper.$proc$cordic_wrapper.sv:29$370'.
Creating decoders for process `\cordic_wrapper.$proc$cordic_wrapper.sv:29$369'.
Creating decoders for process `\cordic_wrapper.$proc$cordic_wrapper.sv:23$368'.
Creating decoders for process `\cordic_wrapper.$proc$cordic_wrapper.sv:22$367'.
Creating decoders for process `\cordic_wrapper.$proc$cordic_wrapper.sv:21$366'.
Creating decoders for process `\cordic_wrapper.$proc$cordic_wrapper.sv:20$365'.
Creating decoders for process `\phase_folder.$proc$phase_folder.sv:16$19'.
     1/2: $0\phase_out_folded[15:0]
     2/2: $0\valid_out_folded[0:0]
Creating decoders for process `\phase_folder.$proc$phase_folder.sv:12$17'.
Creating decoders for process `\siren_scaler.$proc$siren_scaler.sv:19$15'.
     1/2: $0\valid_out[0:0]
     2/2: $0\data_out[15:0]
Creating decoders for process `\siren_scaler.$proc$siren_scaler.sv:14$11'.
Creating decoders for process `\mac_unit.$proc$mac_unit.sv:29$7'.
     1/3: $0\valid_out[0:0]
     2/3: $0\acc_out[15:0]
     3/3: $0\ovf_flag[0:0]
Creating decoders for process `\mac_unit.$proc$mac_unit.sv:18$1'.
     1/1: $1\add_out[32:0]

11.2.8. Executing PROC_DLATCH pass (convert process syncs to latches).
No latch inferred for signal `$paramod$fda4c52592ec151689e44937ab5af6abb2bbb4f7\cordic_stage.\x0' from process `$paramod$fda4c52592ec151689e44937ab5af6abb2bbb4f7\cordic_stage.$proc$cordic_stage.sv:22$209'.
No latch inferred for signal `$paramod$fda4c52592ec151689e44937ab5af6abb2bbb4f7\cordic_stage.\y0' from process `$paramod$fda4c52592ec151689e44937ab5af6abb2bbb4f7\cordic_stage.$proc$cordic_stage.sv:22$209'.
No latch inferred for signal `$paramod$a64f440093fbb2a761ca462422596e7cf59060b9\cordic_stage.\x0' from process `$paramod$a64f440093fbb2a761ca462422596e7cf59060b9\cordic_stage.$proc$cordic_stage.sv:22$197'.
No latch inferred for signal `$paramod$a64f440093fbb2a761ca462422596e7cf59060b9\cordic_stage.\y0' from process `$paramod$a64f440093fbb2a761ca462422596e7cf59060b9\cordic_stage.$proc$cordic_stage.sv:22$197'.
No latch inferred for signal `$paramod$d051e689d5327a357ac2c918100372a7016c9475\cordic_stage.\x0' from process `$paramod$d051e689d5327a357ac2c918100372a7016c9475\cordic_stage.$proc$cordic_stage.sv:22$185'.
No latch inferred for signal `$paramod$d051e689d5327a357ac2c918100372a7016c9475\cordic_stage.\y0' from process `$paramod$d051e689d5327a357ac2c918100372a7016c9475\cordic_stage.$proc$cordic_stage.sv:22$185'.
No latch inferred for signal `$paramod$126d84d701c2cc9a597647f943872c89fc0e0486\cordic_stage.\x0' from process `$paramod$126d84d701c2cc9a597647f943872c89fc0e0486\cordic_stage.$proc$cordic_stage.sv:22$173'.
No latch inferred for signal `$paramod$126d84d701c2cc9a597647f943872c89fc0e0486\cordic_stage.\y0' from process `$paramod$126d84d701c2cc9a597647f943872c89fc0e0486\cordic_stage.$proc$cordic_stage.sv:22$173'.
No latch inferred for signal `$paramod$be7bec05f99528b83047c54b2c3b7ab2ac7f529f\cordic_stage.\x0' from process `$paramod$be7bec05f99528b83047c54b2c3b7ab2ac7f529f\cordic_stage.$proc$cordic_stage.sv:22$161'.
No latch inferred for signal `$paramod$be7bec05f99528b83047c54b2c3b7ab2ac7f529f\cordic_stage.\y0' from process `$paramod$be7bec05f99528b83047c54b2c3b7ab2ac7f529f\cordic_stage.$proc$cordic_stage.sv:22$161'.
No latch inferred for signal `$paramod$b8db0999d09c2bf93070cea839ea649340d02004\cordic_stage.\x0' from process `$paramod$b8db0999d09c2bf93070cea839ea649340d02004\cordic_stage.$proc$cordic_stage.sv:22$149'.
No latch inferred for signal `$paramod$b8db0999d09c2bf93070cea839ea649340d02004\cordic_stage.\y0' from process `$paramod$b8db0999d09c2bf93070cea839ea649340d02004\cordic_stage.$proc$cordic_stage.sv:22$149'.
No latch inferred for signal `$paramod$c3982464bdd43885eb14a5af78baf7982db37425\cordic_stage.\x0' from process `$paramod$c3982464bdd43885eb14a5af78baf7982db37425\cordic_stage.$proc$cordic_stage.sv:22$137'.
No latch inferred for signal `$paramod$c3982464bdd43885eb14a5af78baf7982db37425\cordic_stage.\y0' from process `$paramod$c3982464bdd43885eb14a5af78baf7982db37425\cordic_stage.$proc$cordic_stage.sv:22$137'.
No latch inferred for signal `$paramod$1ceed3bff8837b34d0a66987aff5145c079c2fbd\cordic_stage.\x0' from process `$paramod$1ceed3bff8837b34d0a66987aff5145c079c2fbd\cordic_stage.$proc$cordic_stage.sv:22$125'.
No latch inferred for signal `$paramod$1ceed3bff8837b34d0a66987aff5145c079c2fbd\cordic_stage.\y0' from process `$paramod$1ceed3bff8837b34d0a66987aff5145c079c2fbd\cordic_stage.$proc$cordic_stage.sv:22$125'.
No latch inferred for signal `$paramod$a744cc0f1faffa6b4bad02f7493d97baee494aa9\cordic_stage.\x0' from process `$paramod$a744cc0f1faffa6b4bad02f7493d97baee494aa9\cordic_stage.$proc$cordic_stage.sv:22$113'.
No latch inferred for signal `$paramod$a744cc0f1faffa6b4bad02f7493d97baee494aa9\cordic_stage.\y0' from process `$paramod$a744cc0f1faffa6b4bad02f7493d97baee494aa9\cordic_stage.$proc$cordic_stage.sv:22$113'.
No latch inferred for signal `$paramod$4f7c2943c908f89b3241078e20d5e72df920ea4c\cordic_stage.\x0' from process `$paramod$4f7c2943c908f89b3241078e20d5e72df920ea4c\cordic_stage.$proc$cordic_stage.sv:22$101'.
No latch inferred for signal `$paramod$4f7c2943c908f89b3241078e20d5e72df920ea4c\cordic_stage.\y0' from process `$paramod$4f7c2943c908f89b3241078e20d5e72df920ea4c\cordic_stage.$proc$cordic_stage.sv:22$101'.
No latch inferred for signal `$paramod$e0b39c4462fc09c778e150d1c789ca7fe160ca07\cordic_stage.\x0' from process `$paramod$e0b39c4462fc09c778e150d1c789ca7fe160ca07\cordic_stage.$proc$cordic_stage.sv:22$89'.
No latch inferred for signal `$paramod$e0b39c4462fc09c778e150d1c789ca7fe160ca07\cordic_stage.\y0' from process `$paramod$e0b39c4462fc09c778e150d1c789ca7fe160ca07\cordic_stage.$proc$cordic_stage.sv:22$89'.
No latch inferred for signal `$paramod$bfb04248936278b1df1155cdc757ddb460a8d245\cordic_stage.\x0' from process `$paramod$bfb04248936278b1df1155cdc757ddb460a8d245\cordic_stage.$proc$cordic_stage.sv:22$77'.
No latch inferred for signal `$paramod$bfb04248936278b1df1155cdc757ddb460a8d245\cordic_stage.\y0' from process `$paramod$bfb04248936278b1df1155cdc757ddb460a8d245\cordic_stage.$proc$cordic_stage.sv:22$77'.
No latch inferred for signal `$paramod$13df4f4c9c1b261592c9a2486a54e334ba271a0d\cordic_stage.\x0' from process `$paramod$13df4f4c9c1b261592c9a2486a54e334ba271a0d\cordic_stage.$proc$cordic_stage.sv:22$65'.
No latch inferred for signal `$paramod$13df4f4c9c1b261592c9a2486a54e334ba271a0d\cordic_stage.\y0' from process `$paramod$13df4f4c9c1b261592c9a2486a54e334ba271a0d\cordic_stage.$proc$cordic_stage.sv:22$65'.
No latch inferred for signal `$paramod$92317b3f664a636e96e14bfabf5ac92fa5f616e0\cordic_stage.\x0' from process `$paramod$92317b3f664a636e96e14bfabf5ac92fa5f616e0\cordic_stage.$proc$cordic_stage.sv:22$53'.
No latch inferred for signal `$paramod$92317b3f664a636e96e14bfabf5ac92fa5f616e0\cordic_stage.\y0' from process `$paramod$92317b3f664a636e96e14bfabf5ac92fa5f616e0\cordic_stage.$proc$cordic_stage.sv:22$53'.
No latch inferred for signal `$paramod$1c78dad951792559821a28759880bf6605d5ac8b\cordic_stage.\x0' from process `$paramod$1c78dad951792559821a28759880bf6605d5ac8b\cordic_stage.$proc$cordic_stage.sv:22$41'.
No latch inferred for signal `$paramod$1c78dad951792559821a28759880bf6605d5ac8b\cordic_stage.\y0' from process `$paramod$1c78dad951792559821a28759880bf6605d5ac8b\cordic_stage.$proc$cordic_stage.sv:22$41'.
No latch inferred for signal `$paramod$ab10e97098def7190bb8b712e42708d46e5dfde5\cordic_stage.\x0' from process `$paramod$ab10e97098def7190bb8b712e42708d46e5dfde5\cordic_stage.$proc$cordic_stage.sv:22$221'.
No latch inferred for signal `$paramod$ab10e97098def7190bb8b712e42708d46e5dfde5\cordic_stage.\y0' from process `$paramod$ab10e97098def7190bb8b712e42708d46e5dfde5\cordic_stage.$proc$cordic_stage.sv:22$221'.
No latch inferred for signal `\cordic_wrapper.\z_pipe[16]' from process `\cordic_wrapper.$proc$cordic_wrapper.sv:29$432'.
No latch inferred for signal `\cordic_wrapper.\y_pipe[16]' from process `\cordic_wrapper.$proc$cordic_wrapper.sv:29$431'.
No latch inferred for signal `\cordic_wrapper.\x_pipe[16]' from process `\cordic_wrapper.$proc$cordic_wrapper.sv:29$430'.
No latch inferred for signal `\cordic_wrapper.\valid_pipe[16]' from process `\cordic_wrapper.$proc$cordic_wrapper.sv:29$429'.
No latch inferred for signal `\cordic_wrapper.\z_pipe[15]' from process `\cordic_wrapper.$proc$cordic_wrapper.sv:29$428'.
No latch inferred for signal `\cordic_wrapper.\y_pipe[15]' from process `\cordic_wrapper.$proc$cordic_wrapper.sv:29$427'.
No latch inferred for signal `\cordic_wrapper.\x_pipe[15]' from process `\cordic_wrapper.$proc$cordic_wrapper.sv:29$426'.
No latch inferred for signal `\cordic_wrapper.\valid_pipe[15]' from process `\cordic_wrapper.$proc$cordic_wrapper.sv:29$425'.
No latch inferred for signal `\cordic_wrapper.\z_pipe[14]' from process `\cordic_wrapper.$proc$cordic_wrapper.sv:29$424'.
No latch inferred for signal `\cordic_wrapper.\y_pipe[14]' from process `\cordic_wrapper.$proc$cordic_wrapper.sv:29$423'.
No latch inferred for signal `\cordic_wrapper.\x_pipe[14]' from process `\cordic_wrapper.$proc$cordic_wrapper.sv:29$422'.
No latch inferred for signal `\cordic_wrapper.\valid_pipe[14]' from process `\cordic_wrapper.$proc$cordic_wrapper.sv:29$421'.
No latch inferred for signal `\cordic_wrapper.\z_pipe[13]' from process `\cordic_wrapper.$proc$cordic_wrapper.sv:29$420'.
No latch inferred for signal `\cordic_wrapper.\y_pipe[13]' from process `\cordic_wrapper.$proc$cordic_wrapper.sv:29$419'.
No latch inferred for signal `\cordic_wrapper.\x_pipe[13]' from process `\cordic_wrapper.$proc$cordic_wrapper.sv:29$418'.
No latch inferred for signal `\cordic_wrapper.\valid_pipe[13]' from process `\cordic_wrapper.$proc$cordic_wrapper.sv:29$417'.
No latch inferred for signal `\cordic_wrapper.\z_pipe[12]' from process `\cordic_wrapper.$proc$cordic_wrapper.sv:29$416'.
No latch inferred for signal `\cordic_wrapper.\y_pipe[12]' from process `\cordic_wrapper.$proc$cordic_wrapper.sv:29$415'.
No latch inferred for signal `\cordic_wrapper.\x_pipe[12]' from process `\cordic_wrapper.$proc$cordic_wrapper.sv:29$414'.
No latch inferred for signal `\cordic_wrapper.\valid_pipe[12]' from process `\cordic_wrapper.$proc$cordic_wrapper.sv:29$413'.
No latch inferred for signal `\cordic_wrapper.\z_pipe[11]' from process `\cordic_wrapper.$proc$cordic_wrapper.sv:29$412'.
No latch inferred for signal `\cordic_wrapper.\y_pipe[11]' from process `\cordic_wrapper.$proc$cordic_wrapper.sv:29$411'.
No latch inferred for signal `\cordic_wrapper.\x_pipe[11]' from process `\cordic_wrapper.$proc$cordic_wrapper.sv:29$410'.
No latch inferred for signal `\cordic_wrapper.\valid_pipe[11]' from process `\cordic_wrapper.$proc$cordic_wrapper.sv:29$409'.
No latch inferred for signal `\cordic_wrapper.\z_pipe[10]' from process `\cordic_wrapper.$proc$cordic_wrapper.sv:29$408'.
No latch inferred for signal `\cordic_wrapper.\y_pipe[10]' from process `\cordic_wrapper.$proc$cordic_wrapper.sv:29$407'.
No latch inferred for signal `\cordic_wrapper.\x_pipe[10]' from process `\cordic_wrapper.$proc$cordic_wrapper.sv:29$406'.
No latch inferred for signal `\cordic_wrapper.\valid_pipe[10]' from process `\cordic_wrapper.$proc$cordic_wrapper.sv:29$405'.
No latch inferred for signal `\cordic_wrapper.\z_pipe[9]' from process `\cordic_wrapper.$proc$cordic_wrapper.sv:29$404'.
No latch inferred for signal `\cordic_wrapper.\y_pipe[9]' from process `\cordic_wrapper.$proc$cordic_wrapper.sv:29$403'.
No latch inferred for signal `\cordic_wrapper.\x_pipe[9]' from process `\cordic_wrapper.$proc$cordic_wrapper.sv:29$402'.
No latch inferred for signal `\cordic_wrapper.\valid_pipe[9]' from process `\cordic_wrapper.$proc$cordic_wrapper.sv:29$401'.
No latch inferred for signal `\cordic_wrapper.\z_pipe[8]' from process `\cordic_wrapper.$proc$cordic_wrapper.sv:29$400'.
No latch inferred for signal `\cordic_wrapper.\y_pipe[8]' from process `\cordic_wrapper.$proc$cordic_wrapper.sv:29$399'.
No latch inferred for signal `\cordic_wrapper.\x_pipe[8]' from process `\cordic_wrapper.$proc$cordic_wrapper.sv:29$398'.
No latch inferred for signal `\cordic_wrapper.\valid_pipe[8]' from process `\cordic_wrapper.$proc$cordic_wrapper.sv:29$397'.
No latch inferred for signal `\cordic_wrapper.\z_pipe[7]' from process `\cordic_wrapper.$proc$cordic_wrapper.sv:29$396'.
No latch inferred for signal `\cordic_wrapper.\y_pipe[7]' from process `\cordic_wrapper.$proc$cordic_wrapper.sv:29$395'.
No latch inferred for signal `\cordic_wrapper.\x_pipe[7]' from process `\cordic_wrapper.$proc$cordic_wrapper.sv:29$394'.
No latch inferred for signal `\cordic_wrapper.\valid_pipe[7]' from process `\cordic_wrapper.$proc$cordic_wrapper.sv:29$393'.
No latch inferred for signal `\cordic_wrapper.\z_pipe[6]' from process `\cordic_wrapper.$proc$cordic_wrapper.sv:29$392'.
No latch inferred for signal `\cordic_wrapper.\y_pipe[6]' from process `\cordic_wrapper.$proc$cordic_wrapper.sv:29$391'.
No latch inferred for signal `\cordic_wrapper.\x_pipe[6]' from process `\cordic_wrapper.$proc$cordic_wrapper.sv:29$390'.
No latch inferred for signal `\cordic_wrapper.\valid_pipe[6]' from process `\cordic_wrapper.$proc$cordic_wrapper.sv:29$389'.
No latch inferred for signal `\cordic_wrapper.\z_pipe[5]' from process `\cordic_wrapper.$proc$cordic_wrapper.sv:29$388'.
No latch inferred for signal `\cordic_wrapper.\y_pipe[5]' from process `\cordic_wrapper.$proc$cordic_wrapper.sv:29$387'.
No latch inferred for signal `\cordic_wrapper.\x_pipe[5]' from process `\cordic_wrapper.$proc$cordic_wrapper.sv:29$386'.
No latch inferred for signal `\cordic_wrapper.\valid_pipe[5]' from process `\cordic_wrapper.$proc$cordic_wrapper.sv:29$385'.
No latch inferred for signal `\cordic_wrapper.\z_pipe[4]' from process `\cordic_wrapper.$proc$cordic_wrapper.sv:29$384'.
No latch inferred for signal `\cordic_wrapper.\y_pipe[4]' from process `\cordic_wrapper.$proc$cordic_wrapper.sv:29$383'.
No latch inferred for signal `\cordic_wrapper.\x_pipe[4]' from process `\cordic_wrapper.$proc$cordic_wrapper.sv:29$382'.
No latch inferred for signal `\cordic_wrapper.\valid_pipe[4]' from process `\cordic_wrapper.$proc$cordic_wrapper.sv:29$381'.
No latch inferred for signal `\cordic_wrapper.\z_pipe[3]' from process `\cordic_wrapper.$proc$cordic_wrapper.sv:29$380'.
No latch inferred for signal `\cordic_wrapper.\y_pipe[3]' from process `\cordic_wrapper.$proc$cordic_wrapper.sv:29$379'.
No latch inferred for signal `\cordic_wrapper.\x_pipe[3]' from process `\cordic_wrapper.$proc$cordic_wrapper.sv:29$378'.
No latch inferred for signal `\cordic_wrapper.\valid_pipe[3]' from process `\cordic_wrapper.$proc$cordic_wrapper.sv:29$377'.
No latch inferred for signal `\cordic_wrapper.\z_pipe[2]' from process `\cordic_wrapper.$proc$cordic_wrapper.sv:29$376'.
No latch inferred for signal `\cordic_wrapper.\y_pipe[2]' from process `\cordic_wrapper.$proc$cordic_wrapper.sv:29$375'.
No latch inferred for signal `\cordic_wrapper.\x_pipe[2]' from process `\cordic_wrapper.$proc$cordic_wrapper.sv:29$374'.
No latch inferred for signal `\cordic_wrapper.\valid_pipe[2]' from process `\cordic_wrapper.$proc$cordic_wrapper.sv:29$373'.
No latch inferred for signal `\cordic_wrapper.\z_pipe[1]' from process `\cordic_wrapper.$proc$cordic_wrapper.sv:29$372'.
No latch inferred for signal `\cordic_wrapper.\y_pipe[1]' from process `\cordic_wrapper.$proc$cordic_wrapper.sv:29$371'.
No latch inferred for signal `\cordic_wrapper.\x_pipe[1]' from process `\cordic_wrapper.$proc$cordic_wrapper.sv:29$370'.
No latch inferred for signal `\cordic_wrapper.\valid_pipe[1]' from process `\cordic_wrapper.$proc$cordic_wrapper.sv:29$369'.
No latch inferred for signal `\cordic_wrapper.\valid_pipe[0]' from process `\cordic_wrapper.$proc$cordic_wrapper.sv:23$368'.
No latch inferred for signal `\cordic_wrapper.\z_pipe[0]' from process `\cordic_wrapper.$proc$cordic_wrapper.sv:22$367'.
No latch inferred for signal `\cordic_wrapper.\y_pipe[0]' from process `\cordic_wrapper.$proc$cordic_wrapper.sv:21$366'.
No latch inferred for signal `\cordic_wrapper.\x_pipe[0]' from process `\cordic_wrapper.$proc$cordic_wrapper.sv:20$365'.
No latch inferred for signal `\phase_folder.\folded_angle' from process `\phase_folder.$proc$phase_folder.sv:12$17'.
No latch inferred for signal `\siren_scaler.\shift_a' from process `\siren_scaler.$proc$siren_scaler.sv:14$11'.
No latch inferred for signal `\siren_scaler.\shift_b' from process `\siren_scaler.$proc$siren_scaler.sv:14$11'.
No latch inferred for signal `\siren_scaler.\sub_result' from process `\siren_scaler.$proc$siren_scaler.sv:14$11'.
No latch inferred for signal `\mac_unit.\mult_out' from process `\mac_unit.$proc$mac_unit.sv:18$1'.
No latch inferred for signal `\mac_unit.\add_out' from process `\mac_unit.$proc$mac_unit.sv:18$1'.

11.2.9. Executing PROC_DFF pass (convert process syncs to FFs).
Creating register for signal `$paramod$fda4c52592ec151689e44937ab5af6abb2bbb4f7\cordic_stage.\valid_out' using process `$paramod$fda4c52592ec151689e44937ab5af6abb2bbb4f7\cordic_stage.$proc$cordic_stage.sv:27$212'.
  created $adff cell `$procdff$698' with positive edge clock and positive level reset.
Creating register for signal `$paramod$fda4c52592ec151689e44937ab5af6abb2bbb4f7\cordic_stage.\x_out' using process `$paramod$fda4c52592ec151689e44937ab5af6abb2bbb4f7\cordic_stage.$proc$cordic_stage.sv:27$212'.
  created $adff cell `$procdff$703' with positive edge clock and positive level reset.
Creating register for signal `$paramod$fda4c52592ec151689e44937ab5af6abb2bbb4f7\cordic_stage.\y_out' using process `$paramod$fda4c52592ec151689e44937ab5af6abb2bbb4f7\cordic_stage.$proc$cordic_stage.sv:27$212'.
  created $adff cell `$procdff$708' with positive edge clock and positive level reset.
Creating register for signal `$paramod$fda4c52592ec151689e44937ab5af6abb2bbb4f7\cordic_stage.\z_out' using process `$paramod$fda4c52592ec151689e44937ab5af6abb2bbb4f7\cordic_stage.$proc$cordic_stage.sv:27$212'.
  created $adff cell `$procdff$713' with positive edge clock and positive level reset.
Creating register for signal `$paramod$a64f440093fbb2a761ca462422596e7cf59060b9\cordic_stage.\valid_out' using process `$paramod$a64f440093fbb2a761ca462422596e7cf59060b9\cordic_stage.$proc$cordic_stage.sv:27$200'.
  created $adff cell `$procdff$718' with positive edge clock and positive level reset.
Creating register for signal `$paramod$a64f440093fbb2a761ca462422596e7cf59060b9\cordic_stage.\x_out' using process `$paramod$a64f440093fbb2a761ca462422596e7cf59060b9\cordic_stage.$proc$cordic_stage.sv:27$200'.
  created $adff cell `$procdff$723' with positive edge clock and positive level reset.
Creating register for signal `$paramod$a64f440093fbb2a761ca462422596e7cf59060b9\cordic_stage.\y_out' using process `$paramod$a64f440093fbb2a761ca462422596e7cf59060b9\cordic_stage.$proc$cordic_stage.sv:27$200'.
  created $adff cell `$procdff$728' with positive edge clock and positive level reset.
Creating register for signal `$paramod$a64f440093fbb2a761ca462422596e7cf59060b9\cordic_stage.\z_out' using process `$paramod$a64f440093fbb2a761ca462422596e7cf59060b9\cordic_stage.$proc$cordic_stage.sv:27$200'.
  created $adff cell `$procdff$733' with positive edge clock and positive level reset.
Creating register for signal `$paramod$d051e689d5327a357ac2c918100372a7016c9475\cordic_stage.\valid_out' using process `$paramod$d051e689d5327a357ac2c918100372a7016c9475\cordic_stage.$proc$cordic_stage.sv:27$188'.
  created $adff cell `$procdff$738' with positive edge clock and positive level reset.
Creating register for signal `$paramod$d051e689d5327a357ac2c918100372a7016c9475\cordic_stage.\x_out' using process `$paramod$d051e689d5327a357ac2c918100372a7016c9475\cordic_stage.$proc$cordic_stage.sv:27$188'.
  created $adff cell `$procdff$743' with positive edge clock and positive level reset.
Creating register for signal `$paramod$d051e689d5327a357ac2c918100372a7016c9475\cordic_stage.\y_out' using process `$paramod$d051e689d5327a357ac2c918100372a7016c9475\cordic_stage.$proc$cordic_stage.sv:27$188'.
  created $adff cell `$procdff$748' with positive edge clock and positive level reset.
Creating register for signal `$paramod$d051e689d5327a357ac2c918100372a7016c9475\cordic_stage.\z_out' using process `$paramod$d051e689d5327a357ac2c918100372a7016c9475\cordic_stage.$proc$cordic_stage.sv:27$188'.
  created $adff cell `$procdff$753' with positive edge clock and positive level reset.
Creating register for signal `$paramod$126d84d701c2cc9a597647f943872c89fc0e0486\cordic_stage.\valid_out' using process `$paramod$126d84d701c2cc9a597647f943872c89fc0e0486\cordic_stage.$proc$cordic_stage.sv:27$176'.
  created $adff cell `$procdff$758' with positive edge clock and positive level reset.
Creating register for signal `$paramod$126d84d701c2cc9a597647f943872c89fc0e0486\cordic_stage.\x_out' using process `$paramod$126d84d701c2cc9a597647f943872c89fc0e0486\cordic_stage.$proc$cordic_stage.sv:27$176'.
  created $adff cell `$procdff$763' with positive edge clock and positive level reset.
Creating register for signal `$paramod$126d84d701c2cc9a597647f943872c89fc0e0486\cordic_stage.\y_out' using process `$paramod$126d84d701c2cc9a597647f943872c89fc0e0486\cordic_stage.$proc$cordic_stage.sv:27$176'.
  created $adff cell `$procdff$768' with positive edge clock and positive level reset.
Creating register for signal `$paramod$126d84d701c2cc9a597647f943872c89fc0e0486\cordic_stage.\z_out' using process `$paramod$126d84d701c2cc9a597647f943872c89fc0e0486\cordic_stage.$proc$cordic_stage.sv:27$176'.
  created $adff cell `$procdff$773' with positive edge clock and positive level reset.
Creating register for signal `$paramod$be7bec05f99528b83047c54b2c3b7ab2ac7f529f\cordic_stage.\valid_out' using process `$paramod$be7bec05f99528b83047c54b2c3b7ab2ac7f529f\cordic_stage.$proc$cordic_stage.sv:27$164'.
  created $adff cell `$procdff$778' with positive edge clock and positive level reset.
Creating register for signal `$paramod$be7bec05f99528b83047c54b2c3b7ab2ac7f529f\cordic_stage.\x_out' using process `$paramod$be7bec05f99528b83047c54b2c3b7ab2ac7f529f\cordic_stage.$proc$cordic_stage.sv:27$164'.
  created $adff cell `$procdff$783' with positive edge clock and positive level reset.
Creating register for signal `$paramod$be7bec05f99528b83047c54b2c3b7ab2ac7f529f\cordic_stage.\y_out' using process `$paramod$be7bec05f99528b83047c54b2c3b7ab2ac7f529f\cordic_stage.$proc$cordic_stage.sv:27$164'.
  created $adff cell `$procdff$788' with positive edge clock and positive level reset.
Creating register for signal `$paramod$be7bec05f99528b83047c54b2c3b7ab2ac7f529f\cordic_stage.\z_out' using process `$paramod$be7bec05f99528b83047c54b2c3b7ab2ac7f529f\cordic_stage.$proc$cordic_stage.sv:27$164'.
  created $adff cell `$procdff$793' with positive edge clock and positive level reset.
Creating register for signal `$paramod$b8db0999d09c2bf93070cea839ea649340d02004\cordic_stage.\valid_out' using process `$paramod$b8db0999d09c2bf93070cea839ea649340d02004\cordic_stage.$proc$cordic_stage.sv:27$152'.
  created $adff cell `$procdff$798' with positive edge clock and positive level reset.
Creating register for signal `$paramod$b8db0999d09c2bf93070cea839ea649340d02004\cordic_stage.\x_out' using process `$paramod$b8db0999d09c2bf93070cea839ea649340d02004\cordic_stage.$proc$cordic_stage.sv:27$152'.
  created $adff cell `$procdff$803' with positive edge clock and positive level reset.
Creating register for signal `$paramod$b8db0999d09c2bf93070cea839ea649340d02004\cordic_stage.\y_out' using process `$paramod$b8db0999d09c2bf93070cea839ea649340d02004\cordic_stage.$proc$cordic_stage.sv:27$152'.
  created $adff cell `$procdff$808' with positive edge clock and positive level reset.
Creating register for signal `$paramod$b8db0999d09c2bf93070cea839ea649340d02004\cordic_stage.\z_out' using process `$paramod$b8db0999d09c2bf93070cea839ea649340d02004\cordic_stage.$proc$cordic_stage.sv:27$152'.
  created $adff cell `$procdff$813' with positive edge clock and positive level reset.
Creating register for signal `$paramod$c3982464bdd43885eb14a5af78baf7982db37425\cordic_stage.\valid_out' using process `$paramod$c3982464bdd43885eb14a5af78baf7982db37425\cordic_stage.$proc$cordic_stage.sv:27$140'.
  created $adff cell `$procdff$818' with positive edge clock and positive level reset.
Creating register for signal `$paramod$c3982464bdd43885eb14a5af78baf7982db37425\cordic_stage.\x_out' using process `$paramod$c3982464bdd43885eb14a5af78baf7982db37425\cordic_stage.$proc$cordic_stage.sv:27$140'.
  created $adff cell `$procdff$823' with positive edge clock and positive level reset.
Creating register for signal `$paramod$c3982464bdd43885eb14a5af78baf7982db37425\cordic_stage.\y_out' using process `$paramod$c3982464bdd43885eb14a5af78baf7982db37425\cordic_stage.$proc$cordic_stage.sv:27$140'.
  created $adff cell `$procdff$828' with positive edge clock and positive level reset.
Creating register for signal `$paramod$c3982464bdd43885eb14a5af78baf7982db37425\cordic_stage.\z_out' using process `$paramod$c3982464bdd43885eb14a5af78baf7982db37425\cordic_stage.$proc$cordic_stage.sv:27$140'.
  created $adff cell `$procdff$833' with positive edge clock and positive level reset.
Creating register for signal `$paramod$1ceed3bff8837b34d0a66987aff5145c079c2fbd\cordic_stage.\valid_out' using process `$paramod$1ceed3bff8837b34d0a66987aff5145c079c2fbd\cordic_stage.$proc$cordic_stage.sv:27$128'.
  created $adff cell `$procdff$838' with positive edge clock and positive level reset.
Creating register for signal `$paramod$1ceed3bff8837b34d0a66987aff5145c079c2fbd\cordic_stage.\x_out' using process `$paramod$1ceed3bff8837b34d0a66987aff5145c079c2fbd\cordic_stage.$proc$cordic_stage.sv:27$128'.
  created $adff cell `$procdff$843' with positive edge clock and positive level reset.
Creating register for signal `$paramod$1ceed3bff8837b34d0a66987aff5145c079c2fbd\cordic_stage.\y_out' using process `$paramod$1ceed3bff8837b34d0a66987aff5145c079c2fbd\cordic_stage.$proc$cordic_stage.sv:27$128'.
  created $adff cell `$procdff$848' with positive edge clock and positive level reset.
Creating register for signal `$paramod$1ceed3bff8837b34d0a66987aff5145c079c2fbd\cordic_stage.\z_out' using process `$paramod$1ceed3bff8837b34d0a66987aff5145c079c2fbd\cordic_stage.$proc$cordic_stage.sv:27$128'.
  created $adff cell `$procdff$853' with positive edge clock and positive level reset.
Creating register for signal `$paramod$a744cc0f1faffa6b4bad02f7493d97baee494aa9\cordic_stage.\valid_out' using process `$paramod$a744cc0f1faffa6b4bad02f7493d97baee494aa9\cordic_stage.$proc$cordic_stage.sv:27$116'.
  created $adff cell `$procdff$858' with positive edge clock and positive level reset.
Creating register for signal `$paramod$a744cc0f1faffa6b4bad02f7493d97baee494aa9\cordic_stage.\x_out' using process `$paramod$a744cc0f1faffa6b4bad02f7493d97baee494aa9\cordic_stage.$proc$cordic_stage.sv:27$116'.
  created $adff cell `$procdff$863' with positive edge clock and positive level reset.
Creating register for signal `$paramod$a744cc0f1faffa6b4bad02f7493d97baee494aa9\cordic_stage.\y_out' using process `$paramod$a744cc0f1faffa6b4bad02f7493d97baee494aa9\cordic_stage.$proc$cordic_stage.sv:27$116'.
  created $adff cell `$procdff$868' with positive edge clock and positive level reset.
Creating register for signal `$paramod$a744cc0f1faffa6b4bad02f7493d97baee494aa9\cordic_stage.\z_out' using process `$paramod$a744cc0f1faffa6b4bad02f7493d97baee494aa9\cordic_stage.$proc$cordic_stage.sv:27$116'.
  created $adff cell `$procdff$873' with positive edge clock and positive level reset.
Creating register for signal `$paramod$4f7c2943c908f89b3241078e20d5e72df920ea4c\cordic_stage.\valid_out' using process `$paramod$4f7c2943c908f89b3241078e20d5e72df920ea4c\cordic_stage.$proc$cordic_stage.sv:27$104'.
  created $adff cell `$procdff$878' with positive edge clock and positive level reset.
Creating register for signal `$paramod$4f7c2943c908f89b3241078e20d5e72df920ea4c\cordic_stage.\x_out' using process `$paramod$4f7c2943c908f89b3241078e20d5e72df920ea4c\cordic_stage.$proc$cordic_stage.sv:27$104'.
  created $adff cell `$procdff$883' with positive edge clock and positive level reset.
Creating register for signal `$paramod$4f7c2943c908f89b3241078e20d5e72df920ea4c\cordic_stage.\y_out' using process `$paramod$4f7c2943c908f89b3241078e20d5e72df920ea4c\cordic_stage.$proc$cordic_stage.sv:27$104'.
  created $adff cell `$procdff$888' with positive edge clock and positive level reset.
Creating register for signal `$paramod$4f7c2943c908f89b3241078e20d5e72df920ea4c\cordic_stage.\z_out' using process `$paramod$4f7c2943c908f89b3241078e20d5e72df920ea4c\cordic_stage.$proc$cordic_stage.sv:27$104'.
  created $adff cell `$procdff$893' with positive edge clock and positive level reset.
Creating register for signal `$paramod$e0b39c4462fc09c778e150d1c789ca7fe160ca07\cordic_stage.\valid_out' using process `$paramod$e0b39c4462fc09c778e150d1c789ca7fe160ca07\cordic_stage.$proc$cordic_stage.sv:27$92'.
  created $adff cell `$procdff$898' with positive edge clock and positive level reset.
Creating register for signal `$paramod$e0b39c4462fc09c778e150d1c789ca7fe160ca07\cordic_stage.\x_out' using process `$paramod$e0b39c4462fc09c778e150d1c789ca7fe160ca07\cordic_stage.$proc$cordic_stage.sv:27$92'.
  created $adff cell `$procdff$903' with positive edge clock and positive level reset.
Creating register for signal `$paramod$e0b39c4462fc09c778e150d1c789ca7fe160ca07\cordic_stage.\y_out' using process `$paramod$e0b39c4462fc09c778e150d1c789ca7fe160ca07\cordic_stage.$proc$cordic_stage.sv:27$92'.
  created $adff cell `$procdff$908' with positive edge clock and positive level reset.
Creating register for signal `$paramod$e0b39c4462fc09c778e150d1c789ca7fe160ca07\cordic_stage.\z_out' using process `$paramod$e0b39c4462fc09c778e150d1c789ca7fe160ca07\cordic_stage.$proc$cordic_stage.sv:27$92'.
  created $adff cell `$procdff$913' with positive edge clock and positive level reset.
Creating register for signal `$paramod$bfb04248936278b1df1155cdc757ddb460a8d245\cordic_stage.\valid_out' using process `$paramod$bfb04248936278b1df1155cdc757ddb460a8d245\cordic_stage.$proc$cordic_stage.sv:27$80'.
  created $adff cell `$procdff$918' with positive edge clock and positive level reset.
Creating register for signal `$paramod$bfb04248936278b1df1155cdc757ddb460a8d245\cordic_stage.\x_out' using process `$paramod$bfb04248936278b1df1155cdc757ddb460a8d245\cordic_stage.$proc$cordic_stage.sv:27$80'.
  created $adff cell `$procdff$923' with positive edge clock and positive level reset.
Creating register for signal `$paramod$bfb04248936278b1df1155cdc757ddb460a8d245\cordic_stage.\y_out' using process `$paramod$bfb04248936278b1df1155cdc757ddb460a8d245\cordic_stage.$proc$cordic_stage.sv:27$80'.
  created $adff cell `$procdff$928' with positive edge clock and positive level reset.
Creating register for signal `$paramod$bfb04248936278b1df1155cdc757ddb460a8d245\cordic_stage.\z_out' using process `$paramod$bfb04248936278b1df1155cdc757ddb460a8d245\cordic_stage.$proc$cordic_stage.sv:27$80'.
  created $adff cell `$procdff$933' with positive edge clock and positive level reset.
Creating register for signal `$paramod$13df4f4c9c1b261592c9a2486a54e334ba271a0d\cordic_stage.\valid_out' using process `$paramod$13df4f4c9c1b261592c9a2486a54e334ba271a0d\cordic_stage.$proc$cordic_stage.sv:27$68'.
  created $adff cell `$procdff$938' with positive edge clock and positive level reset.
Creating register for signal `$paramod$13df4f4c9c1b261592c9a2486a54e334ba271a0d\cordic_stage.\x_out' using process `$paramod$13df4f4c9c1b261592c9a2486a54e334ba271a0d\cordic_stage.$proc$cordic_stage.sv:27$68'.
  created $adff cell `$procdff$943' with positive edge clock and positive level reset.
Creating register for signal `$paramod$13df4f4c9c1b261592c9a2486a54e334ba271a0d\cordic_stage.\y_out' using process `$paramod$13df4f4c9c1b261592c9a2486a54e334ba271a0d\cordic_stage.$proc$cordic_stage.sv:27$68'.
  created $adff cell `$procdff$948' with positive edge clock and positive level reset.
Creating register for signal `$paramod$13df4f4c9c1b261592c9a2486a54e334ba271a0d\cordic_stage.\z_out' using process `$paramod$13df4f4c9c1b261592c9a2486a54e334ba271a0d\cordic_stage.$proc$cordic_stage.sv:27$68'.
  created $adff cell `$procdff$953' with positive edge clock and positive level reset.
Creating register for signal `$paramod$92317b3f664a636e96e14bfabf5ac92fa5f616e0\cordic_stage.\valid_out' using process `$paramod$92317b3f664a636e96e14bfabf5ac92fa5f616e0\cordic_stage.$proc$cordic_stage.sv:27$56'.
  created $adff cell `$procdff$958' with positive edge clock and positive level reset.
Creating register for signal `$paramod$92317b3f664a636e96e14bfabf5ac92fa5f616e0\cordic_stage.\x_out' using process `$paramod$92317b3f664a636e96e14bfabf5ac92fa5f616e0\cordic_stage.$proc$cordic_stage.sv:27$56'.
  created $adff cell `$procdff$963' with positive edge clock and positive level reset.
Creating register for signal `$paramod$92317b3f664a636e96e14bfabf5ac92fa5f616e0\cordic_stage.\y_out' using process `$paramod$92317b3f664a636e96e14bfabf5ac92fa5f616e0\cordic_stage.$proc$cordic_stage.sv:27$56'.
  created $adff cell `$procdff$968' with positive edge clock and positive level reset.
Creating register for signal `$paramod$92317b3f664a636e96e14bfabf5ac92fa5f616e0\cordic_stage.\z_out' using process `$paramod$92317b3f664a636e96e14bfabf5ac92fa5f616e0\cordic_stage.$proc$cordic_stage.sv:27$56'.
  created $adff cell `$procdff$973' with positive edge clock and positive level reset.
Creating register for signal `$paramod$1c78dad951792559821a28759880bf6605d5ac8b\cordic_stage.\valid_out' using process `$paramod$1c78dad951792559821a28759880bf6605d5ac8b\cordic_stage.$proc$cordic_stage.sv:27$44'.
  created $adff cell `$procdff$978' with positive edge clock and positive level reset.
Creating register for signal `$paramod$1c78dad951792559821a28759880bf6605d5ac8b\cordic_stage.\x_out' using process `$paramod$1c78dad951792559821a28759880bf6605d5ac8b\cordic_stage.$proc$cordic_stage.sv:27$44'.
  created $adff cell `$procdff$983' with positive edge clock and positive level reset.
Creating register for signal `$paramod$1c78dad951792559821a28759880bf6605d5ac8b\cordic_stage.\y_out' using process `$paramod$1c78dad951792559821a28759880bf6605d5ac8b\cordic_stage.$proc$cordic_stage.sv:27$44'.
  created $adff cell `$procdff$988' with positive edge clock and positive level reset.
Creating register for signal `$paramod$1c78dad951792559821a28759880bf6605d5ac8b\cordic_stage.\z_out' using process `$paramod$1c78dad951792559821a28759880bf6605d5ac8b\cordic_stage.$proc$cordic_stage.sv:27$44'.
  created $adff cell `$procdff$993' with positive edge clock and positive level reset.
Creating register for signal `$paramod$ab10e97098def7190bb8b712e42708d46e5dfde5\cordic_stage.\valid_out' using process `$paramod$ab10e97098def7190bb8b712e42708d46e5dfde5\cordic_stage.$proc$cordic_stage.sv:27$224'.
  created $adff cell `$procdff$998' with positive edge clock and positive level reset.
Creating register for signal `$paramod$ab10e97098def7190bb8b712e42708d46e5dfde5\cordic_stage.\x_out' using process `$paramod$ab10e97098def7190bb8b712e42708d46e5dfde5\cordic_stage.$proc$cordic_stage.sv:27$224'.
  created $adff cell `$procdff$1003' with positive edge clock and positive level reset.
Creating register for signal `$paramod$ab10e97098def7190bb8b712e42708d46e5dfde5\cordic_stage.\y_out' using process `$paramod$ab10e97098def7190bb8b712e42708d46e5dfde5\cordic_stage.$proc$cordic_stage.sv:27$224'.
  created $adff cell `$procdff$1008' with positive edge clock and positive level reset.
Creating register for signal `$paramod$ab10e97098def7190bb8b712e42708d46e5dfde5\cordic_stage.\z_out' using process `$paramod$ab10e97098def7190bb8b712e42708d46e5dfde5\cordic_stage.$proc$cordic_stage.sv:27$224'.
  created $adff cell `$procdff$1013' with positive edge clock and positive level reset.
Creating register for signal `\phase_folder.\valid_out_folded' using process `\phase_folder.$proc$phase_folder.sv:16$19'.
  created $adff cell `$procdff$1018' with positive edge clock and positive level reset.
Creating register for signal `\phase_folder.\phase_out_folded' using process `\phase_folder.$proc$phase_folder.sv:16$19'.
  created $adff cell `$procdff$1023' with positive edge clock and positive level reset.
Creating register for signal `\siren_scaler.\valid_out' using process `\siren_scaler.$proc$siren_scaler.sv:19$15'.
  created $adff cell `$procdff$1028' with positive edge clock and positive level reset.
Creating register for signal `\siren_scaler.\data_out' using process `\siren_scaler.$proc$siren_scaler.sv:19$15'.
  created $adff cell `$procdff$1033' with positive edge clock and positive level reset.
Creating register for signal `\mac_unit.\valid_out' using process `\mac_unit.$proc$mac_unit.sv:29$7'.
  created $adff cell `$procdff$1038' with positive edge clock and positive level reset.
Creating register for signal `\mac_unit.\ovf_flag' using process `\mac_unit.$proc$mac_unit.sv:29$7'.
  created $adff cell `$procdff$1043' with positive edge clock and positive level reset.
Creating register for signal `\mac_unit.\acc_out' using process `\mac_unit.$proc$mac_unit.sv:29$7'.
  created $adff cell `$procdff$1048' with positive edge clock and positive level reset.

11.2.10. Executing PROC_MEMWR pass (convert process memory writes to cells).

11.2.11. Executing PROC_CLEAN pass (remove empty switches from decision trees).
Found and cleaned up 2 empty switches in `$paramod$fda4c52592ec151689e44937ab5af6abb2bbb4f7\cordic_stage.$proc$cordic_stage.sv:27$212'.
Removing empty process `$paramod$fda4c52592ec151689e44937ab5af6abb2bbb4f7\cordic_stage.$proc$cordic_stage.sv:27$212'.
Removing empty process `$paramod$fda4c52592ec151689e44937ab5af6abb2bbb4f7\cordic_stage.$proc$cordic_stage.sv:22$209'.
Found and cleaned up 2 empty switches in `$paramod$a64f440093fbb2a761ca462422596e7cf59060b9\cordic_stage.$proc$cordic_stage.sv:27$200'.
Removing empty process `$paramod$a64f440093fbb2a761ca462422596e7cf59060b9\cordic_stage.$proc$cordic_stage.sv:27$200'.
Removing empty process `$paramod$a64f440093fbb2a761ca462422596e7cf59060b9\cordic_stage.$proc$cordic_stage.sv:22$197'.
Found and cleaned up 2 empty switches in `$paramod$d051e689d5327a357ac2c918100372a7016c9475\cordic_stage.$proc$cordic_stage.sv:27$188'.
Removing empty process `$paramod$d051e689d5327a357ac2c918100372a7016c9475\cordic_stage.$proc$cordic_stage.sv:27$188'.
Removing empty process `$paramod$d051e689d5327a357ac2c918100372a7016c9475\cordic_stage.$proc$cordic_stage.sv:22$185'.
Found and cleaned up 2 empty switches in `$paramod$126d84d701c2cc9a597647f943872c89fc0e0486\cordic_stage.$proc$cordic_stage.sv:27$176'.
Removing empty process `$paramod$126d84d701c2cc9a597647f943872c89fc0e0486\cordic_stage.$proc$cordic_stage.sv:27$176'.
Removing empty process `$paramod$126d84d701c2cc9a597647f943872c89fc0e0486\cordic_stage.$proc$cordic_stage.sv:22$173'.
Found and cleaned up 2 empty switches in `$paramod$be7bec05f99528b83047c54b2c3b7ab2ac7f529f\cordic_stage.$proc$cordic_stage.sv:27$164'.
Removing empty process `$paramod$be7bec05f99528b83047c54b2c3b7ab2ac7f529f\cordic_stage.$proc$cordic_stage.sv:27$164'.
Removing empty process `$paramod$be7bec05f99528b83047c54b2c3b7ab2ac7f529f\cordic_stage.$proc$cordic_stage.sv:22$161'.
Found and cleaned up 2 empty switches in `$paramod$b8db0999d09c2bf93070cea839ea649340d02004\cordic_stage.$proc$cordic_stage.sv:27$152'.
Removing empty process `$paramod$b8db0999d09c2bf93070cea839ea649340d02004\cordic_stage.$proc$cordic_stage.sv:27$152'.
Removing empty process `$paramod$b8db0999d09c2bf93070cea839ea649340d02004\cordic_stage.$proc$cordic_stage.sv:22$149'.
Found and cleaned up 2 empty switches in `$paramod$c3982464bdd43885eb14a5af78baf7982db37425\cordic_stage.$proc$cordic_stage.sv:27$140'.
Removing empty process `$paramod$c3982464bdd43885eb14a5af78baf7982db37425\cordic_stage.$proc$cordic_stage.sv:27$140'.
Removing empty process `$paramod$c3982464bdd43885eb14a5af78baf7982db37425\cordic_stage.$proc$cordic_stage.sv:22$137'.
Found and cleaned up 2 empty switches in `$paramod$1ceed3bff8837b34d0a66987aff5145c079c2fbd\cordic_stage.$proc$cordic_stage.sv:27$128'.
Removing empty process `$paramod$1ceed3bff8837b34d0a66987aff5145c079c2fbd\cordic_stage.$proc$cordic_stage.sv:27$128'.
Removing empty process `$paramod$1ceed3bff8837b34d0a66987aff5145c079c2fbd\cordic_stage.$proc$cordic_stage.sv:22$125'.
Found and cleaned up 2 empty switches in `$paramod$a744cc0f1faffa6b4bad02f7493d97baee494aa9\cordic_stage.$proc$cordic_stage.sv:27$116'.
Removing empty process `$paramod$a744cc0f1faffa6b4bad02f7493d97baee494aa9\cordic_stage.$proc$cordic_stage.sv:27$116'.
Removing empty process `$paramod$a744cc0f1faffa6b4bad02f7493d97baee494aa9\cordic_stage.$proc$cordic_stage.sv:22$113'.
Found and cleaned up 2 empty switches in `$paramod$4f7c2943c908f89b3241078e20d5e72df920ea4c\cordic_stage.$proc$cordic_stage.sv:27$104'.
Removing empty process `$paramod$4f7c2943c908f89b3241078e20d5e72df920ea4c\cordic_stage.$proc$cordic_stage.sv:27$104'.
Removing empty process `$paramod$4f7c2943c908f89b3241078e20d5e72df920ea4c\cordic_stage.$proc$cordic_stage.sv:22$101'.
Found and cleaned up 2 empty switches in `$paramod$e0b39c4462fc09c778e150d1c789ca7fe160ca07\cordic_stage.$proc$cordic_stage.sv:27$92'.
Removing empty process `$paramod$e0b39c4462fc09c778e150d1c789ca7fe160ca07\cordic_stage.$proc$cordic_stage.sv:27$92'.
Removing empty process `$paramod$e0b39c4462fc09c778e150d1c789ca7fe160ca07\cordic_stage.$proc$cordic_stage.sv:22$89'.
Found and cleaned up 2 empty switches in `$paramod$bfb04248936278b1df1155cdc757ddb460a8d245\cordic_stage.$proc$cordic_stage.sv:27$80'.
Removing empty process `$paramod$bfb04248936278b1df1155cdc757ddb460a8d245\cordic_stage.$proc$cordic_stage.sv:27$80'.
Removing empty process `$paramod$bfb04248936278b1df1155cdc757ddb460a8d245\cordic_stage.$proc$cordic_stage.sv:22$77'.
Found and cleaned up 2 empty switches in `$paramod$13df4f4c9c1b261592c9a2486a54e334ba271a0d\cordic_stage.$proc$cordic_stage.sv:27$68'.
Removing empty process `$paramod$13df4f4c9c1b261592c9a2486a54e334ba271a0d\cordic_stage.$proc$cordic_stage.sv:27$68'.
Removing empty process `$paramod$13df4f4c9c1b261592c9a2486a54e334ba271a0d\cordic_stage.$proc$cordic_stage.sv:22$65'.
Found and cleaned up 2 empty switches in `$paramod$92317b3f664a636e96e14bfabf5ac92fa5f616e0\cordic_stage.$proc$cordic_stage.sv:27$56'.
Removing empty process `$paramod$92317b3f664a636e96e14bfabf5ac92fa5f616e0\cordic_stage.$proc$cordic_stage.sv:27$56'.
Removing empty process `$paramod$92317b3f664a636e96e14bfabf5ac92fa5f616e0\cordic_stage.$proc$cordic_stage.sv:22$53'.
Found and cleaned up 2 empty switches in `$paramod$1c78dad951792559821a28759880bf6605d5ac8b\cordic_stage.$proc$cordic_stage.sv:27$44'.
Removing empty process `$paramod$1c78dad951792559821a28759880bf6605d5ac8b\cordic_stage.$proc$cordic_stage.sv:27$44'.
Removing empty process `$paramod$1c78dad951792559821a28759880bf6605d5ac8b\cordic_stage.$proc$cordic_stage.sv:22$41'.
Found and cleaned up 2 empty switches in `$paramod$ab10e97098def7190bb8b712e42708d46e5dfde5\cordic_stage.$proc$cordic_stage.sv:27$224'.
Removing empty process `$paramod$ab10e97098def7190bb8b712e42708d46e5dfde5\cordic_stage.$proc$cordic_stage.sv:27$224'.
Removing empty process `$paramod$ab10e97098def7190bb8b712e42708d46e5dfde5\cordic_stage.$proc$cordic_stage.sv:22$221'.
Removing empty process `cordic_wrapper.$proc$cordic_wrapper.sv:29$432'.
Removing empty process `cordic_wrapper.$proc$cordic_wrapper.sv:29$431'.
Removing empty process `cordic_wrapper.$proc$cordic_wrapper.sv:29$430'.
Removing empty process `cordic_wrapper.$proc$cordic_wrapper.sv:29$429'.
Removing empty process `cordic_wrapper.$proc$cordic_wrapper.sv:29$428'.
Removing empty process `cordic_wrapper.$proc$cordic_wrapper.sv:29$427'.
Removing empty process `cordic_wrapper.$proc$cordic_wrapper.sv:29$426'.
Removing empty process `cordic_wrapper.$proc$cordic_wrapper.sv:29$425'.
Removing empty process `cordic_wrapper.$proc$cordic_wrapper.sv:29$424'.
Removing empty process `cordic_wrapper.$proc$cordic_wrapper.sv:29$423'.
Removing empty process `cordic_wrapper.$proc$cordic_wrapper.sv:29$422'.
Removing empty process `cordic_wrapper.$proc$cordic_wrapper.sv:29$421'.
Removing empty process `cordic_wrapper.$proc$cordic_wrapper.sv:29$420'.
Removing empty process `cordic_wrapper.$proc$cordic_wrapper.sv:29$419'.
Removing empty process `cordic_wrapper.$proc$cordic_wrapper.sv:29$418'.
Removing empty process `cordic_wrapper.$proc$cordic_wrapper.sv:29$417'.
Removing empty process `cordic_wrapper.$proc$cordic_wrapper.sv:29$416'.
Removing empty process `cordic_wrapper.$proc$cordic_wrapper.sv:29$415'.
Removing empty process `cordic_wrapper.$proc$cordic_wrapper.sv:29$414'.
Removing empty process `cordic_wrapper.$proc$cordic_wrapper.sv:29$413'.
Removing empty process `cordic_wrapper.$proc$cordic_wrapper.sv:29$412'.
Removing empty process `cordic_wrapper.$proc$cordic_wrapper.sv:29$411'.
Removing empty process `cordic_wrapper.$proc$cordic_wrapper.sv:29$410'.
Removing empty process `cordic_wrapper.$proc$cordic_wrapper.sv:29$409'.
Removing empty process `cordic_wrapper.$proc$cordic_wrapper.sv:29$408'.
Removing empty process `cordic_wrapper.$proc$cordic_wrapper.sv:29$407'.
Removing empty process `cordic_wrapper.$proc$cordic_wrapper.sv:29$406'.
Removing empty process `cordic_wrapper.$proc$cordic_wrapper.sv:29$405'.
Removing empty process `cordic_wrapper.$proc$cordic_wrapper.sv:29$404'.
Removing empty process `cordic_wrapper.$proc$cordic_wrapper.sv:29$403'.
Removing empty process `cordic_wrapper.$proc$cordic_wrapper.sv:29$402'.
Removing empty process `cordic_wrapper.$proc$cordic_wrapper.sv:29$401'.
Removing empty process `cordic_wrapper.$proc$cordic_wrapper.sv:29$400'.
Removing empty process `cordic_wrapper.$proc$cordic_wrapper.sv:29$399'.
Removing empty process `cordic_wrapper.$proc$cordic_wrapper.sv:29$398'.
Removing empty process `cordic_wrapper.$proc$cordic_wrapper.sv:29$397'.
Removing empty process `cordic_wrapper.$proc$cordic_wrapper.sv:29$396'.
Removing empty process `cordic_wrapper.$proc$cordic_wrapper.sv:29$395'.
Removing empty process `cordic_wrapper.$proc$cordic_wrapper.sv:29$394'.
Removing empty process `cordic_wrapper.$proc$cordic_wrapper.sv:29$393'.
Removing empty process `cordic_wrapper.$proc$cordic_wrapper.sv:29$392'.
Removing empty process `cordic_wrapper.$proc$cordic_wrapper.sv:29$391'.
Removing empty process `cordic_wrapper.$proc$cordic_wrapper.sv:29$390'.
Removing empty process `cordic_wrapper.$proc$cordic_wrapper.sv:29$389'.
Removing empty process `cordic_wrapper.$proc$cordic_wrapper.sv:29$388'.
Removing empty process `cordic_wrapper.$proc$cordic_wrapper.sv:29$387'.
Removing empty process `cordic_wrapper.$proc$cordic_wrapper.sv:29$386'.
Removing empty process `cordic_wrapper.$proc$cordic_wrapper.sv:29$385'.
Removing empty process `cordic_wrapper.$proc$cordic_wrapper.sv:29$384'.
Removing empty process `cordic_wrapper.$proc$cordic_wrapper.sv:29$383'.
Removing empty process `cordic_wrapper.$proc$cordic_wrapper.sv:29$382'.
Removing empty process `cordic_wrapper.$proc$cordic_wrapper.sv:29$381'.
Removing empty process `cordic_wrapper.$proc$cordic_wrapper.sv:29$380'.
Removing empty process `cordic_wrapper.$proc$cordic_wrapper.sv:29$379'.
Removing empty process `cordic_wrapper.$proc$cordic_wrapper.sv:29$378'.
Removing empty process `cordic_wrapper.$proc$cordic_wrapper.sv:29$377'.
Removing empty process `cordic_wrapper.$proc$cordic_wrapper.sv:29$376'.
Removing empty process `cordic_wrapper.$proc$cordic_wrapper.sv:29$375'.
Removing empty process `cordic_wrapper.$proc$cordic_wrapper.sv:29$374'.
Removing empty process `cordic_wrapper.$proc$cordic_wrapper.sv:29$373'.
Removing empty process `cordic_wrapper.$proc$cordic_wrapper.sv:29$372'.
Removing empty process `cordic_wrapper.$proc$cordic_wrapper.sv:29$371'.
Removing empty process `cordic_wrapper.$proc$cordic_wrapper.sv:29$370'.
Removing empty process `cordic_wrapper.$proc$cordic_wrapper.sv:29$369'.
Removing empty process `cordic_wrapper.$proc$cordic_wrapper.sv:23$368'.
Removing empty process `cordic_wrapper.$proc$cordic_wrapper.sv:22$367'.
Removing empty process `cordic_wrapper.$proc$cordic_wrapper.sv:21$366'.
Removing empty process `cordic_wrapper.$proc$cordic_wrapper.sv:20$365'.
Removing empty process `phase_folder.$proc$phase_folder.sv:16$19'.
Removing empty process `phase_folder.$proc$phase_folder.sv:12$17'.
Found and cleaned up 1 empty switch in `\siren_scaler.$proc$siren_scaler.sv:19$15'.
Removing empty process `siren_scaler.$proc$siren_scaler.sv:19$15'.
Removing empty process `siren_scaler.$proc$siren_scaler.sv:14$11'.
Found and cleaned up 3 empty switches in `\mac_unit.$proc$mac_unit.sv:29$7'.
Removing empty process `mac_unit.$proc$mac_unit.sv:29$7'.
Found and cleaned up 1 empty switch in `\mac_unit.$proc$mac_unit.sv:18$1'.
Removing empty process `mac_unit.$proc$mac_unit.sv:18$1'.
Cleaned up 37 empty switches.

11.2.12. Executing OPT_EXPR pass (perform const folding).
Optimizing module $paramod$fda4c52592ec151689e44937ab5af6abb2bbb4f7\cordic_stage.
<suppressed ~10 debug messages>
Optimizing module $paramod$a64f440093fbb2a761ca462422596e7cf59060b9\cordic_stage.
<suppressed ~10 debug messages>
Optimizing module $paramod$d051e689d5327a357ac2c918100372a7016c9475\cordic_stage.
<suppressed ~10 debug messages>
Optimizing module $paramod$126d84d701c2cc9a597647f943872c89fc0e0486\cordic_stage.
<suppressed ~10 debug messages>
Optimizing module $paramod$be7bec05f99528b83047c54b2c3b7ab2ac7f529f\cordic_stage.
<suppressed ~10 debug messages>
Optimizing module $paramod$b8db0999d09c2bf93070cea839ea649340d02004\cordic_stage.
<suppressed ~10 debug messages>
Optimizing module $paramod$c3982464bdd43885eb14a5af78baf7982db37425\cordic_stage.
<suppressed ~10 debug messages>
Optimizing module $paramod$1ceed3bff8837b34d0a66987aff5145c079c2fbd\cordic_stage.
<suppressed ~10 debug messages>
Optimizing module $paramod$a744cc0f1faffa6b4bad02f7493d97baee494aa9\cordic_stage.
<suppressed ~10 debug messages>
Optimizing module $paramod$4f7c2943c908f89b3241078e20d5e72df920ea4c\cordic_stage.
<suppressed ~10 debug messages>
Optimizing module $paramod$e0b39c4462fc09c778e150d1c789ca7fe160ca07\cordic_stage.
<suppressed ~10 debug messages>
Optimizing module $paramod$bfb04248936278b1df1155cdc757ddb460a8d245\cordic_stage.
<suppressed ~10 debug messages>
Optimizing module $paramod$13df4f4c9c1b261592c9a2486a54e334ba271a0d\cordic_stage.
<suppressed ~10 debug messages>
Optimizing module $paramod$92317b3f664a636e96e14bfabf5ac92fa5f616e0\cordic_stage.
<suppressed ~10 debug messages>
Optimizing module $paramod$1c78dad951792559821a28759880bf6605d5ac8b\cordic_stage.
<suppressed ~10 debug messages>
Optimizing module siren_neuron.
Optimizing module siren_act_unit.
Optimizing module $paramod$ab10e97098def7190bb8b712e42708d46e5dfde5\cordic_stage.
<suppressed ~10 debug messages>
Optimizing module cordic_wrapper.
<suppressed ~2 debug messages>
Optimizing module phase_folder.
<suppressed ~5 debug messages>
Optimizing module siren_scaler.
<suppressed ~6 debug messages>
Optimizing module mac_unit.
<suppressed ~8 debug messages>

11.3. Executing OPT_EXPR pass (perform const folding).
Optimizing module $paramod$fda4c52592ec151689e44937ab5af6abb2bbb4f7\cordic_stage.
Optimizing module $paramod$a64f440093fbb2a761ca462422596e7cf59060b9\cordic_stage.
Optimizing module $paramod$d051e689d5327a357ac2c918100372a7016c9475\cordic_stage.
Optimizing module $paramod$126d84d701c2cc9a597647f943872c89fc0e0486\cordic_stage.
Optimizing module $paramod$be7bec05f99528b83047c54b2c3b7ab2ac7f529f\cordic_stage.
Optimizing module $paramod$b8db0999d09c2bf93070cea839ea649340d02004\cordic_stage.
Optimizing module $paramod$c3982464bdd43885eb14a5af78baf7982db37425\cordic_stage.
Optimizing module $paramod$1ceed3bff8837b34d0a66987aff5145c079c2fbd\cordic_stage.
Optimizing module $paramod$a744cc0f1faffa6b4bad02f7493d97baee494aa9\cordic_stage.
Optimizing module $paramod$4f7c2943c908f89b3241078e20d5e72df920ea4c\cordic_stage.
Optimizing module $paramod$e0b39c4462fc09c778e150d1c789ca7fe160ca07\cordic_stage.
Optimizing module $paramod$bfb04248936278b1df1155cdc757ddb460a8d245\cordic_stage.
Optimizing module $paramod$13df4f4c9c1b261592c9a2486a54e334ba271a0d\cordic_stage.
Optimizing module $paramod$92317b3f664a636e96e14bfabf5ac92fa5f616e0\cordic_stage.
Optimizing module $paramod$1c78dad951792559821a28759880bf6605d5ac8b\cordic_stage.
<suppressed ~2 debug messages>
Optimizing module siren_neuron.
Optimizing module siren_act_unit.
Optimizing module $paramod$ab10e97098def7190bb8b712e42708d46e5dfde5\cordic_stage.
Optimizing module cordic_wrapper.
Optimizing module phase_folder.
Optimizing module siren_scaler.
Optimizing module mac_unit.

11.4. Executing OPT_CLEAN pass (remove unused cells and wires).
Finding unused cells or wires in module $paramod$fda4c52592ec151689e44937ab5af6abb2bbb4f7\cordic_stage..
Finding unused cells or wires in module $paramod$a64f440093fbb2a761ca462422596e7cf59060b9\cordic_stage..
Finding unused cells or wires in module $paramod$d051e689d5327a357ac2c918100372a7016c9475\cordic_stage..
Finding unused cells or wires in module $paramod$126d84d701c2cc9a597647f943872c89fc0e0486\cordic_stage..
Finding unused cells or wires in module $paramod$be7bec05f99528b83047c54b2c3b7ab2ac7f529f\cordic_stage..
Finding unused cells or wires in module $paramod$b8db0999d09c2bf93070cea839ea649340d02004\cordic_stage..
Finding unused cells or wires in module $paramod$c3982464bdd43885eb14a5af78baf7982db37425\cordic_stage..
Finding unused cells or wires in module $paramod$1ceed3bff8837b34d0a66987aff5145c079c2fbd\cordic_stage..
Finding unused cells or wires in module $paramod$a744cc0f1faffa6b4bad02f7493d97baee494aa9\cordic_stage..
Finding unused cells or wires in module $paramod$4f7c2943c908f89b3241078e20d5e72df920ea4c\cordic_stage..
Finding unused cells or wires in module $paramod$e0b39c4462fc09c778e150d1c789ca7fe160ca07\cordic_stage..
Finding unused cells or wires in module $paramod$bfb04248936278b1df1155cdc757ddb460a8d245\cordic_stage..
Finding unused cells or wires in module $paramod$13df4f4c9c1b261592c9a2486a54e334ba271a0d\cordic_stage..
Finding unused cells or wires in module $paramod$92317b3f664a636e96e14bfabf5ac92fa5f616e0\cordic_stage..
Finding unused cells or wires in module $paramod$1c78dad951792559821a28759880bf6605d5ac8b\cordic_stage..
Finding unused cells or wires in module \siren_neuron..
Finding unused cells or wires in module \siren_act_unit..
Finding unused cells or wires in module $paramod$ab10e97098def7190bb8b712e42708d46e5dfde5\cordic_stage..
Finding unused cells or wires in module \cordic_wrapper..
Finding unused cells or wires in module \phase_folder..
Finding unused cells or wires in module \siren_scaler..
Finding unused cells or wires in module \mac_unit..
Removed 90 unused cells and 615 unused wires.
<suppressed ~112 debug messages>

11.5. Executing CHECK pass (checking for obvious problems).
Checking module $paramod$fda4c52592ec151689e44937ab5af6abb2bbb4f7\cordic_stage...
Checking module $paramod$a64f440093fbb2a761ca462422596e7cf59060b9\cordic_stage...
Checking module $paramod$d051e689d5327a357ac2c918100372a7016c9475\cordic_stage...
Checking module $paramod$126d84d701c2cc9a597647f943872c89fc0e0486\cordic_stage...
Checking module $paramod$be7bec05f99528b83047c54b2c3b7ab2ac7f529f\cordic_stage...
Checking module $paramod$b8db0999d09c2bf93070cea839ea649340d02004\cordic_stage...
Checking module $paramod$c3982464bdd43885eb14a5af78baf7982db37425\cordic_stage...
Checking module $paramod$1ceed3bff8837b34d0a66987aff5145c079c2fbd\cordic_stage...
Checking module $paramod$a744cc0f1faffa6b4bad02f7493d97baee494aa9\cordic_stage...
Checking module $paramod$4f7c2943c908f89b3241078e20d5e72df920ea4c\cordic_stage...
Checking module $paramod$e0b39c4462fc09c778e150d1c789ca7fe160ca07\cordic_stage...
Checking module $paramod$bfb04248936278b1df1155cdc757ddb460a8d245\cordic_stage...
Checking module $paramod$13df4f4c9c1b261592c9a2486a54e334ba271a0d\cordic_stage...
Checking module $paramod$92317b3f664a636e96e14bfabf5ac92fa5f616e0\cordic_stage...
Checking module $paramod$1c78dad951792559821a28759880bf6605d5ac8b\cordic_stage...
Checking module siren_neuron...
Checking module siren_act_unit...
Checking module $paramod$ab10e97098def7190bb8b712e42708d46e5dfde5\cordic_stage...
Checking module cordic_wrapper...
Checking module phase_folder...
Checking module siren_scaler...
Checking module mac_unit...
Found and reported 0 problems.

11.6. Executing OPT pass (performing simple optimizations).

11.6.1. Executing OPT_EXPR pass (perform const folding).
Optimizing module $paramod$fda4c52592ec151689e44937ab5af6abb2bbb4f7\cordic_stage.
Optimizing module $paramod$a64f440093fbb2a761ca462422596e7cf59060b9\cordic_stage.
Optimizing module $paramod$d051e689d5327a357ac2c918100372a7016c9475\cordic_stage.
Optimizing module $paramod$126d84d701c2cc9a597647f943872c89fc0e0486\cordic_stage.
Optimizing module $paramod$be7bec05f99528b83047c54b2c3b7ab2ac7f529f\cordic_stage.
Optimizing module $paramod$b8db0999d09c2bf93070cea839ea649340d02004\cordic_stage.
Optimizing module $paramod$c3982464bdd43885eb14a5af78baf7982db37425\cordic_stage.
Optimizing module $paramod$1ceed3bff8837b34d0a66987aff5145c079c2fbd\cordic_stage.
Optimizing module $paramod$a744cc0f1faffa6b4bad02f7493d97baee494aa9\cordic_stage.
Optimizing module $paramod$4f7c2943c908f89b3241078e20d5e72df920ea4c\cordic_stage.
Optimizing module $paramod$e0b39c4462fc09c778e150d1c789ca7fe160ca07\cordic_stage.
Optimizing module $paramod$bfb04248936278b1df1155cdc757ddb460a8d245\cordic_stage.
Optimizing module $paramod$13df4f4c9c1b261592c9a2486a54e334ba271a0d\cordic_stage.
Optimizing module $paramod$92317b3f664a636e96e14bfabf5ac92fa5f616e0\cordic_stage.
Optimizing module $paramod$1c78dad951792559821a28759880bf6605d5ac8b\cordic_stage.
<suppressed ~1 debug messages>
Optimizing module siren_neuron.
Optimizing module siren_act_unit.
Optimizing module $paramod$ab10e97098def7190bb8b712e42708d46e5dfde5\cordic_stage.
Optimizing module cordic_wrapper.
Optimizing module phase_folder.
Optimizing module siren_scaler.
Optimizing module mac_unit.

11.6.2. Executing OPT_MERGE pass (detect identical cells).
Finding identical cells in module `$paramod$fda4c52592ec151689e44937ab5af6abb2bbb4f7\cordic_stage'.
Computing hashes of 17 cells of `$paramod$fda4c52592ec151689e44937ab5af6abb2bbb4f7\cordic_stage'.
Finding duplicate cells in `$paramod$fda4c52592ec151689e44937ab5af6abb2bbb4f7\cordic_stage'.
Finding identical cells in module `$paramod$a64f440093fbb2a761ca462422596e7cf59060b9\cordic_stage'.
Computing hashes of 17 cells of `$paramod$a64f440093fbb2a761ca462422596e7cf59060b9\cordic_stage'.
Finding duplicate cells in `$paramod$a64f440093fbb2a761ca462422596e7cf59060b9\cordic_stage'.
Finding identical cells in module `$paramod$d051e689d5327a357ac2c918100372a7016c9475\cordic_stage'.
Computing hashes of 17 cells of `$paramod$d051e689d5327a357ac2c918100372a7016c9475\cordic_stage'.
Finding duplicate cells in `$paramod$d051e689d5327a357ac2c918100372a7016c9475\cordic_stage'.
Finding identical cells in module `$paramod$126d84d701c2cc9a597647f943872c89fc0e0486\cordic_stage'.
Computing hashes of 17 cells of `$paramod$126d84d701c2cc9a597647f943872c89fc0e0486\cordic_stage'.
Finding duplicate cells in `$paramod$126d84d701c2cc9a597647f943872c89fc0e0486\cordic_stage'.
Finding identical cells in module `$paramod$be7bec05f99528b83047c54b2c3b7ab2ac7f529f\cordic_stage'.
Computing hashes of 17 cells of `$paramod$be7bec05f99528b83047c54b2c3b7ab2ac7f529f\cordic_stage'.
Finding duplicate cells in `$paramod$be7bec05f99528b83047c54b2c3b7ab2ac7f529f\cordic_stage'.
Finding identical cells in module `$paramod$b8db0999d09c2bf93070cea839ea649340d02004\cordic_stage'.
Computing hashes of 17 cells of `$paramod$b8db0999d09c2bf93070cea839ea649340d02004\cordic_stage'.
Finding duplicate cells in `$paramod$b8db0999d09c2bf93070cea839ea649340d02004\cordic_stage'.
Finding identical cells in module `$paramod$c3982464bdd43885eb14a5af78baf7982db37425\cordic_stage'.
Computing hashes of 17 cells of `$paramod$c3982464bdd43885eb14a5af78baf7982db37425\cordic_stage'.
Finding duplicate cells in `$paramod$c3982464bdd43885eb14a5af78baf7982db37425\cordic_stage'.
Finding identical cells in module `$paramod$1ceed3bff8837b34d0a66987aff5145c079c2fbd\cordic_stage'.
Computing hashes of 17 cells of `$paramod$1ceed3bff8837b34d0a66987aff5145c079c2fbd\cordic_stage'.
Finding duplicate cells in `$paramod$1ceed3bff8837b34d0a66987aff5145c079c2fbd\cordic_stage'.
Finding identical cells in module `$paramod$a744cc0f1faffa6b4bad02f7493d97baee494aa9\cordic_stage'.
Computing hashes of 17 cells of `$paramod$a744cc0f1faffa6b4bad02f7493d97baee494aa9\cordic_stage'.
Finding duplicate cells in `$paramod$a744cc0f1faffa6b4bad02f7493d97baee494aa9\cordic_stage'.
Finding identical cells in module `$paramod$4f7c2943c908f89b3241078e20d5e72df920ea4c\cordic_stage'.
Computing hashes of 17 cells of `$paramod$4f7c2943c908f89b3241078e20d5e72df920ea4c\cordic_stage'.
Finding duplicate cells in `$paramod$4f7c2943c908f89b3241078e20d5e72df920ea4c\cordic_stage'.
Finding identical cells in module `$paramod$e0b39c4462fc09c778e150d1c789ca7fe160ca07\cordic_stage'.
Computing hashes of 17 cells of `$paramod$e0b39c4462fc09c778e150d1c789ca7fe160ca07\cordic_stage'.
Finding duplicate cells in `$paramod$e0b39c4462fc09c778e150d1c789ca7fe160ca07\cordic_stage'.
Finding identical cells in module `$paramod$bfb04248936278b1df1155cdc757ddb460a8d245\cordic_stage'.
Computing hashes of 17 cells of `$paramod$bfb04248936278b1df1155cdc757ddb460a8d245\cordic_stage'.
Finding duplicate cells in `$paramod$bfb04248936278b1df1155cdc757ddb460a8d245\cordic_stage'.
Finding identical cells in module `$paramod$13df4f4c9c1b261592c9a2486a54e334ba271a0d\cordic_stage'.
Computing hashes of 17 cells of `$paramod$13df4f4c9c1b261592c9a2486a54e334ba271a0d\cordic_stage'.
Finding duplicate cells in `$paramod$13df4f4c9c1b261592c9a2486a54e334ba271a0d\cordic_stage'.
Finding identical cells in module `$paramod$92317b3f664a636e96e14bfabf5ac92fa5f616e0\cordic_stage'.
Computing hashes of 17 cells of `$paramod$92317b3f664a636e96e14bfabf5ac92fa5f616e0\cordic_stage'.
Finding duplicate cells in `$paramod$92317b3f664a636e96e14bfabf5ac92fa5f616e0\cordic_stage'.
Finding identical cells in module `$paramod$1c78dad951792559821a28759880bf6605d5ac8b\cordic_stage'.
Computing hashes of 14 cells of `$paramod$1c78dad951792559821a28759880bf6605d5ac8b\cordic_stage'.
Finding duplicate cells in `$paramod$1c78dad951792559821a28759880bf6605d5ac8b\cordic_stage'.
Finding identical cells in module `\siren_neuron'.
Computing hashes of 3 cells of `\siren_neuron'.
Finding duplicate cells in `\siren_neuron'.
Finding identical cells in module `\siren_act_unit'.
Computing hashes of 2 cells of `\siren_act_unit'.
Finding duplicate cells in `\siren_act_unit'.
Finding identical cells in module `$paramod$ab10e97098def7190bb8b712e42708d46e5dfde5\cordic_stage'.
Computing hashes of 17 cells of `$paramod$ab10e97098def7190bb8b712e42708d46e5dfde5\cordic_stage'.
Finding duplicate cells in `$paramod$ab10e97098def7190bb8b712e42708d46e5dfde5\cordic_stage'.
Computing hashes of 16 cells of `$paramod$ab10e97098def7190bb8b712e42708d46e5dfde5\cordic_stage'.
Finding duplicate cells in `$paramod$ab10e97098def7190bb8b712e42708d46e5dfde5\cordic_stage'.
<suppressed ~3 debug messages>
Finding identical cells in module `\cordic_wrapper'.
Computing hashes of 18 cells of `\cordic_wrapper'.
Finding duplicate cells in `\cordic_wrapper'.
Finding identical cells in module `\phase_folder'.
Computing hashes of 2 cells of `\phase_folder'.
Finding duplicate cells in `\phase_folder'.
Finding identical cells in module `\siren_scaler'.
Computing hashes of 4 cells of `\siren_scaler'.
Finding duplicate cells in `\siren_scaler'.
Finding identical cells in module `\mac_unit'.
Computing hashes of 15 cells of `\mac_unit'.
Finding duplicate cells in `\mac_unit'.
Removed a total of 1 cells.

11.6.3. Executing OPT_MUXTREE pass (detect dead branches in mux trees).
Running muxtree optimizer on module $paramod$fda4c52592ec151689e44937ab5af6abb2bbb4f7\cordic_stage..
  Creating internal representation of mux trees.
  Evaluating internal representation of mux trees.
  Analyzing evaluation results.
Running muxtree optimizer on module $paramod$a64f440093fbb2a761ca462422596e7cf59060b9\cordic_stage..
  Creating internal representation of mux trees.
  Evaluating internal representation of mux trees.
  Analyzing evaluation results.
Running muxtree optimizer on module $paramod$d051e689d5327a357ac2c918100372a7016c9475\cordic_stage..
  Creating internal representation of mux trees.
  Evaluating internal representation of mux trees.
  Analyzing evaluation results.
Running muxtree optimizer on module $paramod$126d84d701c2cc9a597647f943872c89fc0e0486\cordic_stage..
  Creating internal representation of mux trees.
  Evaluating internal representation of mux trees.
  Analyzing evaluation results.
Running muxtree optimizer on module $paramod$be7bec05f99528b83047c54b2c3b7ab2ac7f529f\cordic_stage..
  Creating internal representation of mux trees.
  Evaluating internal representation of mux trees.
  Analyzing evaluation results.
Running muxtree optimizer on module $paramod$b8db0999d09c2bf93070cea839ea649340d02004\cordic_stage..
  Creating internal representation of mux trees.
  Evaluating internal representation of mux trees.
  Analyzing evaluation results.
Running muxtree optimizer on module $paramod$c3982464bdd43885eb14a5af78baf7982db37425\cordic_stage..
  Creating internal representation of mux trees.
  Evaluating internal representation of mux trees.
  Analyzing evaluation results.
Running muxtree optimizer on module $paramod$1ceed3bff8837b34d0a66987aff5145c079c2fbd\cordic_stage..
  Creating internal representation of mux trees.
  Evaluating internal representation of mux trees.
  Analyzing evaluation results.
Running muxtree optimizer on module $paramod$a744cc0f1faffa6b4bad02f7493d97baee494aa9\cordic_stage..
  Creating internal representation of mux trees.
  Evaluating internal representation of mux trees.
  Analyzing evaluation results.
Running muxtree optimizer on module $paramod$4f7c2943c908f89b3241078e20d5e72df920ea4c\cordic_stage..
  Creating internal representation of mux trees.
  Evaluating internal representation of mux trees.
  Analyzing evaluation results.
Running muxtree optimizer on module $paramod$e0b39c4462fc09c778e150d1c789ca7fe160ca07\cordic_stage..
  Creating internal representation of mux trees.
  Evaluating internal representation of mux trees.
  Analyzing evaluation results.
Running muxtree optimizer on module $paramod$bfb04248936278b1df1155cdc757ddb460a8d245\cordic_stage..
  Creating internal representation of mux trees.
  Evaluating internal representation of mux trees.
  Analyzing evaluation results.
Running muxtree optimizer on module $paramod$13df4f4c9c1b261592c9a2486a54e334ba271a0d\cordic_stage..
  Creating internal representation of mux trees.
  Evaluating internal representation of mux trees.
  Analyzing evaluation results.
Running muxtree optimizer on module $paramod$92317b3f664a636e96e14bfabf5ac92fa5f616e0\cordic_stage..
  Creating internal representation of mux trees.
  Evaluating internal representation of mux trees.
  Analyzing evaluation results.
Running muxtree optimizer on module $paramod$1c78dad951792559821a28759880bf6605d5ac8b\cordic_stage..
  Creating internal representation of mux trees.
  Evaluating internal representation of mux trees.
  Analyzing evaluation results.
Running muxtree optimizer on module \siren_neuron..
  Creating internal representation of mux trees.
  No muxes found in this module.
Running muxtree optimizer on module \siren_act_unit..
  Creating internal representation of mux trees.
  No muxes found in this module.
Running muxtree optimizer on module $paramod$ab10e97098def7190bb8b712e42708d46e5dfde5\cordic_stage..
  Creating internal representation of mux trees.
  Evaluating internal representation of mux trees.
  Analyzing evaluation results.
Running muxtree optimizer on module \cordic_wrapper..
  Creating internal representation of mux trees.
  Evaluating internal representation of mux trees.
  Analyzing evaluation results.
Running muxtree optimizer on module \phase_folder..
  Creating internal representation of mux trees.
  No muxes found in this module.
Running muxtree optimizer on module \siren_scaler..
  Creating internal representation of mux trees.
  Evaluating internal representation of mux trees.
  Analyzing evaluation results.
Running muxtree optimizer on module \mac_unit..
  Creating internal representation of mux trees.
  Evaluating internal representation of mux trees.
  Analyzing evaluation results.
Removed 0 multiplexer ports.
<suppressed ~157 debug messages>

11.6.4. Executing OPT_REDUCE pass (consolidate $*mux and $reduce_* inputs).
  Optimizing cells in module $paramod$fda4c52592ec151689e44937ab5af6abb2bbb4f7\cordic_stage.
  Optimizing cells in module $paramod$a64f440093fbb2a761ca462422596e7cf59060b9\cordic_stage.
  Optimizing cells in module $paramod$d051e689d5327a357ac2c918100372a7016c9475\cordic_stage.
  Optimizing cells in module $paramod$126d84d701c2cc9a597647f943872c89fc0e0486\cordic_stage.
  Optimizing cells in module $paramod$be7bec05f99528b83047c54b2c3b7ab2ac7f529f\cordic_stage.
  Optimizing cells in module $paramod$b8db0999d09c2bf93070cea839ea649340d02004\cordic_stage.
  Optimizing cells in module $paramod$c3982464bdd43885eb14a5af78baf7982db37425\cordic_stage.
  Optimizing cells in module $paramod$1ceed3bff8837b34d0a66987aff5145c079c2fbd\cordic_stage.
  Optimizing cells in module $paramod$a744cc0f1faffa6b4bad02f7493d97baee494aa9\cordic_stage.
  Optimizing cells in module $paramod$4f7c2943c908f89b3241078e20d5e72df920ea4c\cordic_stage.
  Optimizing cells in module $paramod$e0b39c4462fc09c778e150d1c789ca7fe160ca07\cordic_stage.
  Optimizing cells in module $paramod$bfb04248936278b1df1155cdc757ddb460a8d245\cordic_stage.
  Optimizing cells in module $paramod$13df4f4c9c1b261592c9a2486a54e334ba271a0d\cordic_stage.
  Optimizing cells in module $paramod$92317b3f664a636e96e14bfabf5ac92fa5f616e0\cordic_stage.
  Optimizing cells in module $paramod$1c78dad951792559821a28759880bf6605d5ac8b\cordic_stage.
  Optimizing cells in module \siren_neuron.
  Optimizing cells in module \siren_act_unit.
  Optimizing cells in module $paramod$ab10e97098def7190bb8b712e42708d46e5dfde5\cordic_stage.
  Optimizing cells in module \cordic_wrapper.
  Optimizing cells in module \phase_folder.
  Optimizing cells in module \siren_scaler.
  Optimizing cells in module \mac_unit.
Performed a total of 0 changes.

11.6.5. Executing OPT_MERGE pass (detect identical cells).
Finding identical cells in module `$paramod$fda4c52592ec151689e44937ab5af6abb2bbb4f7\cordic_stage'.
Computing hashes of 17 cells of `$paramod$fda4c52592ec151689e44937ab5af6abb2bbb4f7\cordic_stage'.
Finding duplicate cells in `$paramod$fda4c52592ec151689e44937ab5af6abb2bbb4f7\cordic_stage'.
Finding identical cells in module `$paramod$a64f440093fbb2a761ca462422596e7cf59060b9\cordic_stage'.
Computing hashes of 17 cells of `$paramod$a64f440093fbb2a761ca462422596e7cf59060b9\cordic_stage'.
Finding duplicate cells in `$paramod$a64f440093fbb2a761ca462422596e7cf59060b9\cordic_stage'.
Finding identical cells in module `$paramod$d051e689d5327a357ac2c918100372a7016c9475\cordic_stage'.
Computing hashes of 17 cells of `$paramod$d051e689d5327a357ac2c918100372a7016c9475\cordic_stage'.
Finding duplicate cells in `$paramod$d051e689d5327a357ac2c918100372a7016c9475\cordic_stage'.
Finding identical cells in module `$paramod$126d84d701c2cc9a597647f943872c89fc0e0486\cordic_stage'.
Computing hashes of 17 cells of `$paramod$126d84d701c2cc9a597647f943872c89fc0e0486\cordic_stage'.
Finding duplicate cells in `$paramod$126d84d701c2cc9a597647f943872c89fc0e0486\cordic_stage'.
Finding identical cells in module `$paramod$be7bec05f99528b83047c54b2c3b7ab2ac7f529f\cordic_stage'.
Computing hashes of 17 cells of `$paramod$be7bec05f99528b83047c54b2c3b7ab2ac7f529f\cordic_stage'.
Finding duplicate cells in `$paramod$be7bec05f99528b83047c54b2c3b7ab2ac7f529f\cordic_stage'.
Finding identical cells in module `$paramod$b8db0999d09c2bf93070cea839ea649340d02004\cordic_stage'.
Computing hashes of 17 cells of `$paramod$b8db0999d09c2bf93070cea839ea649340d02004\cordic_stage'.
Finding duplicate cells in `$paramod$b8db0999d09c2bf93070cea839ea649340d02004\cordic_stage'.
Finding identical cells in module `$paramod$c3982464bdd43885eb14a5af78baf7982db37425\cordic_stage'.
Computing hashes of 17 cells of `$paramod$c3982464bdd43885eb14a5af78baf7982db37425\cordic_stage'.
Finding duplicate cells in `$paramod$c3982464bdd43885eb14a5af78baf7982db37425\cordic_stage'.
Finding identical cells in module `$paramod$1ceed3bff8837b34d0a66987aff5145c079c2fbd\cordic_stage'.
Computing hashes of 17 cells of `$paramod$1ceed3bff8837b34d0a66987aff5145c079c2fbd\cordic_stage'.
Finding duplicate cells in `$paramod$1ceed3bff8837b34d0a66987aff5145c079c2fbd\cordic_stage'.
Finding identical cells in module `$paramod$a744cc0f1faffa6b4bad02f7493d97baee494aa9\cordic_stage'.
Computing hashes of 17 cells of `$paramod$a744cc0f1faffa6b4bad02f7493d97baee494aa9\cordic_stage'.
Finding duplicate cells in `$paramod$a744cc0f1faffa6b4bad02f7493d97baee494aa9\cordic_stage'.
Finding identical cells in module `$paramod$4f7c2943c908f89b3241078e20d5e72df920ea4c\cordic_stage'.
Computing hashes of 17 cells of `$paramod$4f7c2943c908f89b3241078e20d5e72df920ea4c\cordic_stage'.
Finding duplicate cells in `$paramod$4f7c2943c908f89b3241078e20d5e72df920ea4c\cordic_stage'.
Finding identical cells in module `$paramod$e0b39c4462fc09c778e150d1c789ca7fe160ca07\cordic_stage'.
Computing hashes of 17 cells of `$paramod$e0b39c4462fc09c778e150d1c789ca7fe160ca07\cordic_stage'.
Finding duplicate cells in `$paramod$e0b39c4462fc09c778e150d1c789ca7fe160ca07\cordic_stage'.
Finding identical cells in module `$paramod$bfb04248936278b1df1155cdc757ddb460a8d245\cordic_stage'.
Computing hashes of 17 cells of `$paramod$bfb04248936278b1df1155cdc757ddb460a8d245\cordic_stage'.
Finding duplicate cells in `$paramod$bfb04248936278b1df1155cdc757ddb460a8d245\cordic_stage'.
Finding identical cells in module `$paramod$13df4f4c9c1b261592c9a2486a54e334ba271a0d\cordic_stage'.
Computing hashes of 17 cells of `$paramod$13df4f4c9c1b261592c9a2486a54e334ba271a0d\cordic_stage'.
Finding duplicate cells in `$paramod$13df4f4c9c1b261592c9a2486a54e334ba271a0d\cordic_stage'.
Finding identical cells in module `$paramod$92317b3f664a636e96e14bfabf5ac92fa5f616e0\cordic_stage'.
Computing hashes of 17 cells of `$paramod$92317b3f664a636e96e14bfabf5ac92fa5f616e0\cordic_stage'.
Finding duplicate cells in `$paramod$92317b3f664a636e96e14bfabf5ac92fa5f616e0\cordic_stage'.
Finding identical cells in module `$paramod$1c78dad951792559821a28759880bf6605d5ac8b\cordic_stage'.
Computing hashes of 14 cells of `$paramod$1c78dad951792559821a28759880bf6605d5ac8b\cordic_stage'.
Finding duplicate cells in `$paramod$1c78dad951792559821a28759880bf6605d5ac8b\cordic_stage'.
Finding identical cells in module `\siren_neuron'.
Computing hashes of 3 cells of `\siren_neuron'.
Finding duplicate cells in `\siren_neuron'.
Finding identical cells in module `\siren_act_unit'.
Computing hashes of 2 cells of `\siren_act_unit'.
Finding duplicate cells in `\siren_act_unit'.
Finding identical cells in module `$paramod$ab10e97098def7190bb8b712e42708d46e5dfde5\cordic_stage'.
Computing hashes of 16 cells of `$paramod$ab10e97098def7190bb8b712e42708d46e5dfde5\cordic_stage'.
Finding duplicate cells in `$paramod$ab10e97098def7190bb8b712e42708d46e5dfde5\cordic_stage'.
Finding identical cells in module `\cordic_wrapper'.
Computing hashes of 18 cells of `\cordic_wrapper'.
Finding duplicate cells in `\cordic_wrapper'.
Finding identical cells in module `\phase_folder'.
Computing hashes of 2 cells of `\phase_folder'.
Finding duplicate cells in `\phase_folder'.
Finding identical cells in module `\siren_scaler'.
Computing hashes of 4 cells of `\siren_scaler'.
Finding duplicate cells in `\siren_scaler'.
Finding identical cells in module `\mac_unit'.
Computing hashes of 15 cells of `\mac_unit'.
Finding duplicate cells in `\mac_unit'.
Removed a total of 0 cells.

11.6.6. Executing OPT_DFF pass (perform DFF optimizations).
Setting constant 0-bit at position 0 on $procdff$1023 ($adff) from module phase_folder.
Setting constant 0-bit at position 1 on $procdff$1023 ($adff) from module phase_folder.
Setting constant 0-bit at position 2 on $procdff$1023 ($adff) from module phase_folder.

11.6.7. Executing OPT_CLEAN pass (remove unused cells and wires).
Finding unused cells or wires in module $paramod$fda4c52592ec151689e44937ab5af6abb2bbb4f7\cordic_stage..
Finding unused cells or wires in module $paramod$a64f440093fbb2a761ca462422596e7cf59060b9\cordic_stage..
Finding unused cells or wires in module $paramod$d051e689d5327a357ac2c918100372a7016c9475\cordic_stage..
Finding unused cells or wires in module $paramod$126d84d701c2cc9a597647f943872c89fc0e0486\cordic_stage..
Finding unused cells or wires in module $paramod$be7bec05f99528b83047c54b2c3b7ab2ac7f529f\cordic_stage..
Finding unused cells or wires in module $paramod$b8db0999d09c2bf93070cea839ea649340d02004\cordic_stage..
Finding unused cells or wires in module $paramod$c3982464bdd43885eb14a5af78baf7982db37425\cordic_stage..
Finding unused cells or wires in module $paramod$1ceed3bff8837b34d0a66987aff5145c079c2fbd\cordic_stage..
Finding unused cells or wires in module $paramod$a744cc0f1faffa6b4bad02f7493d97baee494aa9\cordic_stage..
Finding unused cells or wires in module $paramod$4f7c2943c908f89b3241078e20d5e72df920ea4c\cordic_stage..
Finding unused cells or wires in module $paramod$e0b39c4462fc09c778e150d1c789ca7fe160ca07\cordic_stage..
Finding unused cells or wires in module $paramod$bfb04248936278b1df1155cdc757ddb460a8d245\cordic_stage..
Finding unused cells or wires in module $paramod$13df4f4c9c1b261592c9a2486a54e334ba271a0d\cordic_stage..
Finding unused cells or wires in module $paramod$92317b3f664a636e96e14bfabf5ac92fa5f616e0\cordic_stage..
Finding unused cells or wires in module $paramod$1c78dad951792559821a28759880bf6605d5ac8b\cordic_stage..
Finding unused cells or wires in module \siren_neuron..
Finding unused cells or wires in module \siren_act_unit..
Finding unused cells or wires in module $paramod$ab10e97098def7190bb8b712e42708d46e5dfde5\cordic_stage..
Finding unused cells or wires in module \cordic_wrapper..
Finding unused cells or wires in module \phase_folder..
Finding unused cells or wires in module \siren_scaler..
Finding unused cells or wires in module \mac_unit..
Removed 0 unused cells and 2 unused wires.
<suppressed ~2 debug messages>

11.6.8. Executing OPT_EXPR pass (perform const folding).
Optimizing module $paramod$fda4c52592ec151689e44937ab5af6abb2bbb4f7\cordic_stage.
Optimizing module $paramod$a64f440093fbb2a761ca462422596e7cf59060b9\cordic_stage.
Optimizing module $paramod$d051e689d5327a357ac2c918100372a7016c9475\cordic_stage.
Optimizing module $paramod$126d84d701c2cc9a597647f943872c89fc0e0486\cordic_stage.
Optimizing module $paramod$be7bec05f99528b83047c54b2c3b7ab2ac7f529f\cordic_stage.
Optimizing module $paramod$b8db0999d09c2bf93070cea839ea649340d02004\cordic_stage.
Optimizing module $paramod$c3982464bdd43885eb14a5af78baf7982db37425\cordic_stage.
Optimizing module $paramod$1ceed3bff8837b34d0a66987aff5145c079c2fbd\cordic_stage.
Optimizing module $paramod$a744cc0f1faffa6b4bad02f7493d97baee494aa9\cordic_stage.
Optimizing module $paramod$4f7c2943c908f89b3241078e20d5e72df920ea4c\cordic_stage.
Optimizing module $paramod$e0b39c4462fc09c778e150d1c789ca7fe160ca07\cordic_stage.
Optimizing module $paramod$bfb04248936278b1df1155cdc757ddb460a8d245\cordic_stage.
Optimizing module $paramod$13df4f4c9c1b261592c9a2486a54e334ba271a0d\cordic_stage.
Optimizing module $paramod$92317b3f664a636e96e14bfabf5ac92fa5f616e0\cordic_stage.
Optimizing module $paramod$1c78dad951792559821a28759880bf6605d5ac8b\cordic_stage.
Optimizing module siren_neuron.
Optimizing module siren_act_unit.
Optimizing module $paramod$ab10e97098def7190bb8b712e42708d46e5dfde5\cordic_stage.
Optimizing module cordic_wrapper.
Optimizing module phase_folder.
Optimizing module siren_scaler.
Optimizing module mac_unit.

11.6.9. Rerunning OPT passes. (Maybe there is more to do..)

11.6.10. Executing OPT_MUXTREE pass (detect dead branches in mux trees).
Running muxtree optimizer on module $paramod$fda4c52592ec151689e44937ab5af6abb2bbb4f7\cordic_stage..
  Creating internal representation of mux trees.
  Evaluating internal representation of mux trees.
  Analyzing evaluation results.
Running muxtree optimizer on module $paramod$a64f440093fbb2a761ca462422596e7cf59060b9\cordic_stage..
  Creating internal representation of mux trees.
  Evaluating internal representation of mux trees.
  Analyzing evaluation results.
Running muxtree optimizer on module $paramod$d051e689d5327a357ac2c918100372a7016c9475\cordic_stage..
  Creating internal representation of mux trees.
  Evaluating internal representation of mux trees.
  Analyzing evaluation results.
Running muxtree optimizer on module $paramod$126d84d701c2cc9a597647f943872c89fc0e0486\cordic_stage..
  Creating internal representation of mux trees.
  Evaluating internal representation of mux trees.
  Analyzing evaluation results.
Running muxtree optimizer on module $paramod$be7bec05f99528b83047c54b2c3b7ab2ac7f529f\cordic_stage..
  Creating internal representation of mux trees.
  Evaluating internal representation of mux trees.
  Analyzing evaluation results.
Running muxtree optimizer on module $paramod$b8db0999d09c2bf93070cea839ea649340d02004\cordic_stage..
  Creating internal representation of mux trees.
  Evaluating internal representation of mux trees.
  Analyzing evaluation results.
Running muxtree optimizer on module $paramod$c3982464bdd43885eb14a5af78baf7982db37425\cordic_stage..
  Creating internal representation of mux trees.
  Evaluating internal representation of mux trees.
  Analyzing evaluation results.
Running muxtree optimizer on module $paramod$1ceed3bff8837b34d0a66987aff5145c079c2fbd\cordic_stage..
  Creating internal representation of mux trees.
  Evaluating internal representation of mux trees.
  Analyzing evaluation results.
Running muxtree optimizer on module $paramod$a744cc0f1faffa6b4bad02f7493d97baee494aa9\cordic_stage..
  Creating internal representation of mux trees.
  Evaluating internal representation of mux trees.
  Analyzing evaluation results.
Running muxtree optimizer on module $paramod$4f7c2943c908f89b3241078e20d5e72df920ea4c\cordic_stage..
  Creating internal representation of mux trees.
  Evaluating internal representation of mux trees.
  Analyzing evaluation results.
Running muxtree optimizer on module $paramod$e0b39c4462fc09c778e150d1c789ca7fe160ca07\cordic_stage..
  Creating internal representation of mux trees.
  Evaluating internal representation of mux trees.
  Analyzing evaluation results.
Running muxtree optimizer on module $paramod$bfb04248936278b1df1155cdc757ddb460a8d245\cordic_stage..
  Creating internal representation of mux trees.
  Evaluating internal representation of mux trees.
  Analyzing evaluation results.
Running muxtree optimizer on module $paramod$13df4f4c9c1b261592c9a2486a54e334ba271a0d\cordic_stage..
  Creating internal representation of mux trees.
  Evaluating internal representation of mux trees.
  Analyzing evaluation results.
Running muxtree optimizer on module $paramod$92317b3f664a636e96e14bfabf5ac92fa5f616e0\cordic_stage..
  Creating internal representation of mux trees.
  Evaluating internal representation of mux trees.
  Analyzing evaluation results.
Running muxtree optimizer on module $paramod$1c78dad951792559821a28759880bf6605d5ac8b\cordic_stage..
  Creating internal representation of mux trees.
  Evaluating internal representation of mux trees.
  Analyzing evaluation results.
Running muxtree optimizer on module \siren_neuron..
  Creating internal representation of mux trees.
  No muxes found in this module.
Running muxtree optimizer on module \siren_act_unit..
  Creating internal representation of mux trees.
  No muxes found in this module.
Running muxtree optimizer on module $paramod$ab10e97098def7190bb8b712e42708d46e5dfde5\cordic_stage..
  Creating internal representation of mux trees.
  Evaluating internal representation of mux trees.
  Analyzing evaluation results.
Running muxtree optimizer on module \cordic_wrapper..
  Creating internal representation of mux trees.
  Evaluating internal representation of mux trees.
  Analyzing evaluation results.
Running muxtree optimizer on module \phase_folder..
  Creating internal representation of mux trees.
  No muxes found in this module.
Running muxtree optimizer on module \siren_scaler..
  Creating internal representation of mux trees.
  Evaluating internal representation of mux trees.
  Analyzing evaluation results.
Running muxtree optimizer on module \mac_unit..
  Creating internal representation of mux trees.
  Evaluating internal representation of mux trees.
  Analyzing evaluation results.
Removed 0 multiplexer ports.
<suppressed ~157 debug messages>

11.6.11. Executing OPT_REDUCE pass (consolidate $*mux and $reduce_* inputs).
  Optimizing cells in module $paramod$fda4c52592ec151689e44937ab5af6abb2bbb4f7\cordic_stage.
  Optimizing cells in module $paramod$a64f440093fbb2a761ca462422596e7cf59060b9\cordic_stage.
  Optimizing cells in module $paramod$d051e689d5327a357ac2c918100372a7016c9475\cordic_stage.
  Optimizing cells in module $paramod$126d84d701c2cc9a597647f943872c89fc0e0486\cordic_stage.
  Optimizing cells in module $paramod$be7bec05f99528b83047c54b2c3b7ab2ac7f529f\cordic_stage.
  Optimizing cells in module $paramod$b8db0999d09c2bf93070cea839ea649340d02004\cordic_stage.
  Optimizing cells in module $paramod$c3982464bdd43885eb14a5af78baf7982db37425\cordic_stage.
  Optimizing cells in module $paramod$1ceed3bff8837b34d0a66987aff5145c079c2fbd\cordic_stage.
  Optimizing cells in module $paramod$a744cc0f1faffa6b4bad02f7493d97baee494aa9\cordic_stage.
  Optimizing cells in module $paramod$4f7c2943c908f89b3241078e20d5e72df920ea4c\cordic_stage.
  Optimizing cells in module $paramod$e0b39c4462fc09c778e150d1c789ca7fe160ca07\cordic_stage.
  Optimizing cells in module $paramod$bfb04248936278b1df1155cdc757ddb460a8d245\cordic_stage.
  Optimizing cells in module $paramod$13df4f4c9c1b261592c9a2486a54e334ba271a0d\cordic_stage.
  Optimizing cells in module $paramod$92317b3f664a636e96e14bfabf5ac92fa5f616e0\cordic_stage.
  Optimizing cells in module $paramod$1c78dad951792559821a28759880bf6605d5ac8b\cordic_stage.
  Optimizing cells in module \siren_neuron.
  Optimizing cells in module \siren_act_unit.
  Optimizing cells in module $paramod$ab10e97098def7190bb8b712e42708d46e5dfde5\cordic_stage.
  Optimizing cells in module \cordic_wrapper.
  Optimizing cells in module \phase_folder.
  Optimizing cells in module \siren_scaler.
  Optimizing cells in module \mac_unit.
Performed a total of 0 changes.

11.6.12. Executing OPT_MERGE pass (detect identical cells).
Finding identical cells in module `$paramod$fda4c52592ec151689e44937ab5af6abb2bbb4f7\cordic_stage'.
Computing hashes of 17 cells of `$paramod$fda4c52592ec151689e44937ab5af6abb2bbb4f7\cordic_stage'.
Finding duplicate cells in `$paramod$fda4c52592ec151689e44937ab5af6abb2bbb4f7\cordic_stage'.
Finding identical cells in module `$paramod$a64f440093fbb2a761ca462422596e7cf59060b9\cordic_stage'.
Computing hashes of 17 cells of `$paramod$a64f440093fbb2a761ca462422596e7cf59060b9\cordic_stage'.
Finding duplicate cells in `$paramod$a64f440093fbb2a761ca462422596e7cf59060b9\cordic_stage'.
Finding identical cells in module `$paramod$d051e689d5327a357ac2c918100372a7016c9475\cordic_stage'.
Computing hashes of 17 cells of `$paramod$d051e689d5327a357ac2c918100372a7016c9475\cordic_stage'.
Finding duplicate cells in `$paramod$d051e689d5327a357ac2c918100372a7016c9475\cordic_stage'.
Finding identical cells in module `$paramod$126d84d701c2cc9a597647f943872c89fc0e0486\cordic_stage'.
Computing hashes of 17 cells of `$paramod$126d84d701c2cc9a597647f943872c89fc0e0486\cordic_stage'.
Finding duplicate cells in `$paramod$126d84d701c2cc9a597647f943872c89fc0e0486\cordic_stage'.
Finding identical cells in module `$paramod$be7bec05f99528b83047c54b2c3b7ab2ac7f529f\cordic_stage'.
Computing hashes of 17 cells of `$paramod$be7bec05f99528b83047c54b2c3b7ab2ac7f529f\cordic_stage'.
Finding duplicate cells in `$paramod$be7bec05f99528b83047c54b2c3b7ab2ac7f529f\cordic_stage'.
Finding identical cells in module `$paramod$b8db0999d09c2bf93070cea839ea649340d02004\cordic_stage'.
Computing hashes of 17 cells of `$paramod$b8db0999d09c2bf93070cea839ea649340d02004\cordic_stage'.
Finding duplicate cells in `$paramod$b8db0999d09c2bf93070cea839ea649340d02004\cordic_stage'.
Finding identical cells in module `$paramod$c3982464bdd43885eb14a5af78baf7982db37425\cordic_stage'.
Computing hashes of 17 cells of `$paramod$c3982464bdd43885eb14a5af78baf7982db37425\cordic_stage'.
Finding duplicate cells in `$paramod$c3982464bdd43885eb14a5af78baf7982db37425\cordic_stage'.
Finding identical cells in module `$paramod$1ceed3bff8837b34d0a66987aff5145c079c2fbd\cordic_stage'.
Computing hashes of 17 cells of `$paramod$1ceed3bff8837b34d0a66987aff5145c079c2fbd\cordic_stage'.
Finding duplicate cells in `$paramod$1ceed3bff8837b34d0a66987aff5145c079c2fbd\cordic_stage'.
Finding identical cells in module `$paramod$a744cc0f1faffa6b4bad02f7493d97baee494aa9\cordic_stage'.
Computing hashes of 17 cells of `$paramod$a744cc0f1faffa6b4bad02f7493d97baee494aa9\cordic_stage'.
Finding duplicate cells in `$paramod$a744cc0f1faffa6b4bad02f7493d97baee494aa9\cordic_stage'.
Finding identical cells in module `$paramod$4f7c2943c908f89b3241078e20d5e72df920ea4c\cordic_stage'.
Computing hashes of 17 cells of `$paramod$4f7c2943c908f89b3241078e20d5e72df920ea4c\cordic_stage'.
Finding duplicate cells in `$paramod$4f7c2943c908f89b3241078e20d5e72df920ea4c\cordic_stage'.
Finding identical cells in module `$paramod$e0b39c4462fc09c778e150d1c789ca7fe160ca07\cordic_stage'.
Computing hashes of 17 cells of `$paramod$e0b39c4462fc09c778e150d1c789ca7fe160ca07\cordic_stage'.
Finding duplicate cells in `$paramod$e0b39c4462fc09c778e150d1c789ca7fe160ca07\cordic_stage'.
Finding identical cells in module `$paramod$bfb04248936278b1df1155cdc757ddb460a8d245\cordic_stage'.
Computing hashes of 17 cells of `$paramod$bfb04248936278b1df1155cdc757ddb460a8d245\cordic_stage'.
Finding duplicate cells in `$paramod$bfb04248936278b1df1155cdc757ddb460a8d245\cordic_stage'.
Finding identical cells in module `$paramod$13df4f4c9c1b261592c9a2486a54e334ba271a0d\cordic_stage'.
Computing hashes of 17 cells of `$paramod$13df4f4c9c1b261592c9a2486a54e334ba271a0d\cordic_stage'.
Finding duplicate cells in `$paramod$13df4f4c9c1b261592c9a2486a54e334ba271a0d\cordic_stage'.
Finding identical cells in module `$paramod$92317b3f664a636e96e14bfabf5ac92fa5f616e0\cordic_stage'.
Computing hashes of 17 cells of `$paramod$92317b3f664a636e96e14bfabf5ac92fa5f616e0\cordic_stage'.
Finding duplicate cells in `$paramod$92317b3f664a636e96e14bfabf5ac92fa5f616e0\cordic_stage'.
Finding identical cells in module `$paramod$1c78dad951792559821a28759880bf6605d5ac8b\cordic_stage'.
Computing hashes of 14 cells of `$paramod$1c78dad951792559821a28759880bf6605d5ac8b\cordic_stage'.
Finding duplicate cells in `$paramod$1c78dad951792559821a28759880bf6605d5ac8b\cordic_stage'.
Finding identical cells in module `\siren_neuron'.
Computing hashes of 3 cells of `\siren_neuron'.
Finding duplicate cells in `\siren_neuron'.
Finding identical cells in module `\siren_act_unit'.
Computing hashes of 2 cells of `\siren_act_unit'.
Finding duplicate cells in `\siren_act_unit'.
Finding identical cells in module `$paramod$ab10e97098def7190bb8b712e42708d46e5dfde5\cordic_stage'.
Computing hashes of 16 cells of `$paramod$ab10e97098def7190bb8b712e42708d46e5dfde5\cordic_stage'.
Finding duplicate cells in `$paramod$ab10e97098def7190bb8b712e42708d46e5dfde5\cordic_stage'.
Finding identical cells in module `\cordic_wrapper'.
Computing hashes of 18 cells of `\cordic_wrapper'.
Finding duplicate cells in `\cordic_wrapper'.
Finding identical cells in module `\phase_folder'.
Computing hashes of 2 cells of `\phase_folder'.
Finding duplicate cells in `\phase_folder'.
Finding identical cells in module `\siren_scaler'.
Computing hashes of 4 cells of `\siren_scaler'.
Finding duplicate cells in `\siren_scaler'.
Finding identical cells in module `\mac_unit'.
Computing hashes of 15 cells of `\mac_unit'.
Finding duplicate cells in `\mac_unit'.
Removed a total of 0 cells.

11.6.13. Executing OPT_DFF pass (perform DFF optimizations).

11.6.14. Executing OPT_CLEAN pass (remove unused cells and wires).
Finding unused cells or wires in module $paramod$fda4c52592ec151689e44937ab5af6abb2bbb4f7\cordic_stage..
Finding unused cells or wires in module $paramod$a64f440093fbb2a761ca462422596e7cf59060b9\cordic_stage..
Finding unused cells or wires in module $paramod$d051e689d5327a357ac2c918100372a7016c9475\cordic_stage..
Finding unused cells or wires in module $paramod$126d84d701c2cc9a597647f943872c89fc0e0486\cordic_stage..
Finding unused cells or wires in module $paramod$be7bec05f99528b83047c54b2c3b7ab2ac7f529f\cordic_stage..
Finding unused cells or wires in module $paramod$b8db0999d09c2bf93070cea839ea649340d02004\cordic_stage..
Finding unused cells or wires in module $paramod$c3982464bdd43885eb14a5af78baf7982db37425\cordic_stage..
Finding unused cells or wires in module $paramod$1ceed3bff8837b34d0a66987aff5145c079c2fbd\cordic_stage..
Finding unused cells or wires in module $paramod$a744cc0f1faffa6b4bad02f7493d97baee494aa9\cordic_stage..
Finding unused cells or wires in module $paramod$4f7c2943c908f89b3241078e20d5e72df920ea4c\cordic_stage..
Finding unused cells or wires in module $paramod$e0b39c4462fc09c778e150d1c789ca7fe160ca07\cordic_stage..
Finding unused cells or wires in module $paramod$bfb04248936278b1df1155cdc757ddb460a8d245\cordic_stage..
Finding unused cells or wires in module $paramod$13df4f4c9c1b261592c9a2486a54e334ba271a0d\cordic_stage..
Finding unused cells or wires in module $paramod$92317b3f664a636e96e14bfabf5ac92fa5f616e0\cordic_stage..
Finding unused cells or wires in module $paramod$1c78dad951792559821a28759880bf6605d5ac8b\cordic_stage..
Finding unused cells or wires in module \siren_neuron..
Finding unused cells or wires in module \siren_act_unit..
Finding unused cells or wires in module $paramod$ab10e97098def7190bb8b712e42708d46e5dfde5\cordic_stage..
Finding unused cells or wires in module \cordic_wrapper..
Finding unused cells or wires in module \phase_folder..
Finding unused cells or wires in module \siren_scaler..
Finding unused cells or wires in module \mac_unit..

11.6.15. Executing OPT_EXPR pass (perform const folding).
Optimizing module $paramod$fda4c52592ec151689e44937ab5af6abb2bbb4f7\cordic_stage.
Optimizing module $paramod$a64f440093fbb2a761ca462422596e7cf59060b9\cordic_stage.
Optimizing module $paramod$d051e689d5327a357ac2c918100372a7016c9475\cordic_stage.
Optimizing module $paramod$126d84d701c2cc9a597647f943872c89fc0e0486\cordic_stage.
Optimizing module $paramod$be7bec05f99528b83047c54b2c3b7ab2ac7f529f\cordic_stage.
Optimizing module $paramod$b8db0999d09c2bf93070cea839ea649340d02004\cordic_stage.
Optimizing module $paramod$c3982464bdd43885eb14a5af78baf7982db37425\cordic_stage.
Optimizing module $paramod$1ceed3bff8837b34d0a66987aff5145c079c2fbd\cordic_stage.
Optimizing module $paramod$a744cc0f1faffa6b4bad02f7493d97baee494aa9\cordic_stage.
Optimizing module $paramod$4f7c2943c908f89b3241078e20d5e72df920ea4c\cordic_stage.
Optimizing module $paramod$e0b39c4462fc09c778e150d1c789ca7fe160ca07\cordic_stage.
Optimizing module $paramod$bfb04248936278b1df1155cdc757ddb460a8d245\cordic_stage.
Optimizing module $paramod$13df4f4c9c1b261592c9a2486a54e334ba271a0d\cordic_stage.
Optimizing module $paramod$92317b3f664a636e96e14bfabf5ac92fa5f616e0\cordic_stage.
Optimizing module $paramod$1c78dad951792559821a28759880bf6605d5ac8b\cordic_stage.
Optimizing module siren_neuron.
Optimizing module siren_act_unit.
Optimizing module $paramod$ab10e97098def7190bb8b712e42708d46e5dfde5\cordic_stage.
Optimizing module cordic_wrapper.
Optimizing module phase_folder.
Optimizing module siren_scaler.
Optimizing module mac_unit.

11.6.16. Finished fast OPT passes. (There is nothing left to do.)

11.7. Executing FSM pass (extract and optimize FSM).

11.7.1. Executing FSM_DETECT pass (finding FSMs in design).

11.7.2. Executing FSM_EXTRACT pass (extracting FSM from design).

11.7.3. Executing FSM_OPT pass (simple optimizations of FSMs).

11.7.4. Executing OPT_CLEAN pass (remove unused cells and wires).
Finding unused cells or wires in module $paramod$fda4c52592ec151689e44937ab5af6abb2bbb4f7\cordic_stage..
Finding unused cells or wires in module $paramod$a64f440093fbb2a761ca462422596e7cf59060b9\cordic_stage..
Finding unused cells or wires in module $paramod$d051e689d5327a357ac2c918100372a7016c9475\cordic_stage..
Finding unused cells or wires in module $paramod$126d84d701c2cc9a597647f943872c89fc0e0486\cordic_stage..
Finding unused cells or wires in module $paramod$be7bec05f99528b83047c54b2c3b7ab2ac7f529f\cordic_stage..
Finding unused cells or wires in module $paramod$b8db0999d09c2bf93070cea839ea649340d02004\cordic_stage..
Finding unused cells or wires in module $paramod$c3982464bdd43885eb14a5af78baf7982db37425\cordic_stage..
Finding unused cells or wires in module $paramod$1ceed3bff8837b34d0a66987aff5145c079c2fbd\cordic_stage..
Finding unused cells or wires in module $paramod$a744cc0f1faffa6b4bad02f7493d97baee494aa9\cordic_stage..
Finding unused cells or wires in module $paramod$4f7c2943c908f89b3241078e20d5e72df920ea4c\cordic_stage..
Finding unused cells or wires in module $paramod$e0b39c4462fc09c778e150d1c789ca7fe160ca07\cordic_stage..
Finding unused cells or wires in module $paramod$bfb04248936278b1df1155cdc757ddb460a8d245\cordic_stage..
Finding unused cells or wires in module $paramod$13df4f4c9c1b261592c9a2486a54e334ba271a0d\cordic_stage..
Finding unused cells or wires in module $paramod$92317b3f664a636e96e14bfabf5ac92fa5f616e0\cordic_stage..
Finding unused cells or wires in module $paramod$1c78dad951792559821a28759880bf6605d5ac8b\cordic_stage..
Finding unused cells or wires in module \siren_neuron..
Finding unused cells or wires in module \siren_act_unit..
Finding unused cells or wires in module $paramod$ab10e97098def7190bb8b712e42708d46e5dfde5\cordic_stage..
Finding unused cells or wires in module \cordic_wrapper..
Finding unused cells or wires in module \phase_folder..
Finding unused cells or wires in module \siren_scaler..
Finding unused cells or wires in module \mac_unit..

11.7.5. Executing FSM_OPT pass (simple optimizations of FSMs).

11.7.6. Executing FSM_RECODE pass (re-assigning FSM state encoding).

11.7.7. Executing FSM_INFO pass (dumping all available information on FSM cells).

11.7.8. Executing FSM_MAP pass (mapping FSMs to basic logic).

11.8. Executing OPT pass (performing simple optimizations).

11.8.1. Executing OPT_EXPR pass (perform const folding).
Optimizing module $paramod$fda4c52592ec151689e44937ab5af6abb2bbb4f7\cordic_stage.
Optimizing module $paramod$a64f440093fbb2a761ca462422596e7cf59060b9\cordic_stage.
Optimizing module $paramod$d051e689d5327a357ac2c918100372a7016c9475\cordic_stage.
Optimizing module $paramod$126d84d701c2cc9a597647f943872c89fc0e0486\cordic_stage.
Optimizing module $paramod$be7bec05f99528b83047c54b2c3b7ab2ac7f529f\cordic_stage.
Optimizing module $paramod$b8db0999d09c2bf93070cea839ea649340d02004\cordic_stage.
Optimizing module $paramod$c3982464bdd43885eb14a5af78baf7982db37425\cordic_stage.
Optimizing module $paramod$1ceed3bff8837b34d0a66987aff5145c079c2fbd\cordic_stage.
Optimizing module $paramod$a744cc0f1faffa6b4bad02f7493d97baee494aa9\cordic_stage.
Optimizing module $paramod$4f7c2943c908f89b3241078e20d5e72df920ea4c\cordic_stage.
Optimizing module $paramod$e0b39c4462fc09c778e150d1c789ca7fe160ca07\cordic_stage.
Optimizing module $paramod$bfb04248936278b1df1155cdc757ddb460a8d245\cordic_stage.
Optimizing module $paramod$13df4f4c9c1b261592c9a2486a54e334ba271a0d\cordic_stage.
Optimizing module $paramod$92317b3f664a636e96e14bfabf5ac92fa5f616e0\cordic_stage.
Optimizing module $paramod$1c78dad951792559821a28759880bf6605d5ac8b\cordic_stage.
Optimizing module siren_neuron.
Optimizing module siren_act_unit.
Optimizing module $paramod$ab10e97098def7190bb8b712e42708d46e5dfde5\cordic_stage.
Optimizing module cordic_wrapper.
Optimizing module phase_folder.
Optimizing module siren_scaler.
Optimizing module mac_unit.

11.8.2. Executing OPT_MERGE pass (detect identical cells).
Finding identical cells in module `$paramod$fda4c52592ec151689e44937ab5af6abb2bbb4f7\cordic_stage'.
Computing hashes of 17 cells of `$paramod$fda4c52592ec151689e44937ab5af6abb2bbb4f7\cordic_stage'.
Finding duplicate cells in `$paramod$fda4c52592ec151689e44937ab5af6abb2bbb4f7\cordic_stage'.
Finding identical cells in module `$paramod$a64f440093fbb2a761ca462422596e7cf59060b9\cordic_stage'.
Computing hashes of 17 cells of `$paramod$a64f440093fbb2a761ca462422596e7cf59060b9\cordic_stage'.
Finding duplicate cells in `$paramod$a64f440093fbb2a761ca462422596e7cf59060b9\cordic_stage'.
Finding identical cells in module `$paramod$d051e689d5327a357ac2c918100372a7016c9475\cordic_stage'.
Computing hashes of 17 cells of `$paramod$d051e689d5327a357ac2c918100372a7016c9475\cordic_stage'.
Finding duplicate cells in `$paramod$d051e689d5327a357ac2c918100372a7016c9475\cordic_stage'.
Finding identical cells in module `$paramod$126d84d701c2cc9a597647f943872c89fc0e0486\cordic_stage'.
Computing hashes of 17 cells of `$paramod$126d84d701c2cc9a597647f943872c89fc0e0486\cordic_stage'.
Finding duplicate cells in `$paramod$126d84d701c2cc9a597647f943872c89fc0e0486\cordic_stage'.
Finding identical cells in module `$paramod$be7bec05f99528b83047c54b2c3b7ab2ac7f529f\cordic_stage'.
Computing hashes of 17 cells of `$paramod$be7bec05f99528b83047c54b2c3b7ab2ac7f529f\cordic_stage'.
Finding duplicate cells in `$paramod$be7bec05f99528b83047c54b2c3b7ab2ac7f529f\cordic_stage'.
Finding identical cells in module `$paramod$b8db0999d09c2bf93070cea839ea649340d02004\cordic_stage'.
Computing hashes of 17 cells of `$paramod$b8db0999d09c2bf93070cea839ea649340d02004\cordic_stage'.
Finding duplicate cells in `$paramod$b8db0999d09c2bf93070cea839ea649340d02004\cordic_stage'.
Finding identical cells in module `$paramod$c3982464bdd43885eb14a5af78baf7982db37425\cordic_stage'.
Computing hashes of 17 cells of `$paramod$c3982464bdd43885eb14a5af78baf7982db37425\cordic_stage'.
Finding duplicate cells in `$paramod$c3982464bdd43885eb14a5af78baf7982db37425\cordic_stage'.
Finding identical cells in module `$paramod$1ceed3bff8837b34d0a66987aff5145c079c2fbd\cordic_stage'.
Computing hashes of 17 cells of `$paramod$1ceed3bff8837b34d0a66987aff5145c079c2fbd\cordic_stage'.
Finding duplicate cells in `$paramod$1ceed3bff8837b34d0a66987aff5145c079c2fbd\cordic_stage'.
Finding identical cells in module `$paramod$a744cc0f1faffa6b4bad02f7493d97baee494aa9\cordic_stage'.
Computing hashes of 17 cells of `$paramod$a744cc0f1faffa6b4bad02f7493d97baee494aa9\cordic_stage'.
Finding duplicate cells in `$paramod$a744cc0f1faffa6b4bad02f7493d97baee494aa9\cordic_stage'.
Finding identical cells in module `$paramod$4f7c2943c908f89b3241078e20d5e72df920ea4c\cordic_stage'.
Computing hashes of 17 cells of `$paramod$4f7c2943c908f89b3241078e20d5e72df920ea4c\cordic_stage'.
Finding duplicate cells in `$paramod$4f7c2943c908f89b3241078e20d5e72df920ea4c\cordic_stage'.
Finding identical cells in module `$paramod$e0b39c4462fc09c778e150d1c789ca7fe160ca07\cordic_stage'.
Computing hashes of 17 cells of `$paramod$e0b39c4462fc09c778e150d1c789ca7fe160ca07\cordic_stage'.
Finding duplicate cells in `$paramod$e0b39c4462fc09c778e150d1c789ca7fe160ca07\cordic_stage'.
Finding identical cells in module `$paramod$bfb04248936278b1df1155cdc757ddb460a8d245\cordic_stage'.
Computing hashes of 17 cells of `$paramod$bfb04248936278b1df1155cdc757ddb460a8d245\cordic_stage'.
Finding duplicate cells in `$paramod$bfb04248936278b1df1155cdc757ddb460a8d245\cordic_stage'.
Finding identical cells in module `$paramod$13df4f4c9c1b261592c9a2486a54e334ba271a0d\cordic_stage'.
Computing hashes of 17 cells of `$paramod$13df4f4c9c1b261592c9a2486a54e334ba271a0d\cordic_stage'.
Finding duplicate cells in `$paramod$13df4f4c9c1b261592c9a2486a54e334ba271a0d\cordic_stage'.
Finding identical cells in module `$paramod$92317b3f664a636e96e14bfabf5ac92fa5f616e0\cordic_stage'.
Computing hashes of 17 cells of `$paramod$92317b3f664a636e96e14bfabf5ac92fa5f616e0\cordic_stage'.
Finding duplicate cells in `$paramod$92317b3f664a636e96e14bfabf5ac92fa5f616e0\cordic_stage'.
Finding identical cells in module `$paramod$1c78dad951792559821a28759880bf6605d5ac8b\cordic_stage'.
Computing hashes of 14 cells of `$paramod$1c78dad951792559821a28759880bf6605d5ac8b\cordic_stage'.
Finding duplicate cells in `$paramod$1c78dad951792559821a28759880bf6605d5ac8b\cordic_stage'.
Finding identical cells in module `\siren_neuron'.
Computing hashes of 3 cells of `\siren_neuron'.
Finding duplicate cells in `\siren_neuron'.
Finding identical cells in module `\siren_act_unit'.
Computing hashes of 2 cells of `\siren_act_unit'.
Finding duplicate cells in `\siren_act_unit'.
Finding identical cells in module `$paramod$ab10e97098def7190bb8b712e42708d46e5dfde5\cordic_stage'.
Computing hashes of 16 cells of `$paramod$ab10e97098def7190bb8b712e42708d46e5dfde5\cordic_stage'.
Finding duplicate cells in `$paramod$ab10e97098def7190bb8b712e42708d46e5dfde5\cordic_stage'.
Finding identical cells in module `\cordic_wrapper'.
Computing hashes of 18 cells of `\cordic_wrapper'.
Finding duplicate cells in `\cordic_wrapper'.
Finding identical cells in module `\phase_folder'.
Computing hashes of 2 cells of `\phase_folder'.
Finding duplicate cells in `\phase_folder'.
Finding identical cells in module `\siren_scaler'.
Computing hashes of 4 cells of `\siren_scaler'.
Finding duplicate cells in `\siren_scaler'.
Finding identical cells in module `\mac_unit'.
Computing hashes of 15 cells of `\mac_unit'.
Finding duplicate cells in `\mac_unit'.
Removed a total of 0 cells.

11.8.3. Executing OPT_MUXTREE pass (detect dead branches in mux trees).
Running muxtree optimizer on module $paramod$fda4c52592ec151689e44937ab5af6abb2bbb4f7\cordic_stage..
  Creating internal representation of mux trees.
  Evaluating internal representation of mux trees.
  Analyzing evaluation results.
Running muxtree optimizer on module $paramod$a64f440093fbb2a761ca462422596e7cf59060b9\cordic_stage..
  Creating internal representation of mux trees.
  Evaluating internal representation of mux trees.
  Analyzing evaluation results.
Running muxtree optimizer on module $paramod$d051e689d5327a357ac2c918100372a7016c9475\cordic_stage..
  Creating internal representation of mux trees.
  Evaluating internal representation of mux trees.
  Analyzing evaluation results.
Running muxtree optimizer on module $paramod$126d84d701c2cc9a597647f943872c89fc0e0486\cordic_stage..
  Creating internal representation of mux trees.
  Evaluating internal representation of mux trees.
  Analyzing evaluation results.
Running muxtree optimizer on module $paramod$be7bec05f99528b83047c54b2c3b7ab2ac7f529f\cordic_stage..
  Creating internal representation of mux trees.
  Evaluating internal representation of mux trees.
  Analyzing evaluation results.
Running muxtree optimizer on module $paramod$b8db0999d09c2bf93070cea839ea649340d02004\cordic_stage..
  Creating internal representation of mux trees.
  Evaluating internal representation of mux trees.
  Analyzing evaluation results.
Running muxtree optimizer on module $paramod$c3982464bdd43885eb14a5af78baf7982db37425\cordic_stage..
  Creating internal representation of mux trees.
  Evaluating internal representation of mux trees.
  Analyzing evaluation results.
Running muxtree optimizer on module $paramod$1ceed3bff8837b34d0a66987aff5145c079c2fbd\cordic_stage..
  Creating internal representation of mux trees.
  Evaluating internal representation of mux trees.
  Analyzing evaluation results.
Running muxtree optimizer on module $paramod$a744cc0f1faffa6b4bad02f7493d97baee494aa9\cordic_stage..
  Creating internal representation of mux trees.
  Evaluating internal representation of mux trees.
  Analyzing evaluation results.
Running muxtree optimizer on module $paramod$4f7c2943c908f89b3241078e20d5e72df920ea4c\cordic_stage..
  Creating internal representation of mux trees.
  Evaluating internal representation of mux trees.
  Analyzing evaluation results.
Running muxtree optimizer on module $paramod$e0b39c4462fc09c778e150d1c789ca7fe160ca07\cordic_stage..
  Creating internal representation of mux trees.
  Evaluating internal representation of mux trees.
  Analyzing evaluation results.
Running muxtree optimizer on module $paramod$bfb04248936278b1df1155cdc757ddb460a8d245\cordic_stage..
  Creating internal representation of mux trees.
  Evaluating internal representation of mux trees.
  Analyzing evaluation results.
Running muxtree optimizer on module $paramod$13df4f4c9c1b261592c9a2486a54e334ba271a0d\cordic_stage..
  Creating internal representation of mux trees.
  Evaluating internal representation of mux trees.
  Analyzing evaluation results.
Running muxtree optimizer on module $paramod$92317b3f664a636e96e14bfabf5ac92fa5f616e0\cordic_stage..
  Creating internal representation of mux trees.
  Evaluating internal representation of mux trees.
  Analyzing evaluation results.
Running muxtree optimizer on module $paramod$1c78dad951792559821a28759880bf6605d5ac8b\cordic_stage..
  Creating internal representation of mux trees.
  Evaluating internal representation of mux trees.
  Analyzing evaluation results.
Running muxtree optimizer on module \siren_neuron..
  Creating internal representation of mux trees.
  No muxes found in this module.
Running muxtree optimizer on module \siren_act_unit..
  Creating internal representation of mux trees.
  No muxes found in this module.
Running muxtree optimizer on module $paramod$ab10e97098def7190bb8b712e42708d46e5dfde5\cordic_stage..
  Creating internal representation of mux trees.
  Evaluating internal representation of mux trees.
  Analyzing evaluation results.
Running muxtree optimizer on module \cordic_wrapper..
  Creating internal representation of mux trees.
  Evaluating internal representation of mux trees.
  Analyzing evaluation results.
Running muxtree optimizer on module \phase_folder..
  Creating internal representation of mux trees.
  No muxes found in this module.
Running muxtree optimizer on module \siren_scaler..
  Creating internal representation of mux trees.
  Evaluating internal representation of mux trees.
  Analyzing evaluation results.
Running muxtree optimizer on module \mac_unit..
  Creating internal representation of mux trees.
  Evaluating internal representation of mux trees.
  Analyzing evaluation results.
Removed 0 multiplexer ports.
<suppressed ~157 debug messages>

11.8.4. Executing OPT_REDUCE pass (consolidate $*mux and $reduce_* inputs).
  Optimizing cells in module $paramod$fda4c52592ec151689e44937ab5af6abb2bbb4f7\cordic_stage.
  Optimizing cells in module $paramod$a64f440093fbb2a761ca462422596e7cf59060b9\cordic_stage.
  Optimizing cells in module $paramod$d051e689d5327a357ac2c918100372a7016c9475\cordic_stage.
  Optimizing cells in module $paramod$126d84d701c2cc9a597647f943872c89fc0e0486\cordic_stage.
  Optimizing cells in module $paramod$be7bec05f99528b83047c54b2c3b7ab2ac7f529f\cordic_stage.
  Optimizing cells in module $paramod$b8db0999d09c2bf93070cea839ea649340d02004\cordic_stage.
  Optimizing cells in module $paramod$c3982464bdd43885eb14a5af78baf7982db37425\cordic_stage.
  Optimizing cells in module $paramod$1ceed3bff8837b34d0a66987aff5145c079c2fbd\cordic_stage.
  Optimizing cells in module $paramod$a744cc0f1faffa6b4bad02f7493d97baee494aa9\cordic_stage.
  Optimizing cells in module $paramod$4f7c2943c908f89b3241078e20d5e72df920ea4c\cordic_stage.
  Optimizing cells in module $paramod$e0b39c4462fc09c778e150d1c789ca7fe160ca07\cordic_stage.
  Optimizing cells in module $paramod$bfb04248936278b1df1155cdc757ddb460a8d245\cordic_stage.
  Optimizing cells in module $paramod$13df4f4c9c1b261592c9a2486a54e334ba271a0d\cordic_stage.
  Optimizing cells in module $paramod$92317b3f664a636e96e14bfabf5ac92fa5f616e0\cordic_stage.
  Optimizing cells in module $paramod$1c78dad951792559821a28759880bf6605d5ac8b\cordic_stage.
  Optimizing cells in module \siren_neuron.
  Optimizing cells in module \siren_act_unit.
  Optimizing cells in module $paramod$ab10e97098def7190bb8b712e42708d46e5dfde5\cordic_stage.
  Optimizing cells in module \cordic_wrapper.
  Optimizing cells in module \phase_folder.
  Optimizing cells in module \siren_scaler.
  Optimizing cells in module \mac_unit.
Performed a total of 0 changes.

11.8.5. Executing OPT_MERGE pass (detect identical cells).
Finding identical cells in module `$paramod$fda4c52592ec151689e44937ab5af6abb2bbb4f7\cordic_stage'.
Computing hashes of 17 cells of `$paramod$fda4c52592ec151689e44937ab5af6abb2bbb4f7\cordic_stage'.
Finding duplicate cells in `$paramod$fda4c52592ec151689e44937ab5af6abb2bbb4f7\cordic_stage'.
Finding identical cells in module `$paramod$a64f440093fbb2a761ca462422596e7cf59060b9\cordic_stage'.
Computing hashes of 17 cells of `$paramod$a64f440093fbb2a761ca462422596e7cf59060b9\cordic_stage'.
Finding duplicate cells in `$paramod$a64f440093fbb2a761ca462422596e7cf59060b9\cordic_stage'.
Finding identical cells in module `$paramod$d051e689d5327a357ac2c918100372a7016c9475\cordic_stage'.
Computing hashes of 17 cells of `$paramod$d051e689d5327a357ac2c918100372a7016c9475\cordic_stage'.
Finding duplicate cells in `$paramod$d051e689d5327a357ac2c918100372a7016c9475\cordic_stage'.
Finding identical cells in module `$paramod$126d84d701c2cc9a597647f943872c89fc0e0486\cordic_stage'.
Computing hashes of 17 cells of `$paramod$126d84d701c2cc9a597647f943872c89fc0e0486\cordic_stage'.
Finding duplicate cells in `$paramod$126d84d701c2cc9a597647f943872c89fc0e0486\cordic_stage'.
Finding identical cells in module `$paramod$be7bec05f99528b83047c54b2c3b7ab2ac7f529f\cordic_stage'.
Computing hashes of 17 cells of `$paramod$be7bec05f99528b83047c54b2c3b7ab2ac7f529f\cordic_stage'.
Finding duplicate cells in `$paramod$be7bec05f99528b83047c54b2c3b7ab2ac7f529f\cordic_stage'.
Finding identical cells in module `$paramod$b8db0999d09c2bf93070cea839ea649340d02004\cordic_stage'.
Computing hashes of 17 cells of `$paramod$b8db0999d09c2bf93070cea839ea649340d02004\cordic_stage'.
Finding duplicate cells in `$paramod$b8db0999d09c2bf93070cea839ea649340d02004\cordic_stage'.
Finding identical cells in module `$paramod$c3982464bdd43885eb14a5af78baf7982db37425\cordic_stage'.
Computing hashes of 17 cells of `$paramod$c3982464bdd43885eb14a5af78baf7982db37425\cordic_stage'.
Finding duplicate cells in `$paramod$c3982464bdd43885eb14a5af78baf7982db37425\cordic_stage'.
Finding identical cells in module `$paramod$1ceed3bff8837b34d0a66987aff5145c079c2fbd\cordic_stage'.
Computing hashes of 17 cells of `$paramod$1ceed3bff8837b34d0a66987aff5145c079c2fbd\cordic_stage'.
Finding duplicate cells in `$paramod$1ceed3bff8837b34d0a66987aff5145c079c2fbd\cordic_stage'.
Finding identical cells in module `$paramod$a744cc0f1faffa6b4bad02f7493d97baee494aa9\cordic_stage'.
Computing hashes of 17 cells of `$paramod$a744cc0f1faffa6b4bad02f7493d97baee494aa9\cordic_stage'.
Finding duplicate cells in `$paramod$a744cc0f1faffa6b4bad02f7493d97baee494aa9\cordic_stage'.
Finding identical cells in module `$paramod$4f7c2943c908f89b3241078e20d5e72df920ea4c\cordic_stage'.
Computing hashes of 17 cells of `$paramod$4f7c2943c908f89b3241078e20d5e72df920ea4c\cordic_stage'.
Finding duplicate cells in `$paramod$4f7c2943c908f89b3241078e20d5e72df920ea4c\cordic_stage'.
Finding identical cells in module `$paramod$e0b39c4462fc09c778e150d1c789ca7fe160ca07\cordic_stage'.
Computing hashes of 17 cells of `$paramod$e0b39c4462fc09c778e150d1c789ca7fe160ca07\cordic_stage'.
Finding duplicate cells in `$paramod$e0b39c4462fc09c778e150d1c789ca7fe160ca07\cordic_stage'.
Finding identical cells in module `$paramod$bfb04248936278b1df1155cdc757ddb460a8d245\cordic_stage'.
Computing hashes of 17 cells of `$paramod$bfb04248936278b1df1155cdc757ddb460a8d245\cordic_stage'.
Finding duplicate cells in `$paramod$bfb04248936278b1df1155cdc757ddb460a8d245\cordic_stage'.
Finding identical cells in module `$paramod$13df4f4c9c1b261592c9a2486a54e334ba271a0d\cordic_stage'.
Computing hashes of 17 cells of `$paramod$13df4f4c9c1b261592c9a2486a54e334ba271a0d\cordic_stage'.
Finding duplicate cells in `$paramod$13df4f4c9c1b261592c9a2486a54e334ba271a0d\cordic_stage'.
Finding identical cells in module `$paramod$92317b3f664a636e96e14bfabf5ac92fa5f616e0\cordic_stage'.
Computing hashes of 17 cells of `$paramod$92317b3f664a636e96e14bfabf5ac92fa5f616e0\cordic_stage'.
Finding duplicate cells in `$paramod$92317b3f664a636e96e14bfabf5ac92fa5f616e0\cordic_stage'.
Finding identical cells in module `$paramod$1c78dad951792559821a28759880bf6605d5ac8b\cordic_stage'.
Computing hashes of 14 cells of `$paramod$1c78dad951792559821a28759880bf6605d5ac8b\cordic_stage'.
Finding duplicate cells in `$paramod$1c78dad951792559821a28759880bf6605d5ac8b\cordic_stage'.
Finding identical cells in module `\siren_neuron'.
Computing hashes of 3 cells of `\siren_neuron'.
Finding duplicate cells in `\siren_neuron'.
Finding identical cells in module `\siren_act_unit'.
Computing hashes of 2 cells of `\siren_act_unit'.
Finding duplicate cells in `\siren_act_unit'.
Finding identical cells in module `$paramod$ab10e97098def7190bb8b712e42708d46e5dfde5\cordic_stage'.
Computing hashes of 16 cells of `$paramod$ab10e97098def7190bb8b712e42708d46e5dfde5\cordic_stage'.
Finding duplicate cells in `$paramod$ab10e97098def7190bb8b712e42708d46e5dfde5\cordic_stage'.
Finding identical cells in module `\cordic_wrapper'.
Computing hashes of 18 cells of `\cordic_wrapper'.
Finding duplicate cells in `\cordic_wrapper'.
Finding identical cells in module `\phase_folder'.
Computing hashes of 2 cells of `\phase_folder'.
Finding duplicate cells in `\phase_folder'.
Finding identical cells in module `\siren_scaler'.
Computing hashes of 4 cells of `\siren_scaler'.
Finding duplicate cells in `\siren_scaler'.
Finding identical cells in module `\mac_unit'.
Computing hashes of 15 cells of `\mac_unit'.
Finding duplicate cells in `\mac_unit'.
Removed a total of 0 cells.

11.8.6. Executing OPT_DFF pass (perform DFF optimizations).
Adding EN signal on $procdff$713 ($adff) from module $paramod$fda4c52592ec151689e44937ab5af6abb2bbb4f7\cordic_stage (D = $procmux$434_Y, Q = \z_out).
Adding EN signal on $procdff$703 ($adff) from module $paramod$fda4c52592ec151689e44937ab5af6abb2bbb4f7\cordic_stage (D = $procmux$444_Y, Q = \x_out).
Adding EN signal on $procdff$708 ($adff) from module $paramod$fda4c52592ec151689e44937ab5af6abb2bbb4f7\cordic_stage (D = $procmux$439_Y, Q = \y_out).
Adding EN signal on $procdff$733 ($adff) from module $paramod$a64f440093fbb2a761ca462422596e7cf59060b9\cordic_stage (D = $procmux$449_Y, Q = \z_out).
Adding EN signal on $procdff$723 ($adff) from module $paramod$a64f440093fbb2a761ca462422596e7cf59060b9\cordic_stage (D = $procmux$459_Y, Q = \x_out).
Adding EN signal on $procdff$728 ($adff) from module $paramod$a64f440093fbb2a761ca462422596e7cf59060b9\cordic_stage (D = $procmux$454_Y, Q = \y_out).
Adding EN signal on $procdff$753 ($adff) from module $paramod$d051e689d5327a357ac2c918100372a7016c9475\cordic_stage (D = $procmux$464_Y, Q = \z_out).
Adding EN signal on $procdff$743 ($adff) from module $paramod$d051e689d5327a357ac2c918100372a7016c9475\cordic_stage (D = $procmux$474_Y, Q = \x_out).
Adding EN signal on $procdff$748 ($adff) from module $paramod$d051e689d5327a357ac2c918100372a7016c9475\cordic_stage (D = $procmux$469_Y, Q = \y_out).
Adding EN signal on $procdff$773 ($adff) from module $paramod$126d84d701c2cc9a597647f943872c89fc0e0486\cordic_stage (D = $procmux$479_Y, Q = \z_out).
Adding EN signal on $procdff$763 ($adff) from module $paramod$126d84d701c2cc9a597647f943872c89fc0e0486\cordic_stage (D = $procmux$489_Y, Q = \x_out).
Adding EN signal on $procdff$768 ($adff) from module $paramod$126d84d701c2cc9a597647f943872c89fc0e0486\cordic_stage (D = $procmux$484_Y, Q = \y_out).
Adding EN signal on $procdff$793 ($adff) from module $paramod$be7bec05f99528b83047c54b2c3b7ab2ac7f529f\cordic_stage (D = $procmux$494_Y, Q = \z_out).
Adding EN signal on $procdff$783 ($adff) from module $paramod$be7bec05f99528b83047c54b2c3b7ab2ac7f529f\cordic_stage (D = $procmux$504_Y, Q = \x_out).
Adding EN signal on $procdff$788 ($adff) from module $paramod$be7bec05f99528b83047c54b2c3b7ab2ac7f529f\cordic_stage (D = $procmux$499_Y, Q = \y_out).
Adding EN signal on $procdff$813 ($adff) from module $paramod$b8db0999d09c2bf93070cea839ea649340d02004\cordic_stage (D = $procmux$509_Y, Q = \z_out).
Adding EN signal on $procdff$803 ($adff) from module $paramod$b8db0999d09c2bf93070cea839ea649340d02004\cordic_stage (D = $procmux$519_Y, Q = \x_out).
Adding EN signal on $procdff$808 ($adff) from module $paramod$b8db0999d09c2bf93070cea839ea649340d02004\cordic_stage (D = $procmux$514_Y, Q = \y_out).
Adding EN signal on $procdff$833 ($adff) from module $paramod$c3982464bdd43885eb14a5af78baf7982db37425\cordic_stage (D = $procmux$524_Y, Q = \z_out).
Adding EN signal on $procdff$823 ($adff) from module $paramod$c3982464bdd43885eb14a5af78baf7982db37425\cordic_stage (D = $procmux$534_Y, Q = \x_out).
Adding EN signal on $procdff$828 ($adff) from module $paramod$c3982464bdd43885eb14a5af78baf7982db37425\cordic_stage (D = $procmux$529_Y, Q = \y_out).
Adding EN signal on $procdff$853 ($adff) from module $paramod$1ceed3bff8837b34d0a66987aff5145c079c2fbd\cordic_stage (D = $procmux$539_Y, Q = \z_out).
Adding EN signal on $procdff$843 ($adff) from module $paramod$1ceed3bff8837b34d0a66987aff5145c079c2fbd\cordic_stage (D = $procmux$549_Y, Q = \x_out).
Adding EN signal on $procdff$848 ($adff) from module $paramod$1ceed3bff8837b34d0a66987aff5145c079c2fbd\cordic_stage (D = $procmux$544_Y, Q = \y_out).
Adding EN signal on $procdff$873 ($adff) from module $paramod$a744cc0f1faffa6b4bad02f7493d97baee494aa9\cordic_stage (D = $procmux$554_Y, Q = \z_out).
Adding EN signal on $procdff$863 ($adff) from module $paramod$a744cc0f1faffa6b4bad02f7493d97baee494aa9\cordic_stage (D = $procmux$564_Y, Q = \x_out).
Adding EN signal on $procdff$868 ($adff) from module $paramod$a744cc0f1faffa6b4bad02f7493d97baee494aa9\cordic_stage (D = $procmux$559_Y, Q = \y_out).
Adding EN signal on $procdff$893 ($adff) from module $paramod$4f7c2943c908f89b3241078e20d5e72df920ea4c\cordic_stage (D = $procmux$569_Y, Q = \z_out).
Adding EN signal on $procdff$883 ($adff) from module $paramod$4f7c2943c908f89b3241078e20d5e72df920ea4c\cordic_stage (D = $procmux$579_Y, Q = \x_out).
Adding EN signal on $procdff$888 ($adff) from module $paramod$4f7c2943c908f89b3241078e20d5e72df920ea4c\cordic_stage (D = $procmux$574_Y, Q = \y_out).
Adding EN signal on $procdff$913 ($adff) from module $paramod$e0b39c4462fc09c778e150d1c789ca7fe160ca07\cordic_stage (D = $procmux$584_Y, Q = \z_out).
Adding EN signal on $procdff$903 ($adff) from module $paramod$e0b39c4462fc09c778e150d1c789ca7fe160ca07\cordic_stage (D = $procmux$594_Y, Q = \x_out).
Adding EN signal on $procdff$908 ($adff) from module $paramod$e0b39c4462fc09c778e150d1c789ca7fe160ca07\cordic_stage (D = $procmux$589_Y, Q = \y_out).
Adding EN signal on $procdff$933 ($adff) from module $paramod$bfb04248936278b1df1155cdc757ddb460a8d245\cordic_stage (D = $procmux$599_Y, Q = \z_out).
Adding EN signal on $procdff$923 ($adff) from module $paramod$bfb04248936278b1df1155cdc757ddb460a8d245\cordic_stage (D = $procmux$609_Y, Q = \x_out).
Adding EN signal on $procdff$928 ($adff) from module $paramod$bfb04248936278b1df1155cdc757ddb460a8d245\cordic_stage (D = $procmux$604_Y, Q = \y_out).
Adding EN signal on $procdff$953 ($adff) from module $paramod$13df4f4c9c1b261592c9a2486a54e334ba271a0d\cordic_stage (D = $procmux$614_Y, Q = \z_out).
Adding EN signal on $procdff$943 ($adff) from module $paramod$13df4f4c9c1b261592c9a2486a54e334ba271a0d\cordic_stage (D = $procmux$624_Y, Q = \x_out).
Adding EN signal on $procdff$948 ($adff) from module $paramod$13df4f4c9c1b261592c9a2486a54e334ba271a0d\cordic_stage (D = $procmux$619_Y, Q = \y_out).
Adding EN signal on $procdff$973 ($adff) from module $paramod$92317b3f664a636e96e14bfabf5ac92fa5f616e0\cordic_stage (D = $procmux$629_Y, Q = \z_out).
Adding EN signal on $procdff$963 ($adff) from module $paramod$92317b3f664a636e96e14bfabf5ac92fa5f616e0\cordic_stage (D = $procmux$639_Y, Q = \x_out).
Adding EN signal on $procdff$968 ($adff) from module $paramod$92317b3f664a636e96e14bfabf5ac92fa5f616e0\cordic_stage (D = $procmux$634_Y, Q = \y_out).
Adding EN signal on $procdff$993 ($adff) from module $paramod$1c78dad951792559821a28759880bf6605d5ac8b\cordic_stage (D = \z_in, Q = \z_out).
Adding EN signal on $procdff$988 ($adff) from module $paramod$1c78dad951792559821a28759880bf6605d5ac8b\cordic_stage (D = $procmux$649_Y, Q = \y_out).
Adding EN signal on $procdff$983 ($adff) from module $paramod$1c78dad951792559821a28759880bf6605d5ac8b\cordic_stage (D = $procmux$654_Y, Q = \x_out).
Adding EN signal on $procdff$1013 ($adff) from module $paramod$ab10e97098def7190bb8b712e42708d46e5dfde5\cordic_stage (D = $procmux$659_Y, Q = \z_out).
Adding EN signal on $procdff$1003 ($adff) from module $paramod$ab10e97098def7190bb8b712e42708d46e5dfde5\cordic_stage (D = $procmux$669_Y, Q = \x_out).
Adding EN signal on $procdff$1008 ($adff) from module $paramod$ab10e97098def7190bb8b712e42708d46e5dfde5\cordic_stage (D = $procmux$664_Y, Q = \y_out).
Adding EN signal on $procdff$1033 ($adff) from module siren_scaler (D = \sub_result, Q = \data_out).
Adding EN signal on $procdff$1043 ($adff) from module mac_unit (D = $procmux$687_Y, Q = \ovf_flag).
Adding EN signal on $procdff$1048 ($adff) from module mac_unit (D = $procmux$679_Y, Q = \acc_out).

11.8.7. Executing OPT_CLEAN pass (remove unused cells and wires).
Finding unused cells or wires in module $paramod$fda4c52592ec151689e44937ab5af6abb2bbb4f7\cordic_stage..
Finding unused cells or wires in module $paramod$a64f440093fbb2a761ca462422596e7cf59060b9\cordic_stage..
Finding unused cells or wires in module $paramod$d051e689d5327a357ac2c918100372a7016c9475\cordic_stage..
Finding unused cells or wires in module $paramod$126d84d701c2cc9a597647f943872c89fc0e0486\cordic_stage..
Finding unused cells or wires in module $paramod$be7bec05f99528b83047c54b2c3b7ab2ac7f529f\cordic_stage..
Finding unused cells or wires in module $paramod$b8db0999d09c2bf93070cea839ea649340d02004\cordic_stage..
Finding unused cells or wires in module $paramod$c3982464bdd43885eb14a5af78baf7982db37425\cordic_stage..
Finding unused cells or wires in module $paramod$1ceed3bff8837b34d0a66987aff5145c079c2fbd\cordic_stage..
Finding unused cells or wires in module $paramod$a744cc0f1faffa6b4bad02f7493d97baee494aa9\cordic_stage..
Finding unused cells or wires in module $paramod$4f7c2943c908f89b3241078e20d5e72df920ea4c\cordic_stage..
Finding unused cells or wires in module $paramod$e0b39c4462fc09c778e150d1c789ca7fe160ca07\cordic_stage..
Finding unused cells or wires in module $paramod$bfb04248936278b1df1155cdc757ddb460a8d245\cordic_stage..
Finding unused cells or wires in module $paramod$13df4f4c9c1b261592c9a2486a54e334ba271a0d\cordic_stage..
Finding unused cells or wires in module $paramod$92317b3f664a636e96e14bfabf5ac92fa5f616e0\cordic_stage..
Finding unused cells or wires in module $paramod$1c78dad951792559821a28759880bf6605d5ac8b\cordic_stage..
Finding unused cells or wires in module \siren_neuron..
Finding unused cells or wires in module \siren_act_unit..
Finding unused cells or wires in module $paramod$ab10e97098def7190bb8b712e42708d46e5dfde5\cordic_stage..
Finding unused cells or wires in module \cordic_wrapper..
Finding unused cells or wires in module \phase_folder..
Finding unused cells or wires in module \siren_scaler..
Finding unused cells or wires in module \mac_unit..
Removed 51 unused cells and 51 unused wires.
<suppressed ~69 debug messages>

11.8.8. Executing OPT_EXPR pass (perform const folding).
Optimizing module $paramod$fda4c52592ec151689e44937ab5af6abb2bbb4f7\cordic_stage.
Optimizing module $paramod$a64f440093fbb2a761ca462422596e7cf59060b9\cordic_stage.
Optimizing module $paramod$d051e689d5327a357ac2c918100372a7016c9475\cordic_stage.
Optimizing module $paramod$126d84d701c2cc9a597647f943872c89fc0e0486\cordic_stage.
Optimizing module $paramod$be7bec05f99528b83047c54b2c3b7ab2ac7f529f\cordic_stage.
Optimizing module $paramod$b8db0999d09c2bf93070cea839ea649340d02004\cordic_stage.
Optimizing module $paramod$c3982464bdd43885eb14a5af78baf7982db37425\cordic_stage.
Optimizing module $paramod$1ceed3bff8837b34d0a66987aff5145c079c2fbd\cordic_stage.
Optimizing module $paramod$a744cc0f1faffa6b4bad02f7493d97baee494aa9\cordic_stage.
Optimizing module $paramod$4f7c2943c908f89b3241078e20d5e72df920ea4c\cordic_stage.
Optimizing module $paramod$e0b39c4462fc09c778e150d1c789ca7fe160ca07\cordic_stage.
Optimizing module $paramod$bfb04248936278b1df1155cdc757ddb460a8d245\cordic_stage.
Optimizing module $paramod$13df4f4c9c1b261592c9a2486a54e334ba271a0d\cordic_stage.
Optimizing module $paramod$92317b3f664a636e96e14bfabf5ac92fa5f616e0\cordic_stage.
Optimizing module $paramod$1c78dad951792559821a28759880bf6605d5ac8b\cordic_stage.
Optimizing module siren_neuron.
Optimizing module siren_act_unit.
Optimizing module $paramod$ab10e97098def7190bb8b712e42708d46e5dfde5\cordic_stage.
Optimizing module cordic_wrapper.
Optimizing module phase_folder.
Optimizing module siren_scaler.
Optimizing module mac_unit.

11.8.9. Rerunning OPT passes. (Maybe there is more to do..)

11.8.10. Executing OPT_MUXTREE pass (detect dead branches in mux trees).
Running muxtree optimizer on module $paramod$fda4c52592ec151689e44937ab5af6abb2bbb4f7\cordic_stage..
  Creating internal representation of mux trees.
  Evaluating internal representation of mux trees.
  Analyzing evaluation results.
Running muxtree optimizer on module $paramod$a64f440093fbb2a761ca462422596e7cf59060b9\cordic_stage..
  Creating internal representation of mux trees.
  Evaluating internal representation of mux trees.
  Analyzing evaluation results.
Running muxtree optimizer on module $paramod$d051e689d5327a357ac2c918100372a7016c9475\cordic_stage..
  Creating internal representation of mux trees.
  Evaluating internal representation of mux trees.
  Analyzing evaluation results.
Running muxtree optimizer on module $paramod$126d84d701c2cc9a597647f943872c89fc0e0486\cordic_stage..
  Creating internal representation of mux trees.
  Evaluating internal representation of mux trees.
  Analyzing evaluation results.
Running muxtree optimizer on module $paramod$be7bec05f99528b83047c54b2c3b7ab2ac7f529f\cordic_stage..
  Creating internal representation of mux trees.
  Evaluating internal representation of mux trees.
  Analyzing evaluation results.
Running muxtree optimizer on module $paramod$b8db0999d09c2bf93070cea839ea649340d02004\cordic_stage..
  Creating internal representation of mux trees.
  Evaluating internal representation of mux trees.
  Analyzing evaluation results.
Running muxtree optimizer on module $paramod$c3982464bdd43885eb14a5af78baf7982db37425\cordic_stage..
  Creating internal representation of mux trees.
  Evaluating internal representation of mux trees.
  Analyzing evaluation results.
Running muxtree optimizer on module $paramod$1ceed3bff8837b34d0a66987aff5145c079c2fbd\cordic_stage..
  Creating internal representation of mux trees.
  Evaluating internal representation of mux trees.
  Analyzing evaluation results.
Running muxtree optimizer on module $paramod$a744cc0f1faffa6b4bad02f7493d97baee494aa9\cordic_stage..
  Creating internal representation of mux trees.
  Evaluating internal representation of mux trees.
  Analyzing evaluation results.
Running muxtree optimizer on module $paramod$4f7c2943c908f89b3241078e20d5e72df920ea4c\cordic_stage..
  Creating internal representation of mux trees.
  Evaluating internal representation of mux trees.
  Analyzing evaluation results.
Running muxtree optimizer on module $paramod$e0b39c4462fc09c778e150d1c789ca7fe160ca07\cordic_stage..
  Creating internal representation of mux trees.
  Evaluating internal representation of mux trees.
  Analyzing evaluation results.
Running muxtree optimizer on module $paramod$bfb04248936278b1df1155cdc757ddb460a8d245\cordic_stage..
  Creating internal representation of mux trees.
  Evaluating internal representation of mux trees.
  Analyzing evaluation results.
Running muxtree optimizer on module $paramod$13df4f4c9c1b261592c9a2486a54e334ba271a0d\cordic_stage..
  Creating internal representation of mux trees.
  Evaluating internal representation of mux trees.
  Analyzing evaluation results.
Running muxtree optimizer on module $paramod$92317b3f664a636e96e14bfabf5ac92fa5f616e0\cordic_stage..
  Creating internal representation of mux trees.
  Evaluating internal representation of mux trees.
  Analyzing evaluation results.
Running muxtree optimizer on module $paramod$1c78dad951792559821a28759880bf6605d5ac8b\cordic_stage..
  Creating internal representation of mux trees.
  Evaluating internal representation of mux trees.
  Analyzing evaluation results.
Running muxtree optimizer on module \siren_neuron..
  Creating internal representation of mux trees.
  No muxes found in this module.
Running muxtree optimizer on module \siren_act_unit..
  Creating internal representation of mux trees.
  No muxes found in this module.
Running muxtree optimizer on module $paramod$ab10e97098def7190bb8b712e42708d46e5dfde5\cordic_stage..
  Creating internal representation of mux trees.
  Evaluating internal representation of mux trees.
  Analyzing evaluation results.
Running muxtree optimizer on module \cordic_wrapper..
  Creating internal representation of mux trees.
  Evaluating internal representation of mux trees.
  Analyzing evaluation results.
Running muxtree optimizer on module \phase_folder..
  Creating internal representation of mux trees.
  No muxes found in this module.
Running muxtree optimizer on module \siren_scaler..
  Creating internal representation of mux trees.
  No muxes found in this module.
Running muxtree optimizer on module \mac_unit..
  Creating internal representation of mux trees.
  Evaluating internal representation of mux trees.
  Analyzing evaluation results.
Removed 0 multiplexer ports.
<suppressed ~104 debug messages>

11.8.11. Executing OPT_REDUCE pass (consolidate $*mux and $reduce_* inputs).
  Optimizing cells in module $paramod$fda4c52592ec151689e44937ab5af6abb2bbb4f7\cordic_stage.
  Optimizing cells in module $paramod$a64f440093fbb2a761ca462422596e7cf59060b9\cordic_stage.
  Optimizing cells in module $paramod$d051e689d5327a357ac2c918100372a7016c9475\cordic_stage.
  Optimizing cells in module $paramod$126d84d701c2cc9a597647f943872c89fc0e0486\cordic_stage.
  Optimizing cells in module $paramod$be7bec05f99528b83047c54b2c3b7ab2ac7f529f\cordic_stage.
  Optimizing cells in module $paramod$b8db0999d09c2bf93070cea839ea649340d02004\cordic_stage.
  Optimizing cells in module $paramod$c3982464bdd43885eb14a5af78baf7982db37425\cordic_stage.
  Optimizing cells in module $paramod$1ceed3bff8837b34d0a66987aff5145c079c2fbd\cordic_stage.
  Optimizing cells in module $paramod$a744cc0f1faffa6b4bad02f7493d97baee494aa9\cordic_stage.
  Optimizing cells in module $paramod$4f7c2943c908f89b3241078e20d5e72df920ea4c\cordic_stage.
  Optimizing cells in module $paramod$e0b39c4462fc09c778e150d1c789ca7fe160ca07\cordic_stage.
  Optimizing cells in module $paramod$bfb04248936278b1df1155cdc757ddb460a8d245\cordic_stage.
  Optimizing cells in module $paramod$13df4f4c9c1b261592c9a2486a54e334ba271a0d\cordic_stage.
  Optimizing cells in module $paramod$92317b3f664a636e96e14bfabf5ac92fa5f616e0\cordic_stage.
  Optimizing cells in module $paramod$1c78dad951792559821a28759880bf6605d5ac8b\cordic_stage.
  Optimizing cells in module \siren_neuron.
  Optimizing cells in module \siren_act_unit.
  Optimizing cells in module $paramod$ab10e97098def7190bb8b712e42708d46e5dfde5\cordic_stage.
  Optimizing cells in module \cordic_wrapper.
  Optimizing cells in module \phase_folder.
  Optimizing cells in module \siren_scaler.
  Optimizing cells in module \mac_unit.
Performed a total of 0 changes.

11.8.12. Executing OPT_MERGE pass (detect identical cells).
Finding identical cells in module `$paramod$fda4c52592ec151689e44937ab5af6abb2bbb4f7\cordic_stage'.
Computing hashes of 14 cells of `$paramod$fda4c52592ec151689e44937ab5af6abb2bbb4f7\cordic_stage'.
Finding duplicate cells in `$paramod$fda4c52592ec151689e44937ab5af6abb2bbb4f7\cordic_stage'.
Finding identical cells in module `$paramod$a64f440093fbb2a761ca462422596e7cf59060b9\cordic_stage'.
Computing hashes of 14 cells of `$paramod$a64f440093fbb2a761ca462422596e7cf59060b9\cordic_stage'.
Finding duplicate cells in `$paramod$a64f440093fbb2a761ca462422596e7cf59060b9\cordic_stage'.
Finding identical cells in module `$paramod$d051e689d5327a357ac2c918100372a7016c9475\cordic_stage'.
Computing hashes of 14 cells of `$paramod$d051e689d5327a357ac2c918100372a7016c9475\cordic_stage'.
Finding duplicate cells in `$paramod$d051e689d5327a357ac2c918100372a7016c9475\cordic_stage'.
Finding identical cells in module `$paramod$126d84d701c2cc9a597647f943872c89fc0e0486\cordic_stage'.
Computing hashes of 14 cells of `$paramod$126d84d701c2cc9a597647f943872c89fc0e0486\cordic_stage'.
Finding duplicate cells in `$paramod$126d84d701c2cc9a597647f943872c89fc0e0486\cordic_stage'.
Finding identical cells in module `$paramod$be7bec05f99528b83047c54b2c3b7ab2ac7f529f\cordic_stage'.
Computing hashes of 14 cells of `$paramod$be7bec05f99528b83047c54b2c3b7ab2ac7f529f\cordic_stage'.
Finding duplicate cells in `$paramod$be7bec05f99528b83047c54b2c3b7ab2ac7f529f\cordic_stage'.
Finding identical cells in module `$paramod$b8db0999d09c2bf93070cea839ea649340d02004\cordic_stage'.
Computing hashes of 14 cells of `$paramod$b8db0999d09c2bf93070cea839ea649340d02004\cordic_stage'.
Finding duplicate cells in `$paramod$b8db0999d09c2bf93070cea839ea649340d02004\cordic_stage'.
Finding identical cells in module `$paramod$c3982464bdd43885eb14a5af78baf7982db37425\cordic_stage'.
Computing hashes of 14 cells of `$paramod$c3982464bdd43885eb14a5af78baf7982db37425\cordic_stage'.
Finding duplicate cells in `$paramod$c3982464bdd43885eb14a5af78baf7982db37425\cordic_stage'.
Finding identical cells in module `$paramod$1ceed3bff8837b34d0a66987aff5145c079c2fbd\cordic_stage'.
Computing hashes of 14 cells of `$paramod$1ceed3bff8837b34d0a66987aff5145c079c2fbd\cordic_stage'.
Finding duplicate cells in `$paramod$1ceed3bff8837b34d0a66987aff5145c079c2fbd\cordic_stage'.
Finding identical cells in module `$paramod$a744cc0f1faffa6b4bad02f7493d97baee494aa9\cordic_stage'.
Computing hashes of 14 cells of `$paramod$a744cc0f1faffa6b4bad02f7493d97baee494aa9\cordic_stage'.
Finding duplicate cells in `$paramod$a744cc0f1faffa6b4bad02f7493d97baee494aa9\cordic_stage'.
Finding identical cells in module `$paramod$4f7c2943c908f89b3241078e20d5e72df920ea4c\cordic_stage'.
Computing hashes of 14 cells of `$paramod$4f7c2943c908f89b3241078e20d5e72df920ea4c\cordic_stage'.
Finding duplicate cells in `$paramod$4f7c2943c908f89b3241078e20d5e72df920ea4c\cordic_stage'.
Finding identical cells in module `$paramod$e0b39c4462fc09c778e150d1c789ca7fe160ca07\cordic_stage'.
Computing hashes of 14 cells of `$paramod$e0b39c4462fc09c778e150d1c789ca7fe160ca07\cordic_stage'.
Finding duplicate cells in `$paramod$e0b39c4462fc09c778e150d1c789ca7fe160ca07\cordic_stage'.
Finding identical cells in module `$paramod$bfb04248936278b1df1155cdc757ddb460a8d245\cordic_stage'.
Computing hashes of 14 cells of `$paramod$bfb04248936278b1df1155cdc757ddb460a8d245\cordic_stage'.
Finding duplicate cells in `$paramod$bfb04248936278b1df1155cdc757ddb460a8d245\cordic_stage'.
Finding identical cells in module `$paramod$13df4f4c9c1b261592c9a2486a54e334ba271a0d\cordic_stage'.
Computing hashes of 14 cells of `$paramod$13df4f4c9c1b261592c9a2486a54e334ba271a0d\cordic_stage'.
Finding duplicate cells in `$paramod$13df4f4c9c1b261592c9a2486a54e334ba271a0d\cordic_stage'.
Finding identical cells in module `$paramod$92317b3f664a636e96e14bfabf5ac92fa5f616e0\cordic_stage'.
Computing hashes of 14 cells of `$paramod$92317b3f664a636e96e14bfabf5ac92fa5f616e0\cordic_stage'.
Finding duplicate cells in `$paramod$92317b3f664a636e96e14bfabf5ac92fa5f616e0\cordic_stage'.
Finding identical cells in module `$paramod$1c78dad951792559821a28759880bf6605d5ac8b\cordic_stage'.
Computing hashes of 11 cells of `$paramod$1c78dad951792559821a28759880bf6605d5ac8b\cordic_stage'.
Finding duplicate cells in `$paramod$1c78dad951792559821a28759880bf6605d5ac8b\cordic_stage'.
Finding identical cells in module `\siren_neuron'.
Computing hashes of 3 cells of `\siren_neuron'.
Finding duplicate cells in `\siren_neuron'.
Finding identical cells in module `\siren_act_unit'.
Computing hashes of 2 cells of `\siren_act_unit'.
Finding duplicate cells in `\siren_act_unit'.
Finding identical cells in module `$paramod$ab10e97098def7190bb8b712e42708d46e5dfde5\cordic_stage'.
Computing hashes of 13 cells of `$paramod$ab10e97098def7190bb8b712e42708d46e5dfde5\cordic_stage'.
Finding duplicate cells in `$paramod$ab10e97098def7190bb8b712e42708d46e5dfde5\cordic_stage'.
Finding identical cells in module `\cordic_wrapper'.
Computing hashes of 18 cells of `\cordic_wrapper'.
Finding duplicate cells in `\cordic_wrapper'.
Finding identical cells in module `\phase_folder'.
Computing hashes of 2 cells of `\phase_folder'.
Finding duplicate cells in `\phase_folder'.
Finding identical cells in module `\siren_scaler'.
Computing hashes of 3 cells of `\siren_scaler'.
Finding duplicate cells in `\siren_scaler'.
Finding identical cells in module `\mac_unit'.
Computing hashes of 13 cells of `\mac_unit'.
Finding duplicate cells in `\mac_unit'.
Removed a total of 0 cells.

11.8.13. Executing OPT_DFF pass (perform DFF optimizations).

11.8.14. Executing OPT_CLEAN pass (remove unused cells and wires).
Finding unused cells or wires in module $paramod$fda4c52592ec151689e44937ab5af6abb2bbb4f7\cordic_stage..
Finding unused cells or wires in module $paramod$a64f440093fbb2a761ca462422596e7cf59060b9\cordic_stage..
Finding unused cells or wires in module $paramod$d051e689d5327a357ac2c918100372a7016c9475\cordic_stage..
Finding unused cells or wires in module $paramod$126d84d701c2cc9a597647f943872c89fc0e0486\cordic_stage..
Finding unused cells or wires in module $paramod$be7bec05f99528b83047c54b2c3b7ab2ac7f529f\cordic_stage..
Finding unused cells or wires in module $paramod$b8db0999d09c2bf93070cea839ea649340d02004\cordic_stage..
Finding unused cells or wires in module $paramod$c3982464bdd43885eb14a5af78baf7982db37425\cordic_stage..
Finding unused cells or wires in module $paramod$1ceed3bff8837b34d0a66987aff5145c079c2fbd\cordic_stage..
Finding unused cells or wires in module $paramod$a744cc0f1faffa6b4bad02f7493d97baee494aa9\cordic_stage..
Finding unused cells or wires in module $paramod$4f7c2943c908f89b3241078e20d5e72df920ea4c\cordic_stage..
Finding unused cells or wires in module $paramod$e0b39c4462fc09c778e150d1c789ca7fe160ca07\cordic_stage..
Finding unused cells or wires in module $paramod$bfb04248936278b1df1155cdc757ddb460a8d245\cordic_stage..
Finding unused cells or wires in module $paramod$13df4f4c9c1b261592c9a2486a54e334ba271a0d\cordic_stage..
Finding unused cells or wires in module $paramod$92317b3f664a636e96e14bfabf5ac92fa5f616e0\cordic_stage..
Finding unused cells or wires in module $paramod$1c78dad951792559821a28759880bf6605d5ac8b\cordic_stage..
Finding unused cells or wires in module \siren_neuron..
Finding unused cells or wires in module \siren_act_unit..
Finding unused cells or wires in module $paramod$ab10e97098def7190bb8b712e42708d46e5dfde5\cordic_stage..
Finding unused cells or wires in module \cordic_wrapper..
Finding unused cells or wires in module \phase_folder..
Finding unused cells or wires in module \siren_scaler..
Finding unused cells or wires in module \mac_unit..

11.8.15. Executing OPT_EXPR pass (perform const folding).
Optimizing module $paramod$fda4c52592ec151689e44937ab5af6abb2bbb4f7\cordic_stage.
Optimizing module $paramod$a64f440093fbb2a761ca462422596e7cf59060b9\cordic_stage.
Optimizing module $paramod$d051e689d5327a357ac2c918100372a7016c9475\cordic_stage.
Optimizing module $paramod$126d84d701c2cc9a597647f943872c89fc0e0486\cordic_stage.
Optimizing module $paramod$be7bec05f99528b83047c54b2c3b7ab2ac7f529f\cordic_stage.
Optimizing module $paramod$b8db0999d09c2bf93070cea839ea649340d02004\cordic_stage.
Optimizing module $paramod$c3982464bdd43885eb14a5af78baf7982db37425\cordic_stage.
Optimizing module $paramod$1ceed3bff8837b34d0a66987aff5145c079c2fbd\cordic_stage.
Optimizing module $paramod$a744cc0f1faffa6b4bad02f7493d97baee494aa9\cordic_stage.
Optimizing module $paramod$4f7c2943c908f89b3241078e20d5e72df920ea4c\cordic_stage.
Optimizing module $paramod$e0b39c4462fc09c778e150d1c789ca7fe160ca07\cordic_stage.
Optimizing module $paramod$bfb04248936278b1df1155cdc757ddb460a8d245\cordic_stage.
Optimizing module $paramod$13df4f4c9c1b261592c9a2486a54e334ba271a0d\cordic_stage.
Optimizing module $paramod$92317b3f664a636e96e14bfabf5ac92fa5f616e0\cordic_stage.
Optimizing module $paramod$1c78dad951792559821a28759880bf6605d5ac8b\cordic_stage.
Optimizing module siren_neuron.
Optimizing module siren_act_unit.
Optimizing module $paramod$ab10e97098def7190bb8b712e42708d46e5dfde5\cordic_stage.
Optimizing module cordic_wrapper.
Optimizing module phase_folder.
Optimizing module siren_scaler.
Optimizing module mac_unit.

11.8.16. Finished fast OPT passes. (There is nothing left to do.)

11.9. Executing WREDUCE pass (reducing word size of cells).
Removed top 31 bits (of 32) from port B of cell $paramod$fda4c52592ec151689e44937ab5af6abb2bbb4f7\cordic_stage.$ge$cordic_stage.sv:36$214 ($ge).
Removed top 1 bits (of 16) from port B of cell $paramod$fda4c52592ec151689e44937ab5af6abb2bbb4f7\cordic_stage.$sub$cordic_stage.sv:37$215 ($sub).
Removed top 1 bits (of 16) from port B of cell $paramod$fda4c52592ec151689e44937ab5af6abb2bbb4f7\cordic_stage.$add$cordic_stage.sv:38$216 ($add).
Removed top 2 bits (of 16) from port B of cell $paramod$fda4c52592ec151689e44937ab5af6abb2bbb4f7\cordic_stage.$sub$cordic_stage.sv:39$217 ($sub).
Removed top 1 bits (of 16) from port B of cell $paramod$fda4c52592ec151689e44937ab5af6abb2bbb4f7\cordic_stage.$add$cordic_stage.sv:42$218 ($add).
Removed top 1 bits (of 16) from port B of cell $paramod$fda4c52592ec151689e44937ab5af6abb2bbb4f7\cordic_stage.$sub$cordic_stage.sv:43$219 ($sub).
Removed top 2 bits (of 16) from port B of cell $paramod$fda4c52592ec151689e44937ab5af6abb2bbb4f7\cordic_stage.$add$cordic_stage.sv:44$220 ($add).
Removed top 31 bits (of 32) from port B of cell $paramod$a64f440093fbb2a761ca462422596e7cf59060b9\cordic_stage.$ge$cordic_stage.sv:36$202 ($ge).
Removed top 2 bits (of 16) from port B of cell $paramod$a64f440093fbb2a761ca462422596e7cf59060b9\cordic_stage.$sub$cordic_stage.sv:37$203 ($sub).
Removed top 2 bits (of 16) from port B of cell $paramod$a64f440093fbb2a761ca462422596e7cf59060b9\cordic_stage.$add$cordic_stage.sv:38$204 ($add).
Removed top 3 bits (of 16) from port B of cell $paramod$a64f440093fbb2a761ca462422596e7cf59060b9\cordic_stage.$sub$cordic_stage.sv:39$205 ($sub).
Removed top 2 bits (of 16) from port B of cell $paramod$a64f440093fbb2a761ca462422596e7cf59060b9\cordic_stage.$add$cordic_stage.sv:42$206 ($add).
Removed top 2 bits (of 16) from port B of cell $paramod$a64f440093fbb2a761ca462422596e7cf59060b9\cordic_stage.$sub$cordic_stage.sv:43$207 ($sub).
Removed top 3 bits (of 16) from port B of cell $paramod$a64f440093fbb2a761ca462422596e7cf59060b9\cordic_stage.$add$cordic_stage.sv:44$208 ($add).
Removed top 31 bits (of 32) from port B of cell $paramod$d051e689d5327a357ac2c918100372a7016c9475\cordic_stage.$ge$cordic_stage.sv:36$190 ($ge).
Removed top 3 bits (of 16) from port B of cell $paramod$d051e689d5327a357ac2c918100372a7016c9475\cordic_stage.$sub$cordic_stage.sv:37$191 ($sub).
Removed top 3 bits (of 16) from port B of cell $paramod$d051e689d5327a357ac2c918100372a7016c9475\cordic_stage.$add$cordic_stage.sv:38$192 ($add).
Removed top 4 bits (of 16) from port B of cell $paramod$d051e689d5327a357ac2c918100372a7016c9475\cordic_stage.$sub$cordic_stage.sv:39$193 ($sub).
Removed top 3 bits (of 16) from port B of cell $paramod$d051e689d5327a357ac2c918100372a7016c9475\cordic_stage.$add$cordic_stage.sv:42$194 ($add).
Removed top 3 bits (of 16) from port B of cell $paramod$d051e689d5327a357ac2c918100372a7016c9475\cordic_stage.$sub$cordic_stage.sv:43$195 ($sub).
Removed top 4 bits (of 16) from port B of cell $paramod$d051e689d5327a357ac2c918100372a7016c9475\cordic_stage.$add$cordic_stage.sv:44$196 ($add).
Removed top 31 bits (of 32) from port B of cell $paramod$126d84d701c2cc9a597647f943872c89fc0e0486\cordic_stage.$ge$cordic_stage.sv:36$178 ($ge).
Removed top 4 bits (of 16) from port B of cell $paramod$126d84d701c2cc9a597647f943872c89fc0e0486\cordic_stage.$sub$cordic_stage.sv:37$179 ($sub).
Removed top 4 bits (of 16) from port B of cell $paramod$126d84d701c2cc9a597647f943872c89fc0e0486\cordic_stage.$add$cordic_stage.sv:38$180 ($add).
Removed top 5 bits (of 16) from port B of cell $paramod$126d84d701c2cc9a597647f943872c89fc0e0486\cordic_stage.$sub$cordic_stage.sv:39$181 ($sub).
Removed top 4 bits (of 16) from port B of cell $paramod$126d84d701c2cc9a597647f943872c89fc0e0486\cordic_stage.$add$cordic_stage.sv:42$182 ($add).
Removed top 4 bits (of 16) from port B of cell $paramod$126d84d701c2cc9a597647f943872c89fc0e0486\cordic_stage.$sub$cordic_stage.sv:43$183 ($sub).
Removed top 5 bits (of 16) from port B of cell $paramod$126d84d701c2cc9a597647f943872c89fc0e0486\cordic_stage.$add$cordic_stage.sv:44$184 ($add).
Removed top 31 bits (of 32) from port B of cell $paramod$be7bec05f99528b83047c54b2c3b7ab2ac7f529f\cordic_stage.$ge$cordic_stage.sv:36$166 ($ge).
Removed top 5 bits (of 16) from port B of cell $paramod$be7bec05f99528b83047c54b2c3b7ab2ac7f529f\cordic_stage.$sub$cordic_stage.sv:37$167 ($sub).
Removed top 5 bits (of 16) from port B of cell $paramod$be7bec05f99528b83047c54b2c3b7ab2ac7f529f\cordic_stage.$add$cordic_stage.sv:38$168 ($add).
Removed top 6 bits (of 16) from port B of cell $paramod$be7bec05f99528b83047c54b2c3b7ab2ac7f529f\cordic_stage.$sub$cordic_stage.sv:39$169 ($sub).
Removed top 5 bits (of 16) from port B of cell $paramod$be7bec05f99528b83047c54b2c3b7ab2ac7f529f\cordic_stage.$add$cordic_stage.sv:42$170 ($add).
Removed top 5 bits (of 16) from port B of cell $paramod$be7bec05f99528b83047c54b2c3b7ab2ac7f529f\cordic_stage.$sub$cordic_stage.sv:43$171 ($sub).
Removed top 6 bits (of 16) from port B of cell $paramod$be7bec05f99528b83047c54b2c3b7ab2ac7f529f\cordic_stage.$add$cordic_stage.sv:44$172 ($add).
Removed top 31 bits (of 32) from port B of cell $paramod$b8db0999d09c2bf93070cea839ea649340d02004\cordic_stage.$ge$cordic_stage.sv:36$154 ($ge).
Removed top 6 bits (of 16) from port B of cell $paramod$b8db0999d09c2bf93070cea839ea649340d02004\cordic_stage.$sub$cordic_stage.sv:37$155 ($sub).
Removed top 6 bits (of 16) from port B of cell $paramod$b8db0999d09c2bf93070cea839ea649340d02004\cordic_stage.$add$cordic_stage.sv:38$156 ($add).
Removed top 7 bits (of 16) from port B of cell $paramod$b8db0999d09c2bf93070cea839ea649340d02004\cordic_stage.$sub$cordic_stage.sv:39$157 ($sub).
Removed top 6 bits (of 16) from port B of cell $paramod$b8db0999d09c2bf93070cea839ea649340d02004\cordic_stage.$add$cordic_stage.sv:42$158 ($add).
Removed top 6 bits (of 16) from port B of cell $paramod$b8db0999d09c2bf93070cea839ea649340d02004\cordic_stage.$sub$cordic_stage.sv:43$159 ($sub).
Removed top 7 bits (of 16) from port B of cell $paramod$b8db0999d09c2bf93070cea839ea649340d02004\cordic_stage.$add$cordic_stage.sv:44$160 ($add).
Removed top 31 bits (of 32) from port B of cell $paramod$c3982464bdd43885eb14a5af78baf7982db37425\cordic_stage.$ge$cordic_stage.sv:36$142 ($ge).
Removed top 7 bits (of 16) from port B of cell $paramod$c3982464bdd43885eb14a5af78baf7982db37425\cordic_stage.$sub$cordic_stage.sv:37$143 ($sub).
Removed top 7 bits (of 16) from port B of cell $paramod$c3982464bdd43885eb14a5af78baf7982db37425\cordic_stage.$add$cordic_stage.sv:38$144 ($add).
Removed top 8 bits (of 16) from port B of cell $paramod$c3982464bdd43885eb14a5af78baf7982db37425\cordic_stage.$sub$cordic_stage.sv:39$145 ($sub).
Removed top 7 bits (of 16) from port B of cell $paramod$c3982464bdd43885eb14a5af78baf7982db37425\cordic_stage.$add$cordic_stage.sv:42$146 ($add).
Removed top 7 bits (of 16) from port B of cell $paramod$c3982464bdd43885eb14a5af78baf7982db37425\cordic_stage.$sub$cordic_stage.sv:43$147 ($sub).
Removed top 8 bits (of 16) from port B of cell $paramod$c3982464bdd43885eb14a5af78baf7982db37425\cordic_stage.$add$cordic_stage.sv:44$148 ($add).
Removed top 31 bits (of 32) from port B of cell $paramod$1ceed3bff8837b34d0a66987aff5145c079c2fbd\cordic_stage.$ge$cordic_stage.sv:36$130 ($ge).
Removed top 8 bits (of 16) from port B of cell $paramod$1ceed3bff8837b34d0a66987aff5145c079c2fbd\cordic_stage.$sub$cordic_stage.sv:37$131 ($sub).
Removed top 8 bits (of 16) from port B of cell $paramod$1ceed3bff8837b34d0a66987aff5145c079c2fbd\cordic_stage.$add$cordic_stage.sv:38$132 ($add).
Removed top 9 bits (of 16) from port B of cell $paramod$1ceed3bff8837b34d0a66987aff5145c079c2fbd\cordic_stage.$sub$cordic_stage.sv:39$133 ($sub).
Removed top 8 bits (of 16) from port B of cell $paramod$1ceed3bff8837b34d0a66987aff5145c079c2fbd\cordic_stage.$add$cordic_stage.sv:42$134 ($add).
Removed top 8 bits (of 16) from port B of cell $paramod$1ceed3bff8837b34d0a66987aff5145c079c2fbd\cordic_stage.$sub$cordic_stage.sv:43$135 ($sub).
Removed top 9 bits (of 16) from port B of cell $paramod$1ceed3bff8837b34d0a66987aff5145c079c2fbd\cordic_stage.$add$cordic_stage.sv:44$136 ($add).
Removed top 31 bits (of 32) from port B of cell $paramod$a744cc0f1faffa6b4bad02f7493d97baee494aa9\cordic_stage.$ge$cordic_stage.sv:36$118 ($ge).
Removed top 9 bits (of 16) from port B of cell $paramod$a744cc0f1faffa6b4bad02f7493d97baee494aa9\cordic_stage.$sub$cordic_stage.sv:37$119 ($sub).
Removed top 9 bits (of 16) from port B of cell $paramod$a744cc0f1faffa6b4bad02f7493d97baee494aa9\cordic_stage.$add$cordic_stage.sv:38$120 ($add).
Removed top 10 bits (of 16) from port B of cell $paramod$a744cc0f1faffa6b4bad02f7493d97baee494aa9\cordic_stage.$sub$cordic_stage.sv:39$121 ($sub).
Removed top 9 bits (of 16) from port B of cell $paramod$a744cc0f1faffa6b4bad02f7493d97baee494aa9\cordic_stage.$add$cordic_stage.sv:42$122 ($add).
Removed top 9 bits (of 16) from port B of cell $paramod$a744cc0f1faffa6b4bad02f7493d97baee494aa9\cordic_stage.$sub$cordic_stage.sv:43$123 ($sub).
Removed top 10 bits (of 16) from port B of cell $paramod$a744cc0f1faffa6b4bad02f7493d97baee494aa9\cordic_stage.$add$cordic_stage.sv:44$124 ($add).
Removed top 31 bits (of 32) from port B of cell $paramod$4f7c2943c908f89b3241078e20d5e72df920ea4c\cordic_stage.$ge$cordic_stage.sv:36$106 ($ge).
Removed top 10 bits (of 16) from port B of cell $paramod$4f7c2943c908f89b3241078e20d5e72df920ea4c\cordic_stage.$sub$cordic_stage.sv:37$107 ($sub).
Removed top 10 bits (of 16) from port B of cell $paramod$4f7c2943c908f89b3241078e20d5e72df920ea4c\cordic_stage.$add$cordic_stage.sv:38$108 ($add).
Removed top 11 bits (of 16) from port B of cell $paramod$4f7c2943c908f89b3241078e20d5e72df920ea4c\cordic_stage.$sub$cordic_stage.sv:39$109 ($sub).
Removed top 10 bits (of 16) from port B of cell $paramod$4f7c2943c908f89b3241078e20d5e72df920ea4c\cordic_stage.$add$cordic_stage.sv:42$110 ($add).
Removed top 10 bits (of 16) from port B of cell $paramod$4f7c2943c908f89b3241078e20d5e72df920ea4c\cordic_stage.$sub$cordic_stage.sv:43$111 ($sub).
Removed top 11 bits (of 16) from port B of cell $paramod$4f7c2943c908f89b3241078e20d5e72df920ea4c\cordic_stage.$add$cordic_stage.sv:44$112 ($add).
Removed top 31 bits (of 32) from port B of cell $paramod$e0b39c4462fc09c778e150d1c789ca7fe160ca07\cordic_stage.$ge$cordic_stage.sv:36$94 ($ge).
Removed top 11 bits (of 16) from port B of cell $paramod$e0b39c4462fc09c778e150d1c789ca7fe160ca07\cordic_stage.$sub$cordic_stage.sv:37$95 ($sub).
Removed top 11 bits (of 16) from port B of cell $paramod$e0b39c4462fc09c778e150d1c789ca7fe160ca07\cordic_stage.$add$cordic_stage.sv:38$96 ($add).
Removed top 12 bits (of 16) from port B of cell $paramod$e0b39c4462fc09c778e150d1c789ca7fe160ca07\cordic_stage.$sub$cordic_stage.sv:39$97 ($sub).
Removed top 11 bits (of 16) from port B of cell $paramod$e0b39c4462fc09c778e150d1c789ca7fe160ca07\cordic_stage.$add$cordic_stage.sv:42$98 ($add).
Removed top 11 bits (of 16) from port B of cell $paramod$e0b39c4462fc09c778e150d1c789ca7fe160ca07\cordic_stage.$sub$cordic_stage.sv:43$99 ($sub).
Removed top 12 bits (of 16) from port B of cell $paramod$e0b39c4462fc09c778e150d1c789ca7fe160ca07\cordic_stage.$add$cordic_stage.sv:44$100 ($add).
Removed top 31 bits (of 32) from port B of cell $paramod$bfb04248936278b1df1155cdc757ddb460a8d245\cordic_stage.$ge$cordic_stage.sv:36$82 ($ge).
Removed top 12 bits (of 16) from port B of cell $paramod$bfb04248936278b1df1155cdc757ddb460a8d245\cordic_stage.$sub$cordic_stage.sv:37$83 ($sub).
Removed top 12 bits (of 16) from port B of cell $paramod$bfb04248936278b1df1155cdc757ddb460a8d245\cordic_stage.$add$cordic_stage.sv:38$84 ($add).
Removed top 13 bits (of 16) from port B of cell $paramod$bfb04248936278b1df1155cdc757ddb460a8d245\cordic_stage.$sub$cordic_stage.sv:39$85 ($sub).
Removed top 12 bits (of 16) from port B of cell $paramod$bfb04248936278b1df1155cdc757ddb460a8d245\cordic_stage.$add$cordic_stage.sv:42$86 ($add).
Removed top 12 bits (of 16) from port B of cell $paramod$bfb04248936278b1df1155cdc757ddb460a8d245\cordic_stage.$sub$cordic_stage.sv:43$87 ($sub).
Removed top 13 bits (of 16) from port B of cell $paramod$bfb04248936278b1df1155cdc757ddb460a8d245\cordic_stage.$add$cordic_stage.sv:44$88 ($add).
Removed top 31 bits (of 32) from port B of cell $paramod$13df4f4c9c1b261592c9a2486a54e334ba271a0d\cordic_stage.$ge$cordic_stage.sv:36$70 ($ge).
Removed top 13 bits (of 16) from port B of cell $paramod$13df4f4c9c1b261592c9a2486a54e334ba271a0d\cordic_stage.$sub$cordic_stage.sv:37$71 ($sub).
Removed top 13 bits (of 16) from port B of cell $paramod$13df4f4c9c1b261592c9a2486a54e334ba271a0d\cordic_stage.$add$cordic_stage.sv:38$72 ($add).
Removed top 14 bits (of 16) from port B of cell $paramod$13df4f4c9c1b261592c9a2486a54e334ba271a0d\cordic_stage.$sub$cordic_stage.sv:39$73 ($sub).
Removed top 13 bits (of 16) from port B of cell $paramod$13df4f4c9c1b261592c9a2486a54e334ba271a0d\cordic_stage.$add$cordic_stage.sv:42$74 ($add).
Removed top 13 bits (of 16) from port B of cell $paramod$13df4f4c9c1b261592c9a2486a54e334ba271a0d\cordic_stage.$sub$cordic_stage.sv:43$75 ($sub).
Removed top 14 bits (of 16) from port B of cell $paramod$13df4f4c9c1b261592c9a2486a54e334ba271a0d\cordic_stage.$add$cordic_stage.sv:44$76 ($add).
Removed top 31 bits (of 32) from port B of cell $paramod$92317b3f664a636e96e14bfabf5ac92fa5f616e0\cordic_stage.$ge$cordic_stage.sv:36$58 ($ge).
Removed top 14 bits (of 16) from port B of cell $paramod$92317b3f664a636e96e14bfabf5ac92fa5f616e0\cordic_stage.$sub$cordic_stage.sv:37$59 ($sub).
Removed top 14 bits (of 16) from port B of cell $paramod$92317b3f664a636e96e14bfabf5ac92fa5f616e0\cordic_stage.$add$cordic_stage.sv:38$60 ($add).
Removed top 14 bits (of 16) from port B of cell $paramod$92317b3f664a636e96e14bfabf5ac92fa5f616e0\cordic_stage.$sub$cordic_stage.sv:39$61 ($sub).
Removed top 14 bits (of 16) from port B of cell $paramod$92317b3f664a636e96e14bfabf5ac92fa5f616e0\cordic_stage.$add$cordic_stage.sv:42$62 ($add).
Removed top 14 bits (of 16) from port B of cell $paramod$92317b3f664a636e96e14bfabf5ac92fa5f616e0\cordic_stage.$sub$cordic_stage.sv:43$63 ($sub).
Removed top 14 bits (of 16) from port B of cell $paramod$92317b3f664a636e96e14bfabf5ac92fa5f616e0\cordic_stage.$add$cordic_stage.sv:44$64 ($add).
Removed top 31 bits (of 32) from port B of cell $paramod$1c78dad951792559821a28759880bf6605d5ac8b\cordic_stage.$ge$cordic_stage.sv:36$46 ($ge).
Removed top 15 bits (of 16) from port B of cell $paramod$1c78dad951792559821a28759880bf6605d5ac8b\cordic_stage.$sub$cordic_stage.sv:37$47 ($sub).
Removed top 15 bits (of 16) from port B of cell $paramod$1c78dad951792559821a28759880bf6605d5ac8b\cordic_stage.$add$cordic_stage.sv:38$48 ($add).
Removed top 15 bits (of 16) from port B of cell $paramod$1c78dad951792559821a28759880bf6605d5ac8b\cordic_stage.$add$cordic_stage.sv:42$50 ($add).
Removed top 15 bits (of 16) from port B of cell $paramod$1c78dad951792559821a28759880bf6605d5ac8b\cordic_stage.$sub$cordic_stage.sv:43$51 ($sub).
Removed top 31 bits (of 32) from port B of cell $paramod$ab10e97098def7190bb8b712e42708d46e5dfde5\cordic_stage.$ge$cordic_stage.sv:36$226 ($ge).
Removed top 1 bits (of 16) from port B of cell $paramod$ab10e97098def7190bb8b712e42708d46e5dfde5\cordic_stage.$sub$cordic_stage.sv:39$229 ($sub).
Removed top 1 bits (of 16) from port B of cell $paramod$ab10e97098def7190bb8b712e42708d46e5dfde5\cordic_stage.$add$cordic_stage.sv:44$232 ($add).
Removed top 12 bits (of 32) from port A of cell mac_unit.$add$mac_unit.sv:22$5 ($add).
Removed top 12 bits (of 33) from port Y of cell mac_unit.$add$mac_unit.sv:22$5 ($add).
Removed top 12 bits (of 32) from port A of cell mac_unit.$add$mac_unit.sv:25$6 ($add).
Removed top 12 bits (of 33) from port Y of cell mac_unit.$add$mac_unit.sv:25$6 ($add).
Removed top 17 bits (of 33) from port B of cell mac_unit.$gt$mac_unit.sv:39$9 ($gt).
Removed top 17 bits (of 33) from port B of cell mac_unit.$lt$mac_unit.sv:43$10 ($lt).

11.10. Executing PEEPOPT pass (run peephole optimizers).

11.11. Executing OPT_CLEAN pass (remove unused cells and wires).
Finding unused cells or wires in module $paramod$fda4c52592ec151689e44937ab5af6abb2bbb4f7\cordic_stage..
Finding unused cells or wires in module $paramod$a64f440093fbb2a761ca462422596e7cf59060b9\cordic_stage..
Finding unused cells or wires in module $paramod$d051e689d5327a357ac2c918100372a7016c9475\cordic_stage..
Finding unused cells or wires in module $paramod$126d84d701c2cc9a597647f943872c89fc0e0486\cordic_stage..
Finding unused cells or wires in module $paramod$be7bec05f99528b83047c54b2c3b7ab2ac7f529f\cordic_stage..
Finding unused cells or wires in module $paramod$b8db0999d09c2bf93070cea839ea649340d02004\cordic_stage..
Finding unused cells or wires in module $paramod$c3982464bdd43885eb14a5af78baf7982db37425\cordic_stage..
Finding unused cells or wires in module $paramod$1ceed3bff8837b34d0a66987aff5145c079c2fbd\cordic_stage..
Finding unused cells or wires in module $paramod$a744cc0f1faffa6b4bad02f7493d97baee494aa9\cordic_stage..
Finding unused cells or wires in module $paramod$4f7c2943c908f89b3241078e20d5e72df920ea4c\cordic_stage..
Finding unused cells or wires in module $paramod$e0b39c4462fc09c778e150d1c789ca7fe160ca07\cordic_stage..
Finding unused cells or wires in module $paramod$bfb04248936278b1df1155cdc757ddb460a8d245\cordic_stage..
Finding unused cells or wires in module $paramod$13df4f4c9c1b261592c9a2486a54e334ba271a0d\cordic_stage..
Finding unused cells or wires in module $paramod$92317b3f664a636e96e14bfabf5ac92fa5f616e0\cordic_stage..
Finding unused cells or wires in module $paramod$1c78dad951792559821a28759880bf6605d5ac8b\cordic_stage..
Finding unused cells or wires in module \siren_neuron..
Finding unused cells or wires in module \siren_act_unit..
Finding unused cells or wires in module $paramod$ab10e97098def7190bb8b712e42708d46e5dfde5\cordic_stage..
Finding unused cells or wires in module \cordic_wrapper..
Finding unused cells or wires in module \phase_folder..
Finding unused cells or wires in module \siren_scaler..
Finding unused cells or wires in module \mac_unit..

11.12. Executing ALUMACC pass (create $alu and $macc cells).
Extracting $alu and $macc cells in module $paramod$fda4c52592ec151689e44937ab5af6abb2bbb4f7\cordic_stage:
  creating $macc model for $add$cordic_stage.sv:44$220 ($add).
  creating $macc model for $sub$cordic_stage.sv:43$219 ($sub).
  creating $macc model for $add$cordic_stage.sv:42$218 ($add).
  creating $macc model for $sub$cordic_stage.sv:39$217 ($sub).
  creating $macc model for $add$cordic_stage.sv:38$216 ($add).
  creating $macc model for $sub$cordic_stage.sv:37$215 ($sub).
  creating $alu model for $macc $sub$cordic_stage.sv:37$215.
  creating $alu model for $macc $add$cordic_stage.sv:38$216.
  creating $alu model for $macc $sub$cordic_stage.sv:39$217.
  creating $alu model for $macc $add$cordic_stage.sv:42$218.
  creating $alu model for $macc $sub$cordic_stage.sv:43$219.
  creating $alu model for $macc $add$cordic_stage.sv:44$220.
  creating $alu model for $ge$cordic_stage.sv:36$214 ($ge): new $alu
  creating $alu cell for $ge$cordic_stage.sv:36$214: $auto$alumacc.cc:512:replace_alu$1102
  creating $alu cell for $add$cordic_stage.sv:44$220: $auto$alumacc.cc:512:replace_alu$1117
  creating $alu cell for $sub$cordic_stage.sv:43$219: $auto$alumacc.cc:512:replace_alu$1120
  creating $alu cell for $add$cordic_stage.sv:42$218: $auto$alumacc.cc:512:replace_alu$1123
  creating $alu cell for $sub$cordic_stage.sv:39$217: $auto$alumacc.cc:512:replace_alu$1126
  creating $alu cell for $add$cordic_stage.sv:38$216: $auto$alumacc.cc:512:replace_alu$1129
  creating $alu cell for $sub$cordic_stage.sv:37$215: $auto$alumacc.cc:512:replace_alu$1132
  created 7 $alu and 0 $macc cells.
Extracting $alu and $macc cells in module $paramod$a64f440093fbb2a761ca462422596e7cf59060b9\cordic_stage:
  creating $macc model for $add$cordic_stage.sv:44$208 ($add).
  creating $macc model for $sub$cordic_stage.sv:43$207 ($sub).
  creating $macc model for $add$cordic_stage.sv:42$206 ($add).
  creating $macc model for $sub$cordic_stage.sv:39$205 ($sub).
  creating $macc model for $add$cordic_stage.sv:38$204 ($add).
  creating $macc model for $sub$cordic_stage.sv:37$203 ($sub).
  creating $alu model for $macc $sub$cordic_stage.sv:37$203.
  creating $alu model for $macc $add$cordic_stage.sv:38$204.
  creating $alu model for $macc $sub$cordic_stage.sv:39$205.
  creating $alu model for $macc $add$cordic_stage.sv:42$206.
  creating $alu model for $macc $sub$cordic_stage.sv:43$207.
  creating $alu model for $macc $add$cordic_stage.sv:44$208.
  creating $alu model for $ge$cordic_stage.sv:36$202 ($ge): new $alu
  creating $alu cell for $ge$cordic_stage.sv:36$202: $auto$alumacc.cc:512:replace_alu$1136
  creating $alu cell for $add$cordic_stage.sv:44$208: $auto$alumacc.cc:512:replace_alu$1151
  creating $alu cell for $sub$cordic_stage.sv:43$207: $auto$alumacc.cc:512:replace_alu$1154
  creating $alu cell for $add$cordic_stage.sv:42$206: $auto$alumacc.cc:512:replace_alu$1157
  creating $alu cell for $sub$cordic_stage.sv:39$205: $auto$alumacc.cc:512:replace_alu$1160
  creating $alu cell for $add$cordic_stage.sv:38$204: $auto$alumacc.cc:512:replace_alu$1163
  creating $alu cell for $sub$cordic_stage.sv:37$203: $auto$alumacc.cc:512:replace_alu$1166
  created 7 $alu and 0 $macc cells.
Extracting $alu and $macc cells in module $paramod$d051e689d5327a357ac2c918100372a7016c9475\cordic_stage:
  creating $macc model for $add$cordic_stage.sv:44$196 ($add).
  creating $macc model for $sub$cordic_stage.sv:43$195 ($sub).
  creating $macc model for $add$cordic_stage.sv:42$194 ($add).
  creating $macc model for $sub$cordic_stage.sv:39$193 ($sub).
  creating $macc model for $add$cordic_stage.sv:38$192 ($add).
  creating $macc model for $sub$cordic_stage.sv:37$191 ($sub).
  creating $alu model for $macc $sub$cordic_stage.sv:37$191.
  creating $alu model for $macc $add$cordic_stage.sv:38$192.
  creating $alu model for $macc $sub$cordic_stage.sv:39$193.
  creating $alu model for $macc $add$cordic_stage.sv:42$194.
  creating $alu model for $macc $sub$cordic_stage.sv:43$195.
  creating $alu model for $macc $add$cordic_stage.sv:44$196.
  creating $alu model for $ge$cordic_stage.sv:36$190 ($ge): new $alu
  creating $alu cell for $ge$cordic_stage.sv:36$190: $auto$alumacc.cc:512:replace_alu$1170
  creating $alu cell for $add$cordic_stage.sv:44$196: $auto$alumacc.cc:512:replace_alu$1185
  creating $alu cell for $sub$cordic_stage.sv:43$195: $auto$alumacc.cc:512:replace_alu$1188
  creating $alu cell for $add$cordic_stage.sv:42$194: $auto$alumacc.cc:512:replace_alu$1191
  creating $alu cell for $sub$cordic_stage.sv:39$193: $auto$alumacc.cc:512:replace_alu$1194
  creating $alu cell for $add$cordic_stage.sv:38$192: $auto$alumacc.cc:512:replace_alu$1197
  creating $alu cell for $sub$cordic_stage.sv:37$191: $auto$alumacc.cc:512:replace_alu$1200
  created 7 $alu and 0 $macc cells.
Extracting $alu and $macc cells in module $paramod$126d84d701c2cc9a597647f943872c89fc0e0486\cordic_stage:
  creating $macc model for $add$cordic_stage.sv:44$184 ($add).
  creating $macc model for $sub$cordic_stage.sv:43$183 ($sub).
  creating $macc model for $add$cordic_stage.sv:42$182 ($add).
  creating $macc model for $sub$cordic_stage.sv:39$181 ($sub).
  creating $macc model for $add$cordic_stage.sv:38$180 ($add).
  creating $macc model for $sub$cordic_stage.sv:37$179 ($sub).
  creating $alu model for $macc $sub$cordic_stage.sv:37$179.
  creating $alu model for $macc $add$cordic_stage.sv:38$180.
  creating $alu model for $macc $sub$cordic_stage.sv:39$181.
  creating $alu model for $macc $add$cordic_stage.sv:42$182.
  creating $alu model for $macc $sub$cordic_stage.sv:43$183.
  creating $alu model for $macc $add$cordic_stage.sv:44$184.
  creating $alu model for $ge$cordic_stage.sv:36$178 ($ge): new $alu
  creating $alu cell for $ge$cordic_stage.sv:36$178: $auto$alumacc.cc:512:replace_alu$1204
  creating $alu cell for $add$cordic_stage.sv:44$184: $auto$alumacc.cc:512:replace_alu$1219
  creating $alu cell for $sub$cordic_stage.sv:43$183: $auto$alumacc.cc:512:replace_alu$1222
  creating $alu cell for $add$cordic_stage.sv:42$182: $auto$alumacc.cc:512:replace_alu$1225
  creating $alu cell for $sub$cordic_stage.sv:39$181: $auto$alumacc.cc:512:replace_alu$1228
  creating $alu cell for $add$cordic_stage.sv:38$180: $auto$alumacc.cc:512:replace_alu$1231
  creating $alu cell for $sub$cordic_stage.sv:37$179: $auto$alumacc.cc:512:replace_alu$1234
  created 7 $alu and 0 $macc cells.
Extracting $alu and $macc cells in module $paramod$be7bec05f99528b83047c54b2c3b7ab2ac7f529f\cordic_stage:
  creating $macc model for $add$cordic_stage.sv:44$172 ($add).
  creating $macc model for $sub$cordic_stage.sv:43$171 ($sub).
  creating $macc model for $add$cordic_stage.sv:42$170 ($add).
  creating $macc model for $sub$cordic_stage.sv:39$169 ($sub).
  creating $macc model for $add$cordic_stage.sv:38$168 ($add).
  creating $macc model for $sub$cordic_stage.sv:37$167 ($sub).
  creating $alu model for $macc $sub$cordic_stage.sv:37$167.
  creating $alu model for $macc $add$cordic_stage.sv:38$168.
  creating $alu model for $macc $sub$cordic_stage.sv:39$169.
  creating $alu model for $macc $add$cordic_stage.sv:42$170.
  creating $alu model for $macc $sub$cordic_stage.sv:43$171.
  creating $alu model for $macc $add$cordic_stage.sv:44$172.
  creating $alu model for $ge$cordic_stage.sv:36$166 ($ge): new $alu
  creating $alu cell for $ge$cordic_stage.sv:36$166: $auto$alumacc.cc:512:replace_alu$1238
  creating $alu cell for $add$cordic_stage.sv:44$172: $auto$alumacc.cc:512:replace_alu$1253
  creating $alu cell for $sub$cordic_stage.sv:43$171: $auto$alumacc.cc:512:replace_alu$1256
  creating $alu cell for $add$cordic_stage.sv:42$170: $auto$alumacc.cc:512:replace_alu$1259
  creating $alu cell for $sub$cordic_stage.sv:39$169: $auto$alumacc.cc:512:replace_alu$1262
  creating $alu cell for $add$cordic_stage.sv:38$168: $auto$alumacc.cc:512:replace_alu$1265
  creating $alu cell for $sub$cordic_stage.sv:37$167: $auto$alumacc.cc:512:replace_alu$1268
  created 7 $alu and 0 $macc cells.
Extracting $alu and $macc cells in module $paramod$b8db0999d09c2bf93070cea839ea649340d02004\cordic_stage:
  creating $macc model for $add$cordic_stage.sv:44$160 ($add).
  creating $macc model for $sub$cordic_stage.sv:43$159 ($sub).
  creating $macc model for $add$cordic_stage.sv:42$158 ($add).
  creating $macc model for $sub$cordic_stage.sv:39$157 ($sub).
  creating $macc model for $add$cordic_stage.sv:38$156 ($add).
  creating $macc model for $sub$cordic_stage.sv:37$155 ($sub).
  creating $alu model for $macc $sub$cordic_stage.sv:37$155.
  creating $alu model for $macc $add$cordic_stage.sv:38$156.
  creating $alu model for $macc $sub$cordic_stage.sv:39$157.
  creating $alu model for $macc $add$cordic_stage.sv:42$158.
  creating $alu model for $macc $sub$cordic_stage.sv:43$159.
  creating $alu model for $macc $add$cordic_stage.sv:44$160.
  creating $alu model for $ge$cordic_stage.sv:36$154 ($ge): new $alu
  creating $alu cell for $ge$cordic_stage.sv:36$154: $auto$alumacc.cc:512:replace_alu$1272
  creating $alu cell for $add$cordic_stage.sv:44$160: $auto$alumacc.cc:512:replace_alu$1287
  creating $alu cell for $sub$cordic_stage.sv:43$159: $auto$alumacc.cc:512:replace_alu$1290
  creating $alu cell for $add$cordic_stage.sv:42$158: $auto$alumacc.cc:512:replace_alu$1293
  creating $alu cell for $sub$cordic_stage.sv:39$157: $auto$alumacc.cc:512:replace_alu$1296
  creating $alu cell for $add$cordic_stage.sv:38$156: $auto$alumacc.cc:512:replace_alu$1299
  creating $alu cell for $sub$cordic_stage.sv:37$155: $auto$alumacc.cc:512:replace_alu$1302
  created 7 $alu and 0 $macc cells.
Extracting $alu and $macc cells in module $paramod$c3982464bdd43885eb14a5af78baf7982db37425\cordic_stage:
  creating $macc model for $add$cordic_stage.sv:44$148 ($add).
  creating $macc model for $sub$cordic_stage.sv:43$147 ($sub).
  creating $macc model for $add$cordic_stage.sv:42$146 ($add).
  creating $macc model for $sub$cordic_stage.sv:39$145 ($sub).
  creating $macc model for $add$cordic_stage.sv:38$144 ($add).
  creating $macc model for $sub$cordic_stage.sv:37$143 ($sub).
  creating $alu model for $macc $sub$cordic_stage.sv:37$143.
  creating $alu model for $macc $add$cordic_stage.sv:38$144.
  creating $alu model for $macc $sub$cordic_stage.sv:39$145.
  creating $alu model for $macc $add$cordic_stage.sv:42$146.
  creating $alu model for $macc $sub$cordic_stage.sv:43$147.
  creating $alu model for $macc $add$cordic_stage.sv:44$148.
  creating $alu model for $ge$cordic_stage.sv:36$142 ($ge): new $alu
  creating $alu cell for $ge$cordic_stage.sv:36$142: $auto$alumacc.cc:512:replace_alu$1306
  creating $alu cell for $add$cordic_stage.sv:44$148: $auto$alumacc.cc:512:replace_alu$1321
  creating $alu cell for $sub$cordic_stage.sv:43$147: $auto$alumacc.cc:512:replace_alu$1324
  creating $alu cell for $add$cordic_stage.sv:42$146: $auto$alumacc.cc:512:replace_alu$1327
  creating $alu cell for $sub$cordic_stage.sv:39$145: $auto$alumacc.cc:512:replace_alu$1330
  creating $alu cell for $add$cordic_stage.sv:38$144: $auto$alumacc.cc:512:replace_alu$1333
  creating $alu cell for $sub$cordic_stage.sv:37$143: $auto$alumacc.cc:512:replace_alu$1336
  created 7 $alu and 0 $macc cells.
Extracting $alu and $macc cells in module $paramod$1ceed3bff8837b34d0a66987aff5145c079c2fbd\cordic_stage:
  creating $macc model for $add$cordic_stage.sv:44$136 ($add).
  creating $macc model for $sub$cordic_stage.sv:43$135 ($sub).
  creating $macc model for $add$cordic_stage.sv:42$134 ($add).
  creating $macc model for $sub$cordic_stage.sv:39$133 ($sub).
  creating $macc model for $add$cordic_stage.sv:38$132 ($add).
  creating $macc model for $sub$cordic_stage.sv:37$131 ($sub).
  creating $alu model for $macc $sub$cordic_stage.sv:37$131.
  creating $alu model for $macc $add$cordic_stage.sv:38$132.
  creating $alu model for $macc $sub$cordic_stage.sv:39$133.
  creating $alu model for $macc $add$cordic_stage.sv:42$134.
  creating $alu model for $macc $sub$cordic_stage.sv:43$135.
  creating $alu model for $macc $add$cordic_stage.sv:44$136.
  creating $alu model for $ge$cordic_stage.sv:36$130 ($ge): new $alu
  creating $alu cell for $ge$cordic_stage.sv:36$130: $auto$alumacc.cc:512:replace_alu$1340
  creating $alu cell for $add$cordic_stage.sv:44$136: $auto$alumacc.cc:512:replace_alu$1355
  creating $alu cell for $sub$cordic_stage.sv:43$135: $auto$alumacc.cc:512:replace_alu$1358
  creating $alu cell for $add$cordic_stage.sv:42$134: $auto$alumacc.cc:512:replace_alu$1361
  creating $alu cell for $sub$cordic_stage.sv:39$133: $auto$alumacc.cc:512:replace_alu$1364
  creating $alu cell for $add$cordic_stage.sv:38$132: $auto$alumacc.cc:512:replace_alu$1367
  creating $alu cell for $sub$cordic_stage.sv:37$131: $auto$alumacc.cc:512:replace_alu$1370
  created 7 $alu and 0 $macc cells.
Extracting $alu and $macc cells in module $paramod$a744cc0f1faffa6b4bad02f7493d97baee494aa9\cordic_stage:
  creating $macc model for $add$cordic_stage.sv:44$124 ($add).
  creating $macc model for $sub$cordic_stage.sv:43$123 ($sub).
  creating $macc model for $add$cordic_stage.sv:42$122 ($add).
  creating $macc model for $sub$cordic_stage.sv:39$121 ($sub).
  creating $macc model for $add$cordic_stage.sv:38$120 ($add).
  creating $macc model for $sub$cordic_stage.sv:37$119 ($sub).
  creating $alu model for $macc $sub$cordic_stage.sv:37$119.
  creating $alu model for $macc $add$cordic_stage.sv:38$120.
  creating $alu model for $macc $sub$cordic_stage.sv:39$121.
  creating $alu model for $macc $add$cordic_stage.sv:42$122.
  creating $alu model for $macc $sub$cordic_stage.sv:43$123.
  creating $alu model for $macc $add$cordic_stage.sv:44$124.
  creating $alu model for $ge$cordic_stage.sv:36$118 ($ge): new $alu
  creating $alu cell for $ge$cordic_stage.sv:36$118: $auto$alumacc.cc:512:replace_alu$1374
  creating $alu cell for $add$cordic_stage.sv:44$124: $auto$alumacc.cc:512:replace_alu$1389
  creating $alu cell for $sub$cordic_stage.sv:43$123: $auto$alumacc.cc:512:replace_alu$1392
  creating $alu cell for $add$cordic_stage.sv:42$122: $auto$alumacc.cc:512:replace_alu$1395
  creating $alu cell for $sub$cordic_stage.sv:39$121: $auto$alumacc.cc:512:replace_alu$1398
  creating $alu cell for $add$cordic_stage.sv:38$120: $auto$alumacc.cc:512:replace_alu$1401
  creating $alu cell for $sub$cordic_stage.sv:37$119: $auto$alumacc.cc:512:replace_alu$1404
  created 7 $alu and 0 $macc cells.
Extracting $alu and $macc cells in module $paramod$4f7c2943c908f89b3241078e20d5e72df920ea4c\cordic_stage:
  creating $macc model for $add$cordic_stage.sv:44$112 ($add).
  creating $macc model for $sub$cordic_stage.sv:43$111 ($sub).
  creating $macc model for $add$cordic_stage.sv:42$110 ($add).
  creating $macc model for $sub$cordic_stage.sv:39$109 ($sub).
  creating $macc model for $add$cordic_stage.sv:38$108 ($add).
  creating $macc model for $sub$cordic_stage.sv:37$107 ($sub).
  creating $alu model for $macc $sub$cordic_stage.sv:37$107.
  creating $alu model for $macc $add$cordic_stage.sv:38$108.
  creating $alu model for $macc $sub$cordic_stage.sv:39$109.
  creating $alu model for $macc $add$cordic_stage.sv:42$110.
  creating $alu model for $macc $sub$cordic_stage.sv:43$111.
  creating $alu model for $macc $add$cordic_stage.sv:44$112.
  creating $alu model for $ge$cordic_stage.sv:36$106 ($ge): new $alu
  creating $alu cell for $ge$cordic_stage.sv:36$106: $auto$alumacc.cc:512:replace_alu$1408
  creating $alu cell for $add$cordic_stage.sv:44$112: $auto$alumacc.cc:512:replace_alu$1423
  creating $alu cell for $sub$cordic_stage.sv:43$111: $auto$alumacc.cc:512:replace_alu$1426
  creating $alu cell for $add$cordic_stage.sv:42$110: $auto$alumacc.cc:512:replace_alu$1429
  creating $alu cell for $sub$cordic_stage.sv:39$109: $auto$alumacc.cc:512:replace_alu$1432
  creating $alu cell for $add$cordic_stage.sv:38$108: $auto$alumacc.cc:512:replace_alu$1435
  creating $alu cell for $sub$cordic_stage.sv:37$107: $auto$alumacc.cc:512:replace_alu$1438
  created 7 $alu and 0 $macc cells.
Extracting $alu and $macc cells in module $paramod$e0b39c4462fc09c778e150d1c789ca7fe160ca07\cordic_stage:
  creating $macc model for $add$cordic_stage.sv:44$100 ($add).
  creating $macc model for $sub$cordic_stage.sv:43$99 ($sub).
  creating $macc model for $add$cordic_stage.sv:42$98 ($add).
  creating $macc model for $sub$cordic_stage.sv:39$97 ($sub).
  creating $macc model for $add$cordic_stage.sv:38$96 ($add).
  creating $macc model for $sub$cordic_stage.sv:37$95 ($sub).
  creating $alu model for $macc $sub$cordic_stage.sv:37$95.
  creating $alu model for $macc $add$cordic_stage.sv:38$96.
  creating $alu model for $macc $sub$cordic_stage.sv:39$97.
  creating $alu model for $macc $add$cordic_stage.sv:42$98.
  creating $alu model for $macc $sub$cordic_stage.sv:43$99.
  creating $alu model for $macc $add$cordic_stage.sv:44$100.
  creating $alu model for $ge$cordic_stage.sv:36$94 ($ge): new $alu
  creating $alu cell for $ge$cordic_stage.sv:36$94: $auto$alumacc.cc:512:replace_alu$1442
  creating $alu cell for $add$cordic_stage.sv:44$100: $auto$alumacc.cc:512:replace_alu$1457
  creating $alu cell for $sub$cordic_stage.sv:43$99: $auto$alumacc.cc:512:replace_alu$1460
  creating $alu cell for $add$cordic_stage.sv:42$98: $auto$alumacc.cc:512:replace_alu$1463
  creating $alu cell for $sub$cordic_stage.sv:39$97: $auto$alumacc.cc:512:replace_alu$1466
  creating $alu cell for $add$cordic_stage.sv:38$96: $auto$alumacc.cc:512:replace_alu$1469
  creating $alu cell for $sub$cordic_stage.sv:37$95: $auto$alumacc.cc:512:replace_alu$1472
  created 7 $alu and 0 $macc cells.
Extracting $alu and $macc cells in module $paramod$bfb04248936278b1df1155cdc757ddb460a8d245\cordic_stage:
  creating $macc model for $add$cordic_stage.sv:44$88 ($add).
  creating $macc model for $sub$cordic_stage.sv:43$87 ($sub).
  creating $macc model for $add$cordic_stage.sv:42$86 ($add).
  creating $macc model for $sub$cordic_stage.sv:39$85 ($sub).
  creating $macc model for $add$cordic_stage.sv:38$84 ($add).
  creating $macc model for $sub$cordic_stage.sv:37$83 ($sub).
  creating $alu model for $macc $sub$cordic_stage.sv:37$83.
  creating $alu model for $macc $add$cordic_stage.sv:38$84.
  creating $alu model for $macc $sub$cordic_stage.sv:39$85.
  creating $alu model for $macc $add$cordic_stage.sv:42$86.
  creating $alu model for $macc $sub$cordic_stage.sv:43$87.
  creating $alu model for $macc $add$cordic_stage.sv:44$88.
  creating $alu model for $ge$cordic_stage.sv:36$82 ($ge): new $alu
  creating $alu cell for $ge$cordic_stage.sv:36$82: $auto$alumacc.cc:512:replace_alu$1476
  creating $alu cell for $add$cordic_stage.sv:44$88: $auto$alumacc.cc:512:replace_alu$1491
  creating $alu cell for $sub$cordic_stage.sv:43$87: $auto$alumacc.cc:512:replace_alu$1494
  creating $alu cell for $add$cordic_stage.sv:42$86: $auto$alumacc.cc:512:replace_alu$1497
  creating $alu cell for $sub$cordic_stage.sv:39$85: $auto$alumacc.cc:512:replace_alu$1500
  creating $alu cell for $add$cordic_stage.sv:38$84: $auto$alumacc.cc:512:replace_alu$1503
  creating $alu cell for $sub$cordic_stage.sv:37$83: $auto$alumacc.cc:512:replace_alu$1506
  created 7 $alu and 0 $macc cells.
Extracting $alu and $macc cells in module $paramod$13df4f4c9c1b261592c9a2486a54e334ba271a0d\cordic_stage:
  creating $macc model for $add$cordic_stage.sv:44$76 ($add).
  creating $macc model for $sub$cordic_stage.sv:43$75 ($sub).
  creating $macc model for $add$cordic_stage.sv:42$74 ($add).
  creating $macc model for $sub$cordic_stage.sv:39$73 ($sub).
  creating $macc model for $add$cordic_stage.sv:38$72 ($add).
  creating $macc model for $sub$cordic_stage.sv:37$71 ($sub).
  creating $alu model for $macc $sub$cordic_stage.sv:37$71.
  creating $alu model for $macc $add$cordic_stage.sv:38$72.
  creating $alu model for $macc $sub$cordic_stage.sv:39$73.
  creating $alu model for $macc $add$cordic_stage.sv:42$74.
  creating $alu model for $macc $sub$cordic_stage.sv:43$75.
  creating $alu model for $macc $add$cordic_stage.sv:44$76.
  creating $alu model for $ge$cordic_stage.sv:36$70 ($ge): new $alu
  creating $alu cell for $ge$cordic_stage.sv:36$70: $auto$alumacc.cc:512:replace_alu$1510
  creating $alu cell for $add$cordic_stage.sv:44$76: $auto$alumacc.cc:512:replace_alu$1525
  creating $alu cell for $sub$cordic_stage.sv:43$75: $auto$alumacc.cc:512:replace_alu$1528
  creating $alu cell for $add$cordic_stage.sv:42$74: $auto$alumacc.cc:512:replace_alu$1531
  creating $alu cell for $sub$cordic_stage.sv:39$73: $auto$alumacc.cc:512:replace_alu$1534
  creating $alu cell for $add$cordic_stage.sv:38$72: $auto$alumacc.cc:512:replace_alu$1537
  creating $alu cell for $sub$cordic_stage.sv:37$71: $auto$alumacc.cc:512:replace_alu$1540
  created 7 $alu and 0 $macc cells.
Extracting $alu and $macc cells in module $paramod$92317b3f664a636e96e14bfabf5ac92fa5f616e0\cordic_stage:
  creating $macc model for $add$cordic_stage.sv:44$64 ($add).
  creating $macc model for $sub$cordic_stage.sv:43$63 ($sub).
  creating $macc model for $add$cordic_stage.sv:42$62 ($add).
  creating $macc model for $sub$cordic_stage.sv:39$61 ($sub).
  creating $macc model for $add$cordic_stage.sv:38$60 ($add).
  creating $macc model for $sub$cordic_stage.sv:37$59 ($sub).
  creating $alu model for $macc $sub$cordic_stage.sv:37$59.
  creating $alu model for $macc $add$cordic_stage.sv:38$60.
  creating $alu model for $macc $sub$cordic_stage.sv:39$61.
  creating $alu model for $macc $add$cordic_stage.sv:42$62.
  creating $alu model for $macc $sub$cordic_stage.sv:43$63.
  creating $alu model for $macc $add$cordic_stage.sv:44$64.
  creating $alu model for $ge$cordic_stage.sv:36$58 ($ge): new $alu
  creating $alu cell for $ge$cordic_stage.sv:36$58: $auto$alumacc.cc:512:replace_alu$1544
  creating $alu cell for $add$cordic_stage.sv:44$64: $auto$alumacc.cc:512:replace_alu$1559
  creating $alu cell for $sub$cordic_stage.sv:43$63: $auto$alumacc.cc:512:replace_alu$1562
  creating $alu cell for $add$cordic_stage.sv:42$62: $auto$alumacc.cc:512:replace_alu$1565
  creating $alu cell for $sub$cordic_stage.sv:39$61: $auto$alumacc.cc:512:replace_alu$1568
  creating $alu cell for $add$cordic_stage.sv:38$60: $auto$alumacc.cc:512:replace_alu$1571
  creating $alu cell for $sub$cordic_stage.sv:37$59: $auto$alumacc.cc:512:replace_alu$1574
  created 7 $alu and 0 $macc cells.
Extracting $alu and $macc cells in module $paramod$1c78dad951792559821a28759880bf6605d5ac8b\cordic_stage:
  creating $macc model for $sub$cordic_stage.sv:43$51 ($sub).
  creating $macc model for $add$cordic_stage.sv:42$50 ($add).
  creating $macc model for $add$cordic_stage.sv:38$48 ($add).
  creating $macc model for $sub$cordic_stage.sv:37$47 ($sub).
  creating $alu model for $macc $sub$cordic_stage.sv:37$47.
  creating $alu model for $macc $add$cordic_stage.sv:38$48.
  creating $alu model for $macc $add$cordic_stage.sv:42$50.
  creating $alu model for $macc $sub$cordic_stage.sv:43$51.
  creating $alu model for $ge$cordic_stage.sv:36$46 ($ge): new $alu
  creating $alu cell for $ge$cordic_stage.sv:36$46: $auto$alumacc.cc:512:replace_alu$1578
  creating $alu cell for $sub$cordic_stage.sv:43$51: $auto$alumacc.cc:512:replace_alu$1593
  creating $alu cell for $add$cordic_stage.sv:42$50: $auto$alumacc.cc:512:replace_alu$1596
  creating $alu cell for $add$cordic_stage.sv:38$48: $auto$alumacc.cc:512:replace_alu$1599
  creating $alu cell for $sub$cordic_stage.sv:37$47: $auto$alumacc.cc:512:replace_alu$1602
  created 5 $alu and 0 $macc cells.
Extracting $alu and $macc cells in module siren_neuron:
  created 0 $alu and 0 $macc cells.
Extracting $alu and $macc cells in module siren_act_unit:
  created 0 $alu and 0 $macc cells.
Extracting $alu and $macc cells in module $paramod$ab10e97098def7190bb8b712e42708d46e5dfde5\cordic_stage:
  creating $macc model for $add$cordic_stage.sv:44$232 ($add).
  creating $macc model for $sub$cordic_stage.sv:43$231 ($sub).
  creating $macc model for $add$cordic_stage.sv:42$230 ($add).
  creating $macc model for $sub$cordic_stage.sv:39$229 ($sub).
  creating $macc model for $sub$cordic_stage.sv:37$227 ($sub).
  creating $alu model for $macc $sub$cordic_stage.sv:37$227.
  creating $alu model for $macc $sub$cordic_stage.sv:39$229.
  creating $alu model for $macc $add$cordic_stage.sv:42$230.
  creating $alu model for $macc $sub$cordic_stage.sv:43$231.
  creating $alu model for $macc $add$cordic_stage.sv:44$232.
  creating $alu model for $ge$cordic_stage.sv:36$226 ($ge): new $alu
  creating $alu cell for $ge$cordic_stage.sv:36$226: $auto$alumacc.cc:512:replace_alu$1606
  creating $alu cell for $add$cordic_stage.sv:44$232: $auto$alumacc.cc:512:replace_alu$1621
  creating $alu cell for $sub$cordic_stage.sv:43$231: $auto$alumacc.cc:512:replace_alu$1624
  creating $alu cell for $sub$cordic_stage.sv:39$229: $auto$alumacc.cc:512:replace_alu$1627
  creating $alu cell for $add$cordic_stage.sv:42$230: $auto$alumacc.cc:512:replace_alu$1630
  creating $alu cell for $sub$cordic_stage.sv:37$227: $auto$alumacc.cc:512:replace_alu$1633
  created 6 $alu and 0 $macc cells.
Extracting $alu and $macc cells in module cordic_wrapper:
  created 0 $alu and 0 $macc cells.
Extracting $alu and $macc cells in module phase_folder:
  created 0 $alu and 0 $macc cells.
Extracting $alu and $macc cells in module siren_scaler:
  creating $macc model for $sub$siren_scaler.sv:17$14 ($sub).
  creating $alu model for $macc $sub$siren_scaler.sv:17$14.
  creating $alu cell for $sub$siren_scaler.sv:17$14: $auto$alumacc.cc:512:replace_alu$1636
  created 1 $alu and 0 $macc cells.
Extracting $alu and $macc cells in module mac_unit:
  creating $macc model for $add$mac_unit.sv:25$6 ($add).
  creating $macc model for $add$mac_unit.sv:22$5 ($add).
  creating $macc model for $mul$mac_unit.sv:19$2 ($mul).
  creating $alu model for $macc $add$mac_unit.sv:22$5.
  creating $alu model for $macc $add$mac_unit.sv:25$6.
  creating $macc cell for $mul$mac_unit.sv:19$2: $auto$alumacc.cc:382:replace_macc$1639
  creating $alu model for $lt$mac_unit.sv:43$10 ($lt): new $alu
  creating $alu model for $gt$mac_unit.sv:39$9 ($gt): new $alu
  creating $alu cell for $gt$mac_unit.sv:39$9: $auto$alumacc.cc:512:replace_alu$1642
  creating $alu cell for $lt$mac_unit.sv:43$10: $auto$alumacc.cc:512:replace_alu$1655
  creating $alu cell for $add$mac_unit.sv:25$6: $auto$alumacc.cc:512:replace_alu$1662
  creating $alu cell for $add$mac_unit.sv:22$5: $auto$alumacc.cc:512:replace_alu$1665
  created 4 $alu and 1 $macc cells.

11.13. Executing SHARE pass (SAT-based resource sharing).

11.14. Executing OPT pass (performing simple optimizations).

11.14.1. Executing OPT_EXPR pass (perform const folding).
Optimizing module $paramod$fda4c52592ec151689e44937ab5af6abb2bbb4f7\cordic_stage.
<suppressed ~3 debug messages>
Optimizing module $paramod$a64f440093fbb2a761ca462422596e7cf59060b9\cordic_stage.
<suppressed ~3 debug messages>
Optimizing module $paramod$d051e689d5327a357ac2c918100372a7016c9475\cordic_stage.
<suppressed ~3 debug messages>
Optimizing module $paramod$126d84d701c2cc9a597647f943872c89fc0e0486\cordic_stage.
<suppressed ~3 debug messages>
Optimizing module $paramod$be7bec05f99528b83047c54b2c3b7ab2ac7f529f\cordic_stage.
<suppressed ~3 debug messages>
Optimizing module $paramod$b8db0999d09c2bf93070cea839ea649340d02004\cordic_stage.
<suppressed ~3 debug messages>
Optimizing module $paramod$c3982464bdd43885eb14a5af78baf7982db37425\cordic_stage.
<suppressed ~3 debug messages>
Optimizing module $paramod$1ceed3bff8837b34d0a66987aff5145c079c2fbd\cordic_stage.
<suppressed ~3 debug messages>
Optimizing module $paramod$a744cc0f1faffa6b4bad02f7493d97baee494aa9\cordic_stage.
<suppressed ~3 debug messages>
Optimizing module $paramod$4f7c2943c908f89b3241078e20d5e72df920ea4c\cordic_stage.
<suppressed ~3 debug messages>
Optimizing module $paramod$e0b39c4462fc09c778e150d1c789ca7fe160ca07\cordic_stage.
<suppressed ~3 debug messages>
Optimizing module $paramod$bfb04248936278b1df1155cdc757ddb460a8d245\cordic_stage.
<suppressed ~3 debug messages>
Optimizing module $paramod$13df4f4c9c1b261592c9a2486a54e334ba271a0d\cordic_stage.
<suppressed ~3 debug messages>
Optimizing module $paramod$92317b3f664a636e96e14bfabf5ac92fa5f616e0\cordic_stage.
<suppressed ~3 debug messages>
Optimizing module $paramod$1c78dad951792559821a28759880bf6605d5ac8b\cordic_stage.
<suppressed ~3 debug messages>
Optimizing module siren_neuron.
Optimizing module siren_act_unit.
Optimizing module $paramod$ab10e97098def7190bb8b712e42708d46e5dfde5\cordic_stage.
<suppressed ~3 debug messages>
Optimizing module cordic_wrapper.
Optimizing module phase_folder.
Optimizing module siren_scaler.
Optimizing module mac_unit.
<suppressed ~2 debug messages>

11.14.2. Executing OPT_MERGE pass (detect identical cells).
Finding identical cells in module `$paramod$fda4c52592ec151689e44937ab5af6abb2bbb4f7\cordic_stage'.
Computing hashes of 19 cells of `$paramod$fda4c52592ec151689e44937ab5af6abb2bbb4f7\cordic_stage'.
Finding duplicate cells in `$paramod$fda4c52592ec151689e44937ab5af6abb2bbb4f7\cordic_stage'.
Finding identical cells in module `$paramod$a64f440093fbb2a761ca462422596e7cf59060b9\cordic_stage'.
Computing hashes of 19 cells of `$paramod$a64f440093fbb2a761ca462422596e7cf59060b9\cordic_stage'.
Finding duplicate cells in `$paramod$a64f440093fbb2a761ca462422596e7cf59060b9\cordic_stage'.
Finding identical cells in module `$paramod$d051e689d5327a357ac2c918100372a7016c9475\cordic_stage'.
Computing hashes of 19 cells of `$paramod$d051e689d5327a357ac2c918100372a7016c9475\cordic_stage'.
Finding duplicate cells in `$paramod$d051e689d5327a357ac2c918100372a7016c9475\cordic_stage'.
Finding identical cells in module `$paramod$126d84d701c2cc9a597647f943872c89fc0e0486\cordic_stage'.
Computing hashes of 19 cells of `$paramod$126d84d701c2cc9a597647f943872c89fc0e0486\cordic_stage'.
Finding duplicate cells in `$paramod$126d84d701c2cc9a597647f943872c89fc0e0486\cordic_stage'.
Finding identical cells in module `$paramod$be7bec05f99528b83047c54b2c3b7ab2ac7f529f\cordic_stage'.
Computing hashes of 19 cells of `$paramod$be7bec05f99528b83047c54b2c3b7ab2ac7f529f\cordic_stage'.
Finding duplicate cells in `$paramod$be7bec05f99528b83047c54b2c3b7ab2ac7f529f\cordic_stage'.
Finding identical cells in module `$paramod$b8db0999d09c2bf93070cea839ea649340d02004\cordic_stage'.
Computing hashes of 19 cells of `$paramod$b8db0999d09c2bf93070cea839ea649340d02004\cordic_stage'.
Finding duplicate cells in `$paramod$b8db0999d09c2bf93070cea839ea649340d02004\cordic_stage'.
Finding identical cells in module `$paramod$c3982464bdd43885eb14a5af78baf7982db37425\cordic_stage'.
Computing hashes of 19 cells of `$paramod$c3982464bdd43885eb14a5af78baf7982db37425\cordic_stage'.
Finding duplicate cells in `$paramod$c3982464bdd43885eb14a5af78baf7982db37425\cordic_stage'.
Finding identical cells in module `$paramod$1ceed3bff8837b34d0a66987aff5145c079c2fbd\cordic_stage'.
Computing hashes of 19 cells of `$paramod$1ceed3bff8837b34d0a66987aff5145c079c2fbd\cordic_stage'.
Finding duplicate cells in `$paramod$1ceed3bff8837b34d0a66987aff5145c079c2fbd\cordic_stage'.
Finding identical cells in module `$paramod$a744cc0f1faffa6b4bad02f7493d97baee494aa9\cordic_stage'.
Computing hashes of 19 cells of `$paramod$a744cc0f1faffa6b4bad02f7493d97baee494aa9\cordic_stage'.
Finding duplicate cells in `$paramod$a744cc0f1faffa6b4bad02f7493d97baee494aa9\cordic_stage'.
Finding identical cells in module `$paramod$4f7c2943c908f89b3241078e20d5e72df920ea4c\cordic_stage'.
Computing hashes of 19 cells of `$paramod$4f7c2943c908f89b3241078e20d5e72df920ea4c\cordic_stage'.
Finding duplicate cells in `$paramod$4f7c2943c908f89b3241078e20d5e72df920ea4c\cordic_stage'.
Finding identical cells in module `$paramod$e0b39c4462fc09c778e150d1c789ca7fe160ca07\cordic_stage'.
Computing hashes of 19 cells of `$paramod$e0b39c4462fc09c778e150d1c789ca7fe160ca07\cordic_stage'.
Finding duplicate cells in `$paramod$e0b39c4462fc09c778e150d1c789ca7fe160ca07\cordic_stage'.
Finding identical cells in module `$paramod$bfb04248936278b1df1155cdc757ddb460a8d245\cordic_stage'.
Computing hashes of 19 cells of `$paramod$bfb04248936278b1df1155cdc757ddb460a8d245\cordic_stage'.
Finding duplicate cells in `$paramod$bfb04248936278b1df1155cdc757ddb460a8d245\cordic_stage'.
Finding identical cells in module `$paramod$13df4f4c9c1b261592c9a2486a54e334ba271a0d\cordic_stage'.
Computing hashes of 19 cells of `$paramod$13df4f4c9c1b261592c9a2486a54e334ba271a0d\cordic_stage'.
Finding duplicate cells in `$paramod$13df4f4c9c1b261592c9a2486a54e334ba271a0d\cordic_stage'.
Finding identical cells in module `$paramod$92317b3f664a636e96e14bfabf5ac92fa5f616e0\cordic_stage'.
Computing hashes of 19 cells of `$paramod$92317b3f664a636e96e14bfabf5ac92fa5f616e0\cordic_stage'.
Finding duplicate cells in `$paramod$92317b3f664a636e96e14bfabf5ac92fa5f616e0\cordic_stage'.
Finding identical cells in module `$paramod$1c78dad951792559821a28759880bf6605d5ac8b\cordic_stage'.
Computing hashes of 16 cells of `$paramod$1c78dad951792559821a28759880bf6605d5ac8b\cordic_stage'.
Finding duplicate cells in `$paramod$1c78dad951792559821a28759880bf6605d5ac8b\cordic_stage'.
Finding identical cells in module `\siren_neuron'.
Computing hashes of 3 cells of `\siren_neuron'.
Finding duplicate cells in `\siren_neuron'.
Finding identical cells in module `\siren_act_unit'.
Computing hashes of 2 cells of `\siren_act_unit'.
Finding duplicate cells in `\siren_act_unit'.
Finding identical cells in module `$paramod$ab10e97098def7190bb8b712e42708d46e5dfde5\cordic_stage'.
Computing hashes of 18 cells of `$paramod$ab10e97098def7190bb8b712e42708d46e5dfde5\cordic_stage'.
Finding duplicate cells in `$paramod$ab10e97098def7190bb8b712e42708d46e5dfde5\cordic_stage'.
Finding identical cells in module `\cordic_wrapper'.
Computing hashes of 18 cells of `\cordic_wrapper'.
Finding duplicate cells in `\cordic_wrapper'.
Finding identical cells in module `\phase_folder'.
Computing hashes of 2 cells of `\phase_folder'.
Finding duplicate cells in `\phase_folder'.
Finding identical cells in module `\siren_scaler'.
Computing hashes of 3 cells of `\siren_scaler'.
Finding duplicate cells in `\siren_scaler'.
Finding identical cells in module `\mac_unit'.
Computing hashes of 20 cells of `\mac_unit'.
Finding duplicate cells in `\mac_unit'.
Removed a total of 0 cells.

11.14.3. Executing OPT_MUXTREE pass (detect dead branches in mux trees).
Running muxtree optimizer on module $paramod$fda4c52592ec151689e44937ab5af6abb2bbb4f7\cordic_stage..
  Creating internal representation of mux trees.
  Evaluating internal representation of mux trees.
  Analyzing evaluation results.
Running muxtree optimizer on module $paramod$a64f440093fbb2a761ca462422596e7cf59060b9\cordic_stage..
  Creating internal representation of mux trees.
  Evaluating internal representation of mux trees.
  Analyzing evaluation results.
Running muxtree optimizer on module $paramod$d051e689d5327a357ac2c918100372a7016c9475\cordic_stage..
  Creating internal representation of mux trees.
  Evaluating internal representation of mux trees.
  Analyzing evaluation results.
Running muxtree optimizer on module $paramod$126d84d701c2cc9a597647f943872c89fc0e0486\cordic_stage..
  Creating internal representation of mux trees.
  Evaluating internal representation of mux trees.
  Analyzing evaluation results.
Running muxtree optimizer on module $paramod$be7bec05f99528b83047c54b2c3b7ab2ac7f529f\cordic_stage..
  Creating internal representation of mux trees.
  Evaluating internal representation of mux trees.
  Analyzing evaluation results.
Running muxtree optimizer on module $paramod$b8db0999d09c2bf93070cea839ea649340d02004\cordic_stage..
  Creating internal representation of mux trees.
  Evaluating internal representation of mux trees.
  Analyzing evaluation results.
Running muxtree optimizer on module $paramod$c3982464bdd43885eb14a5af78baf7982db37425\cordic_stage..
  Creating internal representation of mux trees.
  Evaluating internal representation of mux trees.
  Analyzing evaluation results.
Running muxtree optimizer on module $paramod$1ceed3bff8837b34d0a66987aff5145c079c2fbd\cordic_stage..
  Creating internal representation of mux trees.
  Evaluating internal representation of mux trees.
  Analyzing evaluation results.
Running muxtree optimizer on module $paramod$a744cc0f1faffa6b4bad02f7493d97baee494aa9\cordic_stage..
  Creating internal representation of mux trees.
  Evaluating internal representation of mux trees.
  Analyzing evaluation results.
Running muxtree optimizer on module $paramod$4f7c2943c908f89b3241078e20d5e72df920ea4c\cordic_stage..
  Creating internal representation of mux trees.
  Evaluating internal representation of mux trees.
  Analyzing evaluation results.
Running muxtree optimizer on module $paramod$e0b39c4462fc09c778e150d1c789ca7fe160ca07\cordic_stage..
  Creating internal representation of mux trees.
  Evaluating internal representation of mux trees.
  Analyzing evaluation results.
Running muxtree optimizer on module $paramod$bfb04248936278b1df1155cdc757ddb460a8d245\cordic_stage..
  Creating internal representation of mux trees.
  Evaluating internal representation of mux trees.
  Analyzing evaluation results.
Running muxtree optimizer on module $paramod$13df4f4c9c1b261592c9a2486a54e334ba271a0d\cordic_stage..
  Creating internal representation of mux trees.
  Evaluating internal representation of mux trees.
  Analyzing evaluation results.
Running muxtree optimizer on module $paramod$92317b3f664a636e96e14bfabf5ac92fa5f616e0\cordic_stage..
  Creating internal representation of mux trees.
  Evaluating internal representation of mux trees.
  Analyzing evaluation results.
Running muxtree optimizer on module $paramod$1c78dad951792559821a28759880bf6605d5ac8b\cordic_stage..
  Creating internal representation of mux trees.
  Evaluating internal representation of mux trees.
  Analyzing evaluation results.
Running muxtree optimizer on module \siren_neuron..
  Creating internal representation of mux trees.
  No muxes found in this module.
Running muxtree optimizer on module \siren_act_unit..
  Creating internal representation of mux trees.
  No muxes found in this module.
Running muxtree optimizer on module $paramod$ab10e97098def7190bb8b712e42708d46e5dfde5\cordic_stage..
  Creating internal representation of mux trees.
  Evaluating internal representation of mux trees.
  Analyzing evaluation results.
Running muxtree optimizer on module \cordic_wrapper..
  Creating internal representation of mux trees.
  Evaluating internal representation of mux trees.
  Analyzing evaluation results.
Running muxtree optimizer on module \phase_folder..
  Creating internal representation of mux trees.
  No muxes found in this module.
Running muxtree optimizer on module \siren_scaler..
  Creating internal representation of mux trees.
  No muxes found in this module.
Running muxtree optimizer on module \mac_unit..
  Creating internal representation of mux trees.
  Evaluating internal representation of mux trees.
  Analyzing evaluation results.
Removed 0 multiplexer ports.
<suppressed ~104 debug messages>

11.14.4. Executing OPT_REDUCE pass (consolidate $*mux and $reduce_* inputs).
  Optimizing cells in module $paramod$fda4c52592ec151689e44937ab5af6abb2bbb4f7\cordic_stage.
  Optimizing cells in module $paramod$a64f440093fbb2a761ca462422596e7cf59060b9\cordic_stage.
  Optimizing cells in module $paramod$d051e689d5327a357ac2c918100372a7016c9475\cordic_stage.
  Optimizing cells in module $paramod$126d84d701c2cc9a597647f943872c89fc0e0486\cordic_stage.
  Optimizing cells in module $paramod$be7bec05f99528b83047c54b2c3b7ab2ac7f529f\cordic_stage.
  Optimizing cells in module $paramod$b8db0999d09c2bf93070cea839ea649340d02004\cordic_stage.
  Optimizing cells in module $paramod$c3982464bdd43885eb14a5af78baf7982db37425\cordic_stage.
  Optimizing cells in module $paramod$1ceed3bff8837b34d0a66987aff5145c079c2fbd\cordic_stage.
  Optimizing cells in module $paramod$a744cc0f1faffa6b4bad02f7493d97baee494aa9\cordic_stage.
  Optimizing cells in module $paramod$4f7c2943c908f89b3241078e20d5e72df920ea4c\cordic_stage.
  Optimizing cells in module $paramod$e0b39c4462fc09c778e150d1c789ca7fe160ca07\cordic_stage.
  Optimizing cells in module $paramod$bfb04248936278b1df1155cdc757ddb460a8d245\cordic_stage.
  Optimizing cells in module $paramod$13df4f4c9c1b261592c9a2486a54e334ba271a0d\cordic_stage.
  Optimizing cells in module $paramod$92317b3f664a636e96e14bfabf5ac92fa5f616e0\cordic_stage.
  Optimizing cells in module $paramod$1c78dad951792559821a28759880bf6605d5ac8b\cordic_stage.
  Optimizing cells in module \siren_neuron.
  Optimizing cells in module \siren_act_unit.
  Optimizing cells in module $paramod$ab10e97098def7190bb8b712e42708d46e5dfde5\cordic_stage.
  Optimizing cells in module \cordic_wrapper.
  Optimizing cells in module \phase_folder.
  Optimizing cells in module \siren_scaler.
  Optimizing cells in module \mac_unit.
Performed a total of 0 changes.

11.14.5. Executing OPT_MERGE pass (detect identical cells).
Finding identical cells in module `$paramod$fda4c52592ec151689e44937ab5af6abb2bbb4f7\cordic_stage'.
Computing hashes of 19 cells of `$paramod$fda4c52592ec151689e44937ab5af6abb2bbb4f7\cordic_stage'.
Finding duplicate cells in `$paramod$fda4c52592ec151689e44937ab5af6abb2bbb4f7\cordic_stage'.
Finding identical cells in module `$paramod$a64f440093fbb2a761ca462422596e7cf59060b9\cordic_stage'.
Computing hashes of 19 cells of `$paramod$a64f440093fbb2a761ca462422596e7cf59060b9\cordic_stage'.
Finding duplicate cells in `$paramod$a64f440093fbb2a761ca462422596e7cf59060b9\cordic_stage'.
Finding identical cells in module `$paramod$d051e689d5327a357ac2c918100372a7016c9475\cordic_stage'.
Computing hashes of 19 cells of `$paramod$d051e689d5327a357ac2c918100372a7016c9475\cordic_stage'.
Finding duplicate cells in `$paramod$d051e689d5327a357ac2c918100372a7016c9475\cordic_stage'.
Finding identical cells in module `$paramod$126d84d701c2cc9a597647f943872c89fc0e0486\cordic_stage'.
Computing hashes of 19 cells of `$paramod$126d84d701c2cc9a597647f943872c89fc0e0486\cordic_stage'.
Finding duplicate cells in `$paramod$126d84d701c2cc9a597647f943872c89fc0e0486\cordic_stage'.
Finding identical cells in module `$paramod$be7bec05f99528b83047c54b2c3b7ab2ac7f529f\cordic_stage'.
Computing hashes of 19 cells of `$paramod$be7bec05f99528b83047c54b2c3b7ab2ac7f529f\cordic_stage'.
Finding duplicate cells in `$paramod$be7bec05f99528b83047c54b2c3b7ab2ac7f529f\cordic_stage'.
Finding identical cells in module `$paramod$b8db0999d09c2bf93070cea839ea649340d02004\cordic_stage'.
Computing hashes of 19 cells of `$paramod$b8db0999d09c2bf93070cea839ea649340d02004\cordic_stage'.
Finding duplicate cells in `$paramod$b8db0999d09c2bf93070cea839ea649340d02004\cordic_stage'.
Finding identical cells in module `$paramod$c3982464bdd43885eb14a5af78baf7982db37425\cordic_stage'.
Computing hashes of 19 cells of `$paramod$c3982464bdd43885eb14a5af78baf7982db37425\cordic_stage'.
Finding duplicate cells in `$paramod$c3982464bdd43885eb14a5af78baf7982db37425\cordic_stage'.
Finding identical cells in module `$paramod$1ceed3bff8837b34d0a66987aff5145c079c2fbd\cordic_stage'.
Computing hashes of 19 cells of `$paramod$1ceed3bff8837b34d0a66987aff5145c079c2fbd\cordic_stage'.
Finding duplicate cells in `$paramod$1ceed3bff8837b34d0a66987aff5145c079c2fbd\cordic_stage'.
Finding identical cells in module `$paramod$a744cc0f1faffa6b4bad02f7493d97baee494aa9\cordic_stage'.
Computing hashes of 19 cells of `$paramod$a744cc0f1faffa6b4bad02f7493d97baee494aa9\cordic_stage'.
Finding duplicate cells in `$paramod$a744cc0f1faffa6b4bad02f7493d97baee494aa9\cordic_stage'.
Finding identical cells in module `$paramod$4f7c2943c908f89b3241078e20d5e72df920ea4c\cordic_stage'.
Computing hashes of 19 cells of `$paramod$4f7c2943c908f89b3241078e20d5e72df920ea4c\cordic_stage'.
Finding duplicate cells in `$paramod$4f7c2943c908f89b3241078e20d5e72df920ea4c\cordic_stage'.
Finding identical cells in module `$paramod$e0b39c4462fc09c778e150d1c789ca7fe160ca07\cordic_stage'.
Computing hashes of 19 cells of `$paramod$e0b39c4462fc09c778e150d1c789ca7fe160ca07\cordic_stage'.
Finding duplicate cells in `$paramod$e0b39c4462fc09c778e150d1c789ca7fe160ca07\cordic_stage'.
Finding identical cells in module `$paramod$bfb04248936278b1df1155cdc757ddb460a8d245\cordic_stage'.
Computing hashes of 19 cells of `$paramod$bfb04248936278b1df1155cdc757ddb460a8d245\cordic_stage'.
Finding duplicate cells in `$paramod$bfb04248936278b1df1155cdc757ddb460a8d245\cordic_stage'.
Finding identical cells in module `$paramod$13df4f4c9c1b261592c9a2486a54e334ba271a0d\cordic_stage'.
Computing hashes of 19 cells of `$paramod$13df4f4c9c1b261592c9a2486a54e334ba271a0d\cordic_stage'.
Finding duplicate cells in `$paramod$13df4f4c9c1b261592c9a2486a54e334ba271a0d\cordic_stage'.
Finding identical cells in module `$paramod$92317b3f664a636e96e14bfabf5ac92fa5f616e0\cordic_stage'.
Computing hashes of 19 cells of `$paramod$92317b3f664a636e96e14bfabf5ac92fa5f616e0\cordic_stage'.
Finding duplicate cells in `$paramod$92317b3f664a636e96e14bfabf5ac92fa5f616e0\cordic_stage'.
Finding identical cells in module `$paramod$1c78dad951792559821a28759880bf6605d5ac8b\cordic_stage'.
Computing hashes of 16 cells of `$paramod$1c78dad951792559821a28759880bf6605d5ac8b\cordic_stage'.
Finding duplicate cells in `$paramod$1c78dad951792559821a28759880bf6605d5ac8b\cordic_stage'.
Finding identical cells in module `\siren_neuron'.
Computing hashes of 3 cells of `\siren_neuron'.
Finding duplicate cells in `\siren_neuron'.
Finding identical cells in module `\siren_act_unit'.
Computing hashes of 2 cells of `\siren_act_unit'.
Finding duplicate cells in `\siren_act_unit'.
Finding identical cells in module `$paramod$ab10e97098def7190bb8b712e42708d46e5dfde5\cordic_stage'.
Computing hashes of 18 cells of `$paramod$ab10e97098def7190bb8b712e42708d46e5dfde5\cordic_stage'.
Finding duplicate cells in `$paramod$ab10e97098def7190bb8b712e42708d46e5dfde5\cordic_stage'.
Finding identical cells in module `\cordic_wrapper'.
Computing hashes of 18 cells of `\cordic_wrapper'.
Finding duplicate cells in `\cordic_wrapper'.
Finding identical cells in module `\phase_folder'.
Computing hashes of 2 cells of `\phase_folder'.
Finding duplicate cells in `\phase_folder'.
Finding identical cells in module `\siren_scaler'.
Computing hashes of 3 cells of `\siren_scaler'.
Finding duplicate cells in `\siren_scaler'.
Finding identical cells in module `\mac_unit'.
Computing hashes of 20 cells of `\mac_unit'.
Finding duplicate cells in `\mac_unit'.
Removed a total of 0 cells.

11.14.6. Executing OPT_DFF pass (perform DFF optimizations).

11.14.7. Executing OPT_CLEAN pass (remove unused cells and wires).
Finding unused cells or wires in module $paramod$fda4c52592ec151689e44937ab5af6abb2bbb4f7\cordic_stage..
Finding unused cells or wires in module $paramod$a64f440093fbb2a761ca462422596e7cf59060b9\cordic_stage..
Finding unused cells or wires in module $paramod$d051e689d5327a357ac2c918100372a7016c9475\cordic_stage..
Finding unused cells or wires in module $paramod$126d84d701c2cc9a597647f943872c89fc0e0486\cordic_stage..
Finding unused cells or wires in module $paramod$be7bec05f99528b83047c54b2c3b7ab2ac7f529f\cordic_stage..
Finding unused cells or wires in module $paramod$b8db0999d09c2bf93070cea839ea649340d02004\cordic_stage..
Finding unused cells or wires in module $paramod$c3982464bdd43885eb14a5af78baf7982db37425\cordic_stage..
Finding unused cells or wires in module $paramod$1ceed3bff8837b34d0a66987aff5145c079c2fbd\cordic_stage..
Finding unused cells or wires in module $paramod$a744cc0f1faffa6b4bad02f7493d97baee494aa9\cordic_stage..
Finding unused cells or wires in module $paramod$4f7c2943c908f89b3241078e20d5e72df920ea4c\cordic_stage..
Finding unused cells or wires in module $paramod$e0b39c4462fc09c778e150d1c789ca7fe160ca07\cordic_stage..
Finding unused cells or wires in module $paramod$bfb04248936278b1df1155cdc757ddb460a8d245\cordic_stage..
Finding unused cells or wires in module $paramod$13df4f4c9c1b261592c9a2486a54e334ba271a0d\cordic_stage..
Finding unused cells or wires in module $paramod$92317b3f664a636e96e14bfabf5ac92fa5f616e0\cordic_stage..
Finding unused cells or wires in module $paramod$1c78dad951792559821a28759880bf6605d5ac8b\cordic_stage..
Finding unused cells or wires in module \siren_neuron..
Finding unused cells or wires in module \siren_act_unit..
Finding unused cells or wires in module $paramod$ab10e97098def7190bb8b712e42708d46e5dfde5\cordic_stage..
Finding unused cells or wires in module \cordic_wrapper..
Finding unused cells or wires in module \phase_folder..
Finding unused cells or wires in module \siren_scaler..
Finding unused cells or wires in module \mac_unit..
Removed 1 unused cells and 99 unused wires.
<suppressed ~34 debug messages>

11.14.8. Executing OPT_EXPR pass (perform const folding).
Optimizing module $paramod$fda4c52592ec151689e44937ab5af6abb2bbb4f7\cordic_stage.
Optimizing module $paramod$a64f440093fbb2a761ca462422596e7cf59060b9\cordic_stage.
Optimizing module $paramod$d051e689d5327a357ac2c918100372a7016c9475\cordic_stage.
Optimizing module $paramod$126d84d701c2cc9a597647f943872c89fc0e0486\cordic_stage.
Optimizing module $paramod$be7bec05f99528b83047c54b2c3b7ab2ac7f529f\cordic_stage.
Optimizing module $paramod$b8db0999d09c2bf93070cea839ea649340d02004\cordic_stage.
Optimizing module $paramod$c3982464bdd43885eb14a5af78baf7982db37425\cordic_stage.
Optimizing module $paramod$1ceed3bff8837b34d0a66987aff5145c079c2fbd\cordic_stage.
Optimizing module $paramod$a744cc0f1faffa6b4bad02f7493d97baee494aa9\cordic_stage.
Optimizing module $paramod$4f7c2943c908f89b3241078e20d5e72df920ea4c\cordic_stage.
Optimizing module $paramod$e0b39c4462fc09c778e150d1c789ca7fe160ca07\cordic_stage.
Optimizing module $paramod$bfb04248936278b1df1155cdc757ddb460a8d245\cordic_stage.
Optimizing module $paramod$13df4f4c9c1b261592c9a2486a54e334ba271a0d\cordic_stage.
Optimizing module $paramod$92317b3f664a636e96e14bfabf5ac92fa5f616e0\cordic_stage.
Optimizing module $paramod$1c78dad951792559821a28759880bf6605d5ac8b\cordic_stage.
Optimizing module siren_neuron.
Optimizing module siren_act_unit.
Optimizing module $paramod$ab10e97098def7190bb8b712e42708d46e5dfde5\cordic_stage.
Optimizing module cordic_wrapper.
Optimizing module phase_folder.
Optimizing module siren_scaler.
Optimizing module mac_unit.

11.14.9. Rerunning OPT passes. (Maybe there is more to do..)

11.14.10. Executing OPT_MUXTREE pass (detect dead branches in mux trees).
Running muxtree optimizer on module $paramod$fda4c52592ec151689e44937ab5af6abb2bbb4f7\cordic_stage..
  Creating internal representation of mux trees.
  Evaluating internal representation of mux trees.
  Analyzing evaluation results.
Running muxtree optimizer on module $paramod$a64f440093fbb2a761ca462422596e7cf59060b9\cordic_stage..
  Creating internal representation of mux trees.
  Evaluating internal representation of mux trees.
  Analyzing evaluation results.
Running muxtree optimizer on module $paramod$d051e689d5327a357ac2c918100372a7016c9475\cordic_stage..
  Creating internal representation of mux trees.
  Evaluating internal representation of mux trees.
  Analyzing evaluation results.
Running muxtree optimizer on module $paramod$126d84d701c2cc9a597647f943872c89fc0e0486\cordic_stage..
  Creating internal representation of mux trees.
  Evaluating internal representation of mux trees.
  Analyzing evaluation results.
Running muxtree optimizer on module $paramod$be7bec05f99528b83047c54b2c3b7ab2ac7f529f\cordic_stage..
  Creating internal representation of mux trees.
  Evaluating internal representation of mux trees.
  Analyzing evaluation results.
Running muxtree optimizer on module $paramod$b8db0999d09c2bf93070cea839ea649340d02004\cordic_stage..
  Creating internal representation of mux trees.
  Evaluating internal representation of mux trees.
  Analyzing evaluation results.
Running muxtree optimizer on module $paramod$c3982464bdd43885eb14a5af78baf7982db37425\cordic_stage..
  Creating internal representation of mux trees.
  Evaluating internal representation of mux trees.
  Analyzing evaluation results.
Running muxtree optimizer on module $paramod$1ceed3bff8837b34d0a66987aff5145c079c2fbd\cordic_stage..
  Creating internal representation of mux trees.
  Evaluating internal representation of mux trees.
  Analyzing evaluation results.
Running muxtree optimizer on module $paramod$a744cc0f1faffa6b4bad02f7493d97baee494aa9\cordic_stage..
  Creating internal representation of mux trees.
  Evaluating internal representation of mux trees.
  Analyzing evaluation results.
Running muxtree optimizer on module $paramod$4f7c2943c908f89b3241078e20d5e72df920ea4c\cordic_stage..
  Creating internal representation of mux trees.
  Evaluating internal representation of mux trees.
  Analyzing evaluation results.
Running muxtree optimizer on module $paramod$e0b39c4462fc09c778e150d1c789ca7fe160ca07\cordic_stage..
  Creating internal representation of mux trees.
  Evaluating internal representation of mux trees.
  Analyzing evaluation results.
Running muxtree optimizer on module $paramod$bfb04248936278b1df1155cdc757ddb460a8d245\cordic_stage..
  Creating internal representation of mux trees.
  Evaluating internal representation of mux trees.
  Analyzing evaluation results.
Running muxtree optimizer on module $paramod$13df4f4c9c1b261592c9a2486a54e334ba271a0d\cordic_stage..
  Creating internal representation of mux trees.
  Evaluating internal representation of mux trees.
  Analyzing evaluation results.
Running muxtree optimizer on module $paramod$92317b3f664a636e96e14bfabf5ac92fa5f616e0\cordic_stage..
  Creating internal representation of mux trees.
  Evaluating internal representation of mux trees.
  Analyzing evaluation results.
Running muxtree optimizer on module $paramod$1c78dad951792559821a28759880bf6605d5ac8b\cordic_stage..
  Creating internal representation of mux trees.
  Evaluating internal representation of mux trees.
  Analyzing evaluation results.
Running muxtree optimizer on module \siren_neuron..
  Creating internal representation of mux trees.
  No muxes found in this module.
Running muxtree optimizer on module \siren_act_unit..
  Creating internal representation of mux trees.
  No muxes found in this module.
Running muxtree optimizer on module $paramod$ab10e97098def7190bb8b712e42708d46e5dfde5\cordic_stage..
  Creating internal representation of mux trees.
  Evaluating internal representation of mux trees.
  Analyzing evaluation results.
Running muxtree optimizer on module \cordic_wrapper..
  Creating internal representation of mux trees.
  Evaluating internal representation of mux trees.
  Analyzing evaluation results.
Running muxtree optimizer on module \phase_folder..
  Creating internal representation of mux trees.
  No muxes found in this module.
Running muxtree optimizer on module \siren_scaler..
  Creating internal representation of mux trees.
  No muxes found in this module.
Running muxtree optimizer on module \mac_unit..
  Creating internal representation of mux trees.
  Evaluating internal representation of mux trees.
  Analyzing evaluation results.
Removed 0 multiplexer ports.
<suppressed ~104 debug messages>

11.14.11. Executing OPT_REDUCE pass (consolidate $*mux and $reduce_* inputs).
  Optimizing cells in module $paramod$fda4c52592ec151689e44937ab5af6abb2bbb4f7\cordic_stage.
  Optimizing cells in module $paramod$a64f440093fbb2a761ca462422596e7cf59060b9\cordic_stage.
  Optimizing cells in module $paramod$d051e689d5327a357ac2c918100372a7016c9475\cordic_stage.
  Optimizing cells in module $paramod$126d84d701c2cc9a597647f943872c89fc0e0486\cordic_stage.
  Optimizing cells in module $paramod$be7bec05f99528b83047c54b2c3b7ab2ac7f529f\cordic_stage.
  Optimizing cells in module $paramod$b8db0999d09c2bf93070cea839ea649340d02004\cordic_stage.
  Optimizing cells in module $paramod$c3982464bdd43885eb14a5af78baf7982db37425\cordic_stage.
  Optimizing cells in module $paramod$1ceed3bff8837b34d0a66987aff5145c079c2fbd\cordic_stage.
  Optimizing cells in module $paramod$a744cc0f1faffa6b4bad02f7493d97baee494aa9\cordic_stage.
  Optimizing cells in module $paramod$4f7c2943c908f89b3241078e20d5e72df920ea4c\cordic_stage.
  Optimizing cells in module $paramod$e0b39c4462fc09c778e150d1c789ca7fe160ca07\cordic_stage.
  Optimizing cells in module $paramod$bfb04248936278b1df1155cdc757ddb460a8d245\cordic_stage.
  Optimizing cells in module $paramod$13df4f4c9c1b261592c9a2486a54e334ba271a0d\cordic_stage.
  Optimizing cells in module $paramod$92317b3f664a636e96e14bfabf5ac92fa5f616e0\cordic_stage.
  Optimizing cells in module $paramod$1c78dad951792559821a28759880bf6605d5ac8b\cordic_stage.
  Optimizing cells in module \siren_neuron.
  Optimizing cells in module \siren_act_unit.
  Optimizing cells in module $paramod$ab10e97098def7190bb8b712e42708d46e5dfde5\cordic_stage.
  Optimizing cells in module \cordic_wrapper.
  Optimizing cells in module \phase_folder.
  Optimizing cells in module \siren_scaler.
  Optimizing cells in module \mac_unit.
Performed a total of 0 changes.

11.14.12. Executing OPT_MERGE pass (detect identical cells).
Finding identical cells in module `$paramod$fda4c52592ec151689e44937ab5af6abb2bbb4f7\cordic_stage'.
Computing hashes of 18 cells of `$paramod$fda4c52592ec151689e44937ab5af6abb2bbb4f7\cordic_stage'.
Finding duplicate cells in `$paramod$fda4c52592ec151689e44937ab5af6abb2bbb4f7\cordic_stage'.
Finding identical cells in module `$paramod$a64f440093fbb2a761ca462422596e7cf59060b9\cordic_stage'.
Computing hashes of 18 cells of `$paramod$a64f440093fbb2a761ca462422596e7cf59060b9\cordic_stage'.
Finding duplicate cells in `$paramod$a64f440093fbb2a761ca462422596e7cf59060b9\cordic_stage'.
Finding identical cells in module `$paramod$d051e689d5327a357ac2c918100372a7016c9475\cordic_stage'.
Computing hashes of 18 cells of `$paramod$d051e689d5327a357ac2c918100372a7016c9475\cordic_stage'.
Finding duplicate cells in `$paramod$d051e689d5327a357ac2c918100372a7016c9475\cordic_stage'.
Finding identical cells in module `$paramod$126d84d701c2cc9a597647f943872c89fc0e0486\cordic_stage'.
Computing hashes of 18 cells of `$paramod$126d84d701c2cc9a597647f943872c89fc0e0486\cordic_stage'.
Finding duplicate cells in `$paramod$126d84d701c2cc9a597647f943872c89fc0e0486\cordic_stage'.
Finding identical cells in module `$paramod$be7bec05f99528b83047c54b2c3b7ab2ac7f529f\cordic_stage'.
Computing hashes of 18 cells of `$paramod$be7bec05f99528b83047c54b2c3b7ab2ac7f529f\cordic_stage'.
Finding duplicate cells in `$paramod$be7bec05f99528b83047c54b2c3b7ab2ac7f529f\cordic_stage'.
Finding identical cells in module `$paramod$b8db0999d09c2bf93070cea839ea649340d02004\cordic_stage'.
Computing hashes of 18 cells of `$paramod$b8db0999d09c2bf93070cea839ea649340d02004\cordic_stage'.
Finding duplicate cells in `$paramod$b8db0999d09c2bf93070cea839ea649340d02004\cordic_stage'.
Finding identical cells in module `$paramod$c3982464bdd43885eb14a5af78baf7982db37425\cordic_stage'.
Computing hashes of 18 cells of `$paramod$c3982464bdd43885eb14a5af78baf7982db37425\cordic_stage'.
Finding duplicate cells in `$paramod$c3982464bdd43885eb14a5af78baf7982db37425\cordic_stage'.
Finding identical cells in module `$paramod$1ceed3bff8837b34d0a66987aff5145c079c2fbd\cordic_stage'.
Computing hashes of 18 cells of `$paramod$1ceed3bff8837b34d0a66987aff5145c079c2fbd\cordic_stage'.
Finding duplicate cells in `$paramod$1ceed3bff8837b34d0a66987aff5145c079c2fbd\cordic_stage'.
Finding identical cells in module `$paramod$a744cc0f1faffa6b4bad02f7493d97baee494aa9\cordic_stage'.
Computing hashes of 18 cells of `$paramod$a744cc0f1faffa6b4bad02f7493d97baee494aa9\cordic_stage'.
Finding duplicate cells in `$paramod$a744cc0f1faffa6b4bad02f7493d97baee494aa9\cordic_stage'.
Finding identical cells in module `$paramod$4f7c2943c908f89b3241078e20d5e72df920ea4c\cordic_stage'.
Computing hashes of 18 cells of `$paramod$4f7c2943c908f89b3241078e20d5e72df920ea4c\cordic_stage'.
Finding duplicate cells in `$paramod$4f7c2943c908f89b3241078e20d5e72df920ea4c\cordic_stage'.
Finding identical cells in module `$paramod$e0b39c4462fc09c778e150d1c789ca7fe160ca07\cordic_stage'.
Computing hashes of 18 cells of `$paramod$e0b39c4462fc09c778e150d1c789ca7fe160ca07\cordic_stage'.
Finding duplicate cells in `$paramod$e0b39c4462fc09c778e150d1c789ca7fe160ca07\cordic_stage'.
Finding identical cells in module `$paramod$bfb04248936278b1df1155cdc757ddb460a8d245\cordic_stage'.
Computing hashes of 18 cells of `$paramod$bfb04248936278b1df1155cdc757ddb460a8d245\cordic_stage'.
Finding duplicate cells in `$paramod$bfb04248936278b1df1155cdc757ddb460a8d245\cordic_stage'.
Finding identical cells in module `$paramod$13df4f4c9c1b261592c9a2486a54e334ba271a0d\cordic_stage'.
Computing hashes of 18 cells of `$paramod$13df4f4c9c1b261592c9a2486a54e334ba271a0d\cordic_stage'.
Finding duplicate cells in `$paramod$13df4f4c9c1b261592c9a2486a54e334ba271a0d\cordic_stage'.
Finding identical cells in module `$paramod$92317b3f664a636e96e14bfabf5ac92fa5f616e0\cordic_stage'.
Computing hashes of 18 cells of `$paramod$92317b3f664a636e96e14bfabf5ac92fa5f616e0\cordic_stage'.
Finding duplicate cells in `$paramod$92317b3f664a636e96e14bfabf5ac92fa5f616e0\cordic_stage'.
Finding identical cells in module `$paramod$1c78dad951792559821a28759880bf6605d5ac8b\cordic_stage'.
Computing hashes of 15 cells of `$paramod$1c78dad951792559821a28759880bf6605d5ac8b\cordic_stage'.
Finding duplicate cells in `$paramod$1c78dad951792559821a28759880bf6605d5ac8b\cordic_stage'.
Finding identical cells in module `\siren_neuron'.
Computing hashes of 3 cells of `\siren_neuron'.
Finding duplicate cells in `\siren_neuron'.
Finding identical cells in module `\siren_act_unit'.
Computing hashes of 2 cells of `\siren_act_unit'.
Finding duplicate cells in `\siren_act_unit'.
Finding identical cells in module `$paramod$ab10e97098def7190bb8b712e42708d46e5dfde5\cordic_stage'.
Computing hashes of 17 cells of `$paramod$ab10e97098def7190bb8b712e42708d46e5dfde5\cordic_stage'.
Finding duplicate cells in `$paramod$ab10e97098def7190bb8b712e42708d46e5dfde5\cordic_stage'.
Finding identical cells in module `\cordic_wrapper'.
Computing hashes of 18 cells of `\cordic_wrapper'.
Finding duplicate cells in `\cordic_wrapper'.
Finding identical cells in module `\phase_folder'.
Computing hashes of 2 cells of `\phase_folder'.
Finding duplicate cells in `\phase_folder'.
Finding identical cells in module `\siren_scaler'.
Computing hashes of 3 cells of `\siren_scaler'.
Finding duplicate cells in `\siren_scaler'.
Finding identical cells in module `\mac_unit'.
Computing hashes of 19 cells of `\mac_unit'.
Finding duplicate cells in `\mac_unit'.
Removed a total of 0 cells.

11.14.13. Executing OPT_DFF pass (perform DFF optimizations).

11.14.14. Executing OPT_CLEAN pass (remove unused cells and wires).
Finding unused cells or wires in module $paramod$fda4c52592ec151689e44937ab5af6abb2bbb4f7\cordic_stage..
Finding unused cells or wires in module $paramod$a64f440093fbb2a761ca462422596e7cf59060b9\cordic_stage..
Finding unused cells or wires in module $paramod$d051e689d5327a357ac2c918100372a7016c9475\cordic_stage..
Finding unused cells or wires in module $paramod$126d84d701c2cc9a597647f943872c89fc0e0486\cordic_stage..
Finding unused cells or wires in module $paramod$be7bec05f99528b83047c54b2c3b7ab2ac7f529f\cordic_stage..
Finding unused cells or wires in module $paramod$b8db0999d09c2bf93070cea839ea649340d02004\cordic_stage..
Finding unused cells or wires in module $paramod$c3982464bdd43885eb14a5af78baf7982db37425\cordic_stage..
Finding unused cells or wires in module $paramod$1ceed3bff8837b34d0a66987aff5145c079c2fbd\cordic_stage..
Finding unused cells or wires in module $paramod$a744cc0f1faffa6b4bad02f7493d97baee494aa9\cordic_stage..
Finding unused cells or wires in module $paramod$4f7c2943c908f89b3241078e20d5e72df920ea4c\cordic_stage..
Finding unused cells or wires in module $paramod$e0b39c4462fc09c778e150d1c789ca7fe160ca07\cordic_stage..
Finding unused cells or wires in module $paramod$bfb04248936278b1df1155cdc757ddb460a8d245\cordic_stage..
Finding unused cells or wires in module $paramod$13df4f4c9c1b261592c9a2486a54e334ba271a0d\cordic_stage..
Finding unused cells or wires in module $paramod$92317b3f664a636e96e14bfabf5ac92fa5f616e0\cordic_stage..
Finding unused cells or wires in module $paramod$1c78dad951792559821a28759880bf6605d5ac8b\cordic_stage..
Finding unused cells or wires in module \siren_neuron..
Finding unused cells or wires in module \siren_act_unit..
Finding unused cells or wires in module $paramod$ab10e97098def7190bb8b712e42708d46e5dfde5\cordic_stage..
Finding unused cells or wires in module \cordic_wrapper..
Finding unused cells or wires in module \phase_folder..
Finding unused cells or wires in module \siren_scaler..
Finding unused cells or wires in module \mac_unit..

11.14.15. Executing OPT_EXPR pass (perform const folding).
Optimizing module $paramod$fda4c52592ec151689e44937ab5af6abb2bbb4f7\cordic_stage.
Optimizing module $paramod$a64f440093fbb2a761ca462422596e7cf59060b9\cordic_stage.
Optimizing module $paramod$d051e689d5327a357ac2c918100372a7016c9475\cordic_stage.
Optimizing module $paramod$126d84d701c2cc9a597647f943872c89fc0e0486\cordic_stage.
Optimizing module $paramod$be7bec05f99528b83047c54b2c3b7ab2ac7f529f\cordic_stage.
Optimizing module $paramod$b8db0999d09c2bf93070cea839ea649340d02004\cordic_stage.
Optimizing module $paramod$c3982464bdd43885eb14a5af78baf7982db37425\cordic_stage.
Optimizing module $paramod$1ceed3bff8837b34d0a66987aff5145c079c2fbd\cordic_stage.
Optimizing module $paramod$a744cc0f1faffa6b4bad02f7493d97baee494aa9\cordic_stage.
Optimizing module $paramod$4f7c2943c908f89b3241078e20d5e72df920ea4c\cordic_stage.
Optimizing module $paramod$e0b39c4462fc09c778e150d1c789ca7fe160ca07\cordic_stage.
Optimizing module $paramod$bfb04248936278b1df1155cdc757ddb460a8d245\cordic_stage.
Optimizing module $paramod$13df4f4c9c1b261592c9a2486a54e334ba271a0d\cordic_stage.
Optimizing module $paramod$92317b3f664a636e96e14bfabf5ac92fa5f616e0\cordic_stage.
Optimizing module $paramod$1c78dad951792559821a28759880bf6605d5ac8b\cordic_stage.
Optimizing module siren_neuron.
Optimizing module siren_act_unit.
Optimizing module $paramod$ab10e97098def7190bb8b712e42708d46e5dfde5\cordic_stage.
Optimizing module cordic_wrapper.
Optimizing module phase_folder.
Optimizing module siren_scaler.
Optimizing module mac_unit.

11.14.16. Finished fast OPT passes. (There is nothing left to do.)

11.15. Executing MEMORY pass.

11.15.1. Executing OPT_MEM pass (optimize memories).
Performed a total of 0 transformations.

11.15.2. Executing OPT_MEM_PRIORITY pass (removing unnecessary memory write priority relations).
Performed a total of 0 transformations.

11.15.3. Executing OPT_MEM_FEEDBACK pass (finding memory read-to-write feedback paths).

11.15.4. Executing MEMORY_BMUX2ROM pass (converting muxes to ROMs).

11.15.5. Executing MEMORY_DFF pass (merging $dff cells to $memrd).

11.15.6. Executing OPT_CLEAN pass (remove unused cells and wires).
Finding unused cells or wires in module $paramod$fda4c52592ec151689e44937ab5af6abb2bbb4f7\cordic_stage..
Finding unused cells or wires in module $paramod$a64f440093fbb2a761ca462422596e7cf59060b9\cordic_stage..
Finding unused cells or wires in module $paramod$d051e689d5327a357ac2c918100372a7016c9475\cordic_stage..
Finding unused cells or wires in module $paramod$126d84d701c2cc9a597647f943872c89fc0e0486\cordic_stage..
Finding unused cells or wires in module $paramod$be7bec05f99528b83047c54b2c3b7ab2ac7f529f\cordic_stage..
Finding unused cells or wires in module $paramod$b8db0999d09c2bf93070cea839ea649340d02004\cordic_stage..
Finding unused cells or wires in module $paramod$c3982464bdd43885eb14a5af78baf7982db37425\cordic_stage..
Finding unused cells or wires in module $paramod$1ceed3bff8837b34d0a66987aff5145c079c2fbd\cordic_stage..
Finding unused cells or wires in module $paramod$a744cc0f1faffa6b4bad02f7493d97baee494aa9\cordic_stage..
Finding unused cells or wires in module $paramod$4f7c2943c908f89b3241078e20d5e72df920ea4c\cordic_stage..
Finding unused cells or wires in module $paramod$e0b39c4462fc09c778e150d1c789ca7fe160ca07\cordic_stage..
Finding unused cells or wires in module $paramod$bfb04248936278b1df1155cdc757ddb460a8d245\cordic_stage..
Finding unused cells or wires in module $paramod$13df4f4c9c1b261592c9a2486a54e334ba271a0d\cordic_stage..
Finding unused cells or wires in module $paramod$92317b3f664a636e96e14bfabf5ac92fa5f616e0\cordic_stage..
Finding unused cells or wires in module $paramod$1c78dad951792559821a28759880bf6605d5ac8b\cordic_stage..
Finding unused cells or wires in module \siren_neuron..
Finding unused cells or wires in module \siren_act_unit..
Finding unused cells or wires in module $paramod$ab10e97098def7190bb8b712e42708d46e5dfde5\cordic_stage..
Finding unused cells or wires in module \cordic_wrapper..
Finding unused cells or wires in module \phase_folder..
Finding unused cells or wires in module \siren_scaler..
Finding unused cells or wires in module \mac_unit..

11.15.7. Executing MEMORY_SHARE pass (consolidating $memrd/$memwr cells).

11.15.8. Executing OPT_MEM_WIDEN pass (optimize memories where all ports are wide).
Performed a total of 0 transformations.

11.15.9. Executing OPT_CLEAN pass (remove unused cells and wires).
Finding unused cells or wires in module $paramod$fda4c52592ec151689e44937ab5af6abb2bbb4f7\cordic_stage..
Finding unused cells or wires in module $paramod$a64f440093fbb2a761ca462422596e7cf59060b9\cordic_stage..
Finding unused cells or wires in module $paramod$d051e689d5327a357ac2c918100372a7016c9475\cordic_stage..
Finding unused cells or wires in module $paramod$126d84d701c2cc9a597647f943872c89fc0e0486\cordic_stage..
Finding unused cells or wires in module $paramod$be7bec05f99528b83047c54b2c3b7ab2ac7f529f\cordic_stage..
Finding unused cells or wires in module $paramod$b8db0999d09c2bf93070cea839ea649340d02004\cordic_stage..
Finding unused cells or wires in module $paramod$c3982464bdd43885eb14a5af78baf7982db37425\cordic_stage..
Finding unused cells or wires in module $paramod$1ceed3bff8837b34d0a66987aff5145c079c2fbd\cordic_stage..
Finding unused cells or wires in module $paramod$a744cc0f1faffa6b4bad02f7493d97baee494aa9\cordic_stage..
Finding unused cells or wires in module $paramod$4f7c2943c908f89b3241078e20d5e72df920ea4c\cordic_stage..
Finding unused cells or wires in module $paramod$e0b39c4462fc09c778e150d1c789ca7fe160ca07\cordic_stage..
Finding unused cells or wires in module $paramod$bfb04248936278b1df1155cdc757ddb460a8d245\cordic_stage..
Finding unused cells or wires in module $paramod$13df4f4c9c1b261592c9a2486a54e334ba271a0d\cordic_stage..
Finding unused cells or wires in module $paramod$92317b3f664a636e96e14bfabf5ac92fa5f616e0\cordic_stage..
Finding unused cells or wires in module $paramod$1c78dad951792559821a28759880bf6605d5ac8b\cordic_stage..
Finding unused cells or wires in module \siren_neuron..
Finding unused cells or wires in module \siren_act_unit..
Finding unused cells or wires in module $paramod$ab10e97098def7190bb8b712e42708d46e5dfde5\cordic_stage..
Finding unused cells or wires in module \cordic_wrapper..
Finding unused cells or wires in module \phase_folder..
Finding unused cells or wires in module \siren_scaler..
Finding unused cells or wires in module \mac_unit..

11.15.10. Executing MEMORY_COLLECT pass (generating $mem cells).

11.16. Executing OPT_CLEAN pass (remove unused cells and wires).
Finding unused cells or wires in module $paramod$fda4c52592ec151689e44937ab5af6abb2bbb4f7\cordic_stage..
Finding unused cells or wires in module $paramod$a64f440093fbb2a761ca462422596e7cf59060b9\cordic_stage..
Finding unused cells or wires in module $paramod$d051e689d5327a357ac2c918100372a7016c9475\cordic_stage..
Finding unused cells or wires in module $paramod$126d84d701c2cc9a597647f943872c89fc0e0486\cordic_stage..
Finding unused cells or wires in module $paramod$be7bec05f99528b83047c54b2c3b7ab2ac7f529f\cordic_stage..
Finding unused cells or wires in module $paramod$b8db0999d09c2bf93070cea839ea649340d02004\cordic_stage..
Finding unused cells or wires in module $paramod$c3982464bdd43885eb14a5af78baf7982db37425\cordic_stage..
Finding unused cells or wires in module $paramod$1ceed3bff8837b34d0a66987aff5145c079c2fbd\cordic_stage..
Finding unused cells or wires in module $paramod$a744cc0f1faffa6b4bad02f7493d97baee494aa9\cordic_stage..
Finding unused cells or wires in module $paramod$4f7c2943c908f89b3241078e20d5e72df920ea4c\cordic_stage..
Finding unused cells or wires in module $paramod$e0b39c4462fc09c778e150d1c789ca7fe160ca07\cordic_stage..
Finding unused cells or wires in module $paramod$bfb04248936278b1df1155cdc757ddb460a8d245\cordic_stage..
Finding unused cells or wires in module $paramod$13df4f4c9c1b261592c9a2486a54e334ba271a0d\cordic_stage..
Finding unused cells or wires in module $paramod$92317b3f664a636e96e14bfabf5ac92fa5f616e0\cordic_stage..
Finding unused cells or wires in module $paramod$1c78dad951792559821a28759880bf6605d5ac8b\cordic_stage..
Finding unused cells or wires in module \siren_neuron..
Finding unused cells or wires in module \siren_act_unit..
Finding unused cells or wires in module $paramod$ab10e97098def7190bb8b712e42708d46e5dfde5\cordic_stage..
Finding unused cells or wires in module \cordic_wrapper..
Finding unused cells or wires in module \phase_folder..
Finding unused cells or wires in module \siren_scaler..
Finding unused cells or wires in module \mac_unit..

11.17. Executing OPT pass (performing simple optimizations).

11.17.1. Executing OPT_EXPR pass (perform const folding).
Optimizing module $paramod$fda4c52592ec151689e44937ab5af6abb2bbb4f7\cordic_stage.
<suppressed ~2 debug messages>
Optimizing module $paramod$a64f440093fbb2a761ca462422596e7cf59060b9\cordic_stage.
Optimizing module $paramod$d051e689d5327a357ac2c918100372a7016c9475\cordic_stage.
Optimizing module $paramod$126d84d701c2cc9a597647f943872c89fc0e0486\cordic_stage.
Optimizing module $paramod$be7bec05f99528b83047c54b2c3b7ab2ac7f529f\cordic_stage.
<suppressed ~2 debug messages>
Optimizing module $paramod$b8db0999d09c2bf93070cea839ea649340d02004\cordic_stage.
Optimizing module $paramod$c3982464bdd43885eb14a5af78baf7982db37425\cordic_stage.
Optimizing module $paramod$1ceed3bff8837b34d0a66987aff5145c079c2fbd\cordic_stage.
Optimizing module $paramod$a744cc0f1faffa6b4bad02f7493d97baee494aa9\cordic_stage.
<suppressed ~2 debug messages>
Optimizing module $paramod$4f7c2943c908f89b3241078e20d5e72df920ea4c\cordic_stage.
<suppressed ~2 debug messages>
Optimizing module $paramod$e0b39c4462fc09c778e150d1c789ca7fe160ca07\cordic_stage.
Optimizing module $paramod$bfb04248936278b1df1155cdc757ddb460a8d245\cordic_stage.
Optimizing module $paramod$13df4f4c9c1b261592c9a2486a54e334ba271a0d\cordic_stage.
Optimizing module $paramod$92317b3f664a636e96e14bfabf5ac92fa5f616e0\cordic_stage.
Optimizing module $paramod$1c78dad951792559821a28759880bf6605d5ac8b\cordic_stage.
Optimizing module siren_neuron.
Optimizing module siren_act_unit.
Optimizing module $paramod$ab10e97098def7190bb8b712e42708d46e5dfde5\cordic_stage.
<suppressed ~2 debug messages>
Optimizing module cordic_wrapper.
Optimizing module phase_folder.
Optimizing module siren_scaler.
<suppressed ~2 debug messages>
Optimizing module mac_unit.
<suppressed ~2 debug messages>

11.17.2. Executing OPT_MERGE pass (detect identical cells).
Finding identical cells in module `$paramod$fda4c52592ec151689e44937ab5af6abb2bbb4f7\cordic_stage'.
Computing hashes of 20 cells of `$paramod$fda4c52592ec151689e44937ab5af6abb2bbb4f7\cordic_stage'.
Finding duplicate cells in `$paramod$fda4c52592ec151689e44937ab5af6abb2bbb4f7\cordic_stage'.
Finding identical cells in module `$paramod$a64f440093fbb2a761ca462422596e7cf59060b9\cordic_stage'.
Computing hashes of 18 cells of `$paramod$a64f440093fbb2a761ca462422596e7cf59060b9\cordic_stage'.
Finding duplicate cells in `$paramod$a64f440093fbb2a761ca462422596e7cf59060b9\cordic_stage'.
Finding identical cells in module `$paramod$d051e689d5327a357ac2c918100372a7016c9475\cordic_stage'.
Computing hashes of 18 cells of `$paramod$d051e689d5327a357ac2c918100372a7016c9475\cordic_stage'.
Finding duplicate cells in `$paramod$d051e689d5327a357ac2c918100372a7016c9475\cordic_stage'.
Finding identical cells in module `$paramod$126d84d701c2cc9a597647f943872c89fc0e0486\cordic_stage'.
Computing hashes of 18 cells of `$paramod$126d84d701c2cc9a597647f943872c89fc0e0486\cordic_stage'.
Finding duplicate cells in `$paramod$126d84d701c2cc9a597647f943872c89fc0e0486\cordic_stage'.
Finding identical cells in module `$paramod$be7bec05f99528b83047c54b2c3b7ab2ac7f529f\cordic_stage'.
Computing hashes of 19 cells of `$paramod$be7bec05f99528b83047c54b2c3b7ab2ac7f529f\cordic_stage'.
Finding duplicate cells in `$paramod$be7bec05f99528b83047c54b2c3b7ab2ac7f529f\cordic_stage'.
Finding identical cells in module `$paramod$b8db0999d09c2bf93070cea839ea649340d02004\cordic_stage'.
Computing hashes of 18 cells of `$paramod$b8db0999d09c2bf93070cea839ea649340d02004\cordic_stage'.
Finding duplicate cells in `$paramod$b8db0999d09c2bf93070cea839ea649340d02004\cordic_stage'.
Finding identical cells in module `$paramod$c3982464bdd43885eb14a5af78baf7982db37425\cordic_stage'.
Computing hashes of 18 cells of `$paramod$c3982464bdd43885eb14a5af78baf7982db37425\cordic_stage'.
Finding duplicate cells in `$paramod$c3982464bdd43885eb14a5af78baf7982db37425\cordic_stage'.
Finding identical cells in module `$paramod$1ceed3bff8837b34d0a66987aff5145c079c2fbd\cordic_stage'.
Computing hashes of 18 cells of `$paramod$1ceed3bff8837b34d0a66987aff5145c079c2fbd\cordic_stage'.
Finding duplicate cells in `$paramod$1ceed3bff8837b34d0a66987aff5145c079c2fbd\cordic_stage'.
Finding identical cells in module `$paramod$a744cc0f1faffa6b4bad02f7493d97baee494aa9\cordic_stage'.
Computing hashes of 20 cells of `$paramod$a744cc0f1faffa6b4bad02f7493d97baee494aa9\cordic_stage'.
Finding duplicate cells in `$paramod$a744cc0f1faffa6b4bad02f7493d97baee494aa9\cordic_stage'.
Finding identical cells in module `$paramod$4f7c2943c908f89b3241078e20d5e72df920ea4c\cordic_stage'.
Computing hashes of 19 cells of `$paramod$4f7c2943c908f89b3241078e20d5e72df920ea4c\cordic_stage'.
Finding duplicate cells in `$paramod$4f7c2943c908f89b3241078e20d5e72df920ea4c\cordic_stage'.
Finding identical cells in module `$paramod$e0b39c4462fc09c778e150d1c789ca7fe160ca07\cordic_stage'.
Computing hashes of 18 cells of `$paramod$e0b39c4462fc09c778e150d1c789ca7fe160ca07\cordic_stage'.
Finding duplicate cells in `$paramod$e0b39c4462fc09c778e150d1c789ca7fe160ca07\cordic_stage'.
Finding identical cells in module `$paramod$bfb04248936278b1df1155cdc757ddb460a8d245\cordic_stage'.
Computing hashes of 18 cells of `$paramod$bfb04248936278b1df1155cdc757ddb460a8d245\cordic_stage'.
Finding duplicate cells in `$paramod$bfb04248936278b1df1155cdc757ddb460a8d245\cordic_stage'.
Finding identical cells in module `$paramod$13df4f4c9c1b261592c9a2486a54e334ba271a0d\cordic_stage'.
Computing hashes of 18 cells of `$paramod$13df4f4c9c1b261592c9a2486a54e334ba271a0d\cordic_stage'.
Finding duplicate cells in `$paramod$13df4f4c9c1b261592c9a2486a54e334ba271a0d\cordic_stage'.
Finding identical cells in module `$paramod$92317b3f664a636e96e14bfabf5ac92fa5f616e0\cordic_stage'.
Computing hashes of 18 cells of `$paramod$92317b3f664a636e96e14bfabf5ac92fa5f616e0\cordic_stage'.
Finding duplicate cells in `$paramod$92317b3f664a636e96e14bfabf5ac92fa5f616e0\cordic_stage'.
Finding identical cells in module `$paramod$1c78dad951792559821a28759880bf6605d5ac8b\cordic_stage'.
Computing hashes of 15 cells of `$paramod$1c78dad951792559821a28759880bf6605d5ac8b\cordic_stage'.
Finding duplicate cells in `$paramod$1c78dad951792559821a28759880bf6605d5ac8b\cordic_stage'.
Finding identical cells in module `\siren_neuron'.
Computing hashes of 3 cells of `\siren_neuron'.
Finding duplicate cells in `\siren_neuron'.
Finding identical cells in module `\siren_act_unit'.
Computing hashes of 2 cells of `\siren_act_unit'.
Finding duplicate cells in `\siren_act_unit'.
Finding identical cells in module `$paramod$ab10e97098def7190bb8b712e42708d46e5dfde5\cordic_stage'.
Computing hashes of 30 cells of `$paramod$ab10e97098def7190bb8b712e42708d46e5dfde5\cordic_stage'.
Finding duplicate cells in `$paramod$ab10e97098def7190bb8b712e42708d46e5dfde5\cordic_stage'.
Finding identical cells in module `\cordic_wrapper'.
Computing hashes of 18 cells of `\cordic_wrapper'.
Finding duplicate cells in `\cordic_wrapper'.
Finding identical cells in module `\phase_folder'.
Computing hashes of 2 cells of `\phase_folder'.
Finding duplicate cells in `\phase_folder'.
Finding identical cells in module `\siren_scaler'.
Computing hashes of 3 cells of `\siren_scaler'.
Finding duplicate cells in `\siren_scaler'.
Finding identical cells in module `\mac_unit'.
Computing hashes of 33 cells of `\mac_unit'.
Finding duplicate cells in `\mac_unit'.
Removed a total of 0 cells.

11.17.3. Executing OPT_DFF pass (perform DFF optimizations).

11.17.4. Executing OPT_CLEAN pass (remove unused cells and wires).
Finding unused cells or wires in module $paramod$fda4c52592ec151689e44937ab5af6abb2bbb4f7\cordic_stage..
Finding unused cells or wires in module $paramod$a64f440093fbb2a761ca462422596e7cf59060b9\cordic_stage..
Finding unused cells or wires in module $paramod$d051e689d5327a357ac2c918100372a7016c9475\cordic_stage..
Finding unused cells or wires in module $paramod$126d84d701c2cc9a597647f943872c89fc0e0486\cordic_stage..
Finding unused cells or wires in module $paramod$be7bec05f99528b83047c54b2c3b7ab2ac7f529f\cordic_stage..
Finding unused cells or wires in module $paramod$b8db0999d09c2bf93070cea839ea649340d02004\cordic_stage..
Finding unused cells or wires in module $paramod$c3982464bdd43885eb14a5af78baf7982db37425\cordic_stage..
Finding unused cells or wires in module $paramod$1ceed3bff8837b34d0a66987aff5145c079c2fbd\cordic_stage..
Finding unused cells or wires in module $paramod$a744cc0f1faffa6b4bad02f7493d97baee494aa9\cordic_stage..
Finding unused cells or wires in module $paramod$4f7c2943c908f89b3241078e20d5e72df920ea4c\cordic_stage..
Finding unused cells or wires in module $paramod$e0b39c4462fc09c778e150d1c789ca7fe160ca07\cordic_stage..
Finding unused cells or wires in module $paramod$bfb04248936278b1df1155cdc757ddb460a8d245\cordic_stage..
Finding unused cells or wires in module $paramod$13df4f4c9c1b261592c9a2486a54e334ba271a0d\cordic_stage..
Finding unused cells or wires in module $paramod$92317b3f664a636e96e14bfabf5ac92fa5f616e0\cordic_stage..
Finding unused cells or wires in module $paramod$1c78dad951792559821a28759880bf6605d5ac8b\cordic_stage..
Finding unused cells or wires in module \siren_neuron..
Finding unused cells or wires in module \siren_act_unit..
Finding unused cells or wires in module $paramod$ab10e97098def7190bb8b712e42708d46e5dfde5\cordic_stage..
Finding unused cells or wires in module \cordic_wrapper..
Finding unused cells or wires in module \phase_folder..
Finding unused cells or wires in module \siren_scaler..
Finding unused cells or wires in module \mac_unit..
Removed 34 unused cells and 36 unused wires.
<suppressed ~41 debug messages>

11.17.5. Finished fast OPT passes.

11.18. Executing MEMORY_MAP pass (converting memories to logic and flip-flops).

11.19. Executing OPT pass (performing simple optimizations).

11.19.1. Executing OPT_EXPR pass (perform const folding).
Optimizing module $paramod$fda4c52592ec151689e44937ab5af6abb2bbb4f7\cordic_stage.
Optimizing module $paramod$a64f440093fbb2a761ca462422596e7cf59060b9\cordic_stage.
Optimizing module $paramod$d051e689d5327a357ac2c918100372a7016c9475\cordic_stage.
Optimizing module $paramod$126d84d701c2cc9a597647f943872c89fc0e0486\cordic_stage.
Optimizing module $paramod$be7bec05f99528b83047c54b2c3b7ab2ac7f529f\cordic_stage.
Optimizing module $paramod$b8db0999d09c2bf93070cea839ea649340d02004\cordic_stage.
Optimizing module $paramod$c3982464bdd43885eb14a5af78baf7982db37425\cordic_stage.
Optimizing module $paramod$1ceed3bff8837b34d0a66987aff5145c079c2fbd\cordic_stage.
Optimizing module $paramod$a744cc0f1faffa6b4bad02f7493d97baee494aa9\cordic_stage.
Optimizing module $paramod$4f7c2943c908f89b3241078e20d5e72df920ea4c\cordic_stage.
Optimizing module $paramod$e0b39c4462fc09c778e150d1c789ca7fe160ca07\cordic_stage.
Optimizing module $paramod$bfb04248936278b1df1155cdc757ddb460a8d245\cordic_stage.
Optimizing module $paramod$13df4f4c9c1b261592c9a2486a54e334ba271a0d\cordic_stage.
Optimizing module $paramod$92317b3f664a636e96e14bfabf5ac92fa5f616e0\cordic_stage.
Optimizing module $paramod$1c78dad951792559821a28759880bf6605d5ac8b\cordic_stage.
Optimizing module siren_neuron.
Optimizing module siren_act_unit.
Optimizing module $paramod$ab10e97098def7190bb8b712e42708d46e5dfde5\cordic_stage.
Optimizing module cordic_wrapper.
Optimizing module phase_folder.
Optimizing module siren_scaler.
Optimizing module mac_unit.

11.19.2. Executing OPT_MERGE pass (detect identical cells).
Finding identical cells in module `$paramod$fda4c52592ec151689e44937ab5af6abb2bbb4f7\cordic_stage'.
Computing hashes of 18 cells of `$paramod$fda4c52592ec151689e44937ab5af6abb2bbb4f7\cordic_stage'.
Finding duplicate cells in `$paramod$fda4c52592ec151689e44937ab5af6abb2bbb4f7\cordic_stage'.
Finding identical cells in module `$paramod$a64f440093fbb2a761ca462422596e7cf59060b9\cordic_stage'.
Computing hashes of 18 cells of `$paramod$a64f440093fbb2a761ca462422596e7cf59060b9\cordic_stage'.
Finding duplicate cells in `$paramod$a64f440093fbb2a761ca462422596e7cf59060b9\cordic_stage'.
Finding identical cells in module `$paramod$d051e689d5327a357ac2c918100372a7016c9475\cordic_stage'.
Computing hashes of 18 cells of `$paramod$d051e689d5327a357ac2c918100372a7016c9475\cordic_stage'.
Finding duplicate cells in `$paramod$d051e689d5327a357ac2c918100372a7016c9475\cordic_stage'.
Finding identical cells in module `$paramod$126d84d701c2cc9a597647f943872c89fc0e0486\cordic_stage'.
Computing hashes of 18 cells of `$paramod$126d84d701c2cc9a597647f943872c89fc0e0486\cordic_stage'.
Finding duplicate cells in `$paramod$126d84d701c2cc9a597647f943872c89fc0e0486\cordic_stage'.
Finding identical cells in module `$paramod$be7bec05f99528b83047c54b2c3b7ab2ac7f529f\cordic_stage'.
Computing hashes of 18 cells of `$paramod$be7bec05f99528b83047c54b2c3b7ab2ac7f529f\cordic_stage'.
Finding duplicate cells in `$paramod$be7bec05f99528b83047c54b2c3b7ab2ac7f529f\cordic_stage'.
Finding identical cells in module `$paramod$b8db0999d09c2bf93070cea839ea649340d02004\cordic_stage'.
Computing hashes of 18 cells of `$paramod$b8db0999d09c2bf93070cea839ea649340d02004\cordic_stage'.
Finding duplicate cells in `$paramod$b8db0999d09c2bf93070cea839ea649340d02004\cordic_stage'.
Finding identical cells in module `$paramod$c3982464bdd43885eb14a5af78baf7982db37425\cordic_stage'.
Computing hashes of 18 cells of `$paramod$c3982464bdd43885eb14a5af78baf7982db37425\cordic_stage'.
Finding duplicate cells in `$paramod$c3982464bdd43885eb14a5af78baf7982db37425\cordic_stage'.
Finding identical cells in module `$paramod$1ceed3bff8837b34d0a66987aff5145c079c2fbd\cordic_stage'.
Computing hashes of 18 cells of `$paramod$1ceed3bff8837b34d0a66987aff5145c079c2fbd\cordic_stage'.
Finding duplicate cells in `$paramod$1ceed3bff8837b34d0a66987aff5145c079c2fbd\cordic_stage'.
Finding identical cells in module `$paramod$a744cc0f1faffa6b4bad02f7493d97baee494aa9\cordic_stage'.
Computing hashes of 18 cells of `$paramod$a744cc0f1faffa6b4bad02f7493d97baee494aa9\cordic_stage'.
Finding duplicate cells in `$paramod$a744cc0f1faffa6b4bad02f7493d97baee494aa9\cordic_stage'.
Finding identical cells in module `$paramod$4f7c2943c908f89b3241078e20d5e72df920ea4c\cordic_stage'.
Computing hashes of 18 cells of `$paramod$4f7c2943c908f89b3241078e20d5e72df920ea4c\cordic_stage'.
Finding duplicate cells in `$paramod$4f7c2943c908f89b3241078e20d5e72df920ea4c\cordic_stage'.
Finding identical cells in module `$paramod$e0b39c4462fc09c778e150d1c789ca7fe160ca07\cordic_stage'.
Computing hashes of 18 cells of `$paramod$e0b39c4462fc09c778e150d1c789ca7fe160ca07\cordic_stage'.
Finding duplicate cells in `$paramod$e0b39c4462fc09c778e150d1c789ca7fe160ca07\cordic_stage'.
Finding identical cells in module `$paramod$bfb04248936278b1df1155cdc757ddb460a8d245\cordic_stage'.
Computing hashes of 18 cells of `$paramod$bfb04248936278b1df1155cdc757ddb460a8d245\cordic_stage'.
Finding duplicate cells in `$paramod$bfb04248936278b1df1155cdc757ddb460a8d245\cordic_stage'.
Finding identical cells in module `$paramod$13df4f4c9c1b261592c9a2486a54e334ba271a0d\cordic_stage'.
Computing hashes of 18 cells of `$paramod$13df4f4c9c1b261592c9a2486a54e334ba271a0d\cordic_stage'.
Finding duplicate cells in `$paramod$13df4f4c9c1b261592c9a2486a54e334ba271a0d\cordic_stage'.
Finding identical cells in module `$paramod$92317b3f664a636e96e14bfabf5ac92fa5f616e0\cordic_stage'.
Computing hashes of 18 cells of `$paramod$92317b3f664a636e96e14bfabf5ac92fa5f616e0\cordic_stage'.
Finding duplicate cells in `$paramod$92317b3f664a636e96e14bfabf5ac92fa5f616e0\cordic_stage'.
Finding identical cells in module `$paramod$1c78dad951792559821a28759880bf6605d5ac8b\cordic_stage'.
Computing hashes of 15 cells of `$paramod$1c78dad951792559821a28759880bf6605d5ac8b\cordic_stage'.
Finding duplicate cells in `$paramod$1c78dad951792559821a28759880bf6605d5ac8b\cordic_stage'.
Finding identical cells in module `\siren_neuron'.
Computing hashes of 3 cells of `\siren_neuron'.
Finding duplicate cells in `\siren_neuron'.
Finding identical cells in module `\siren_act_unit'.
Computing hashes of 2 cells of `\siren_act_unit'.
Finding duplicate cells in `\siren_act_unit'.
Finding identical cells in module `$paramod$ab10e97098def7190bb8b712e42708d46e5dfde5\cordic_stage'.
Computing hashes of 17 cells of `$paramod$ab10e97098def7190bb8b712e42708d46e5dfde5\cordic_stage'.
Finding duplicate cells in `$paramod$ab10e97098def7190bb8b712e42708d46e5dfde5\cordic_stage'.
Finding identical cells in module `\cordic_wrapper'.
Computing hashes of 18 cells of `\cordic_wrapper'.
Finding duplicate cells in `\cordic_wrapper'.
Finding identical cells in module `\phase_folder'.
Computing hashes of 2 cells of `\phase_folder'.
Finding duplicate cells in `\phase_folder'.
Finding identical cells in module `\siren_scaler'.
Computing hashes of 3 cells of `\siren_scaler'.
Finding duplicate cells in `\siren_scaler'.
Finding identical cells in module `\mac_unit'.
Computing hashes of 18 cells of `\mac_unit'.
Finding duplicate cells in `\mac_unit'.
Removed a total of 0 cells.

11.19.3. Executing OPT_MUXTREE pass (detect dead branches in mux trees).
Running muxtree optimizer on module $paramod$fda4c52592ec151689e44937ab5af6abb2bbb4f7\cordic_stage..
  Creating internal representation of mux trees.
  Evaluating internal representation of mux trees.
  Analyzing evaluation results.
Running muxtree optimizer on module $paramod$a64f440093fbb2a761ca462422596e7cf59060b9\cordic_stage..
  Creating internal representation of mux trees.
  Evaluating internal representation of mux trees.
  Analyzing evaluation results.
Running muxtree optimizer on module $paramod$d051e689d5327a357ac2c918100372a7016c9475\cordic_stage..
  Creating internal representation of mux trees.
  Evaluating internal representation of mux trees.
  Analyzing evaluation results.
Running muxtree optimizer on module $paramod$126d84d701c2cc9a597647f943872c89fc0e0486\cordic_stage..
  Creating internal representation of mux trees.
  Evaluating internal representation of mux trees.
  Analyzing evaluation results.
Running muxtree optimizer on module $paramod$be7bec05f99528b83047c54b2c3b7ab2ac7f529f\cordic_stage..
  Creating internal representation of mux trees.
  Evaluating internal representation of mux trees.
  Analyzing evaluation results.
Running muxtree optimizer on module $paramod$b8db0999d09c2bf93070cea839ea649340d02004\cordic_stage..
  Creating internal representation of mux trees.
  Evaluating internal representation of mux trees.
  Analyzing evaluation results.
Running muxtree optimizer on module $paramod$c3982464bdd43885eb14a5af78baf7982db37425\cordic_stage..
  Creating internal representation of mux trees.
  Evaluating internal representation of mux trees.
  Analyzing evaluation results.
Running muxtree optimizer on module $paramod$1ceed3bff8837b34d0a66987aff5145c079c2fbd\cordic_stage..
  Creating internal representation of mux trees.
  Evaluating internal representation of mux trees.
  Analyzing evaluation results.
Running muxtree optimizer on module $paramod$a744cc0f1faffa6b4bad02f7493d97baee494aa9\cordic_stage..
  Creating internal representation of mux trees.
  Evaluating internal representation of mux trees.
  Analyzing evaluation results.
Running muxtree optimizer on module $paramod$4f7c2943c908f89b3241078e20d5e72df920ea4c\cordic_stage..
  Creating internal representation of mux trees.
  Evaluating internal representation of mux trees.
  Analyzing evaluation results.
Running muxtree optimizer on module $paramod$e0b39c4462fc09c778e150d1c789ca7fe160ca07\cordic_stage..
  Creating internal representation of mux trees.
  Evaluating internal representation of mux trees.
  Analyzing evaluation results.
Running muxtree optimizer on module $paramod$bfb04248936278b1df1155cdc757ddb460a8d245\cordic_stage..
  Creating internal representation of mux trees.
  Evaluating internal representation of mux trees.
  Analyzing evaluation results.
Running muxtree optimizer on module $paramod$13df4f4c9c1b261592c9a2486a54e334ba271a0d\cordic_stage..
  Creating internal representation of mux trees.
  Evaluating internal representation of mux trees.
  Analyzing evaluation results.
Running muxtree optimizer on module $paramod$92317b3f664a636e96e14bfabf5ac92fa5f616e0\cordic_stage..
  Creating internal representation of mux trees.
  Evaluating internal representation of mux trees.
  Analyzing evaluation results.
Running muxtree optimizer on module $paramod$1c78dad951792559821a28759880bf6605d5ac8b\cordic_stage..
  Creating internal representation of mux trees.
  Evaluating internal representation of mux trees.
  Analyzing evaluation results.
Running muxtree optimizer on module \siren_neuron..
  Creating internal representation of mux trees.
  No muxes found in this module.
Running muxtree optimizer on module \siren_act_unit..
  Creating internal representation of mux trees.
  No muxes found in this module.
Running muxtree optimizer on module $paramod$ab10e97098def7190bb8b712e42708d46e5dfde5\cordic_stage..
  Creating internal representation of mux trees.
  Evaluating internal representation of mux trees.
  Analyzing evaluation results.
Running muxtree optimizer on module \cordic_wrapper..
  Creating internal representation of mux trees.
  Evaluating internal representation of mux trees.
  Analyzing evaluation results.
Running muxtree optimizer on module \phase_folder..
  Creating internal representation of mux trees.
  No muxes found in this module.
Running muxtree optimizer on module \siren_scaler..
  Creating internal representation of mux trees.
  No muxes found in this module.
Running muxtree optimizer on module \mac_unit..
  Creating internal representation of mux trees.
  Evaluating internal representation of mux trees.
  Analyzing evaluation results.
Removed 0 multiplexer ports.
<suppressed ~103 debug messages>

11.19.4. Executing OPT_REDUCE pass (consolidate $*mux and $reduce_* inputs).
  Optimizing cells in module $paramod$fda4c52592ec151689e44937ab5af6abb2bbb4f7\cordic_stage.
    Consolidated identical input bits for $mux cell $procmux$434:
      Old ports: A={ $add$cordic_stage.sv:44$220_Y [15:2] \z_in [1:0] }, B={ $sub$cordic_stage.sv:39$217_Y [15:2] \z_in [1:0] }, Y=$procmux$434_Y
      New ports: A=$add$cordic_stage.sv:44$220_Y [15:2], B=$sub$cordic_stage.sv:39$217_Y [15:2], Y=$procmux$434_Y [15:2]
      New connections: $procmux$434_Y [1:0] = \z_in [1:0]
  Optimizing cells in module $paramod$fda4c52592ec151689e44937ab5af6abb2bbb4f7\cordic_stage.
  Optimizing cells in module $paramod$a64f440093fbb2a761ca462422596e7cf59060b9\cordic_stage.
  Optimizing cells in module $paramod$d051e689d5327a357ac2c918100372a7016c9475\cordic_stage.
  Optimizing cells in module $paramod$126d84d701c2cc9a597647f943872c89fc0e0486\cordic_stage.
  Optimizing cells in module $paramod$be7bec05f99528b83047c54b2c3b7ab2ac7f529f\cordic_stage.
    Consolidated identical input bits for $mux cell $procmux$494:
      Old ports: A={ $add$cordic_stage.sv:44$172_Y [15:1] \z_in [0] }, B={ $sub$cordic_stage.sv:39$169_Y [15:1] \z_in [0] }, Y=$procmux$494_Y
      New ports: A=$add$cordic_stage.sv:44$172_Y [15:1], B=$sub$cordic_stage.sv:39$169_Y [15:1], Y=$procmux$494_Y [15:1]
      New connections: $procmux$494_Y [0] = \z_in [0]
  Optimizing cells in module $paramod$be7bec05f99528b83047c54b2c3b7ab2ac7f529f\cordic_stage.
  Optimizing cells in module $paramod$b8db0999d09c2bf93070cea839ea649340d02004\cordic_stage.
  Optimizing cells in module $paramod$c3982464bdd43885eb14a5af78baf7982db37425\cordic_stage.
  Optimizing cells in module $paramod$1ceed3bff8837b34d0a66987aff5145c079c2fbd\cordic_stage.
  Optimizing cells in module $paramod$a744cc0f1faffa6b4bad02f7493d97baee494aa9\cordic_stage.
    Consolidated identical input bits for $mux cell $procmux$554:
      Old ports: A={ $add$cordic_stage.sv:44$124_Y [15:2] \z_in [1:0] }, B={ $sub$cordic_stage.sv:39$121_Y [15:2] \z_in [1:0] }, Y=$procmux$554_Y
      New ports: A=$add$cordic_stage.sv:44$124_Y [15:2], B=$sub$cordic_stage.sv:39$121_Y [15:2], Y=$procmux$554_Y [15:2]
      New connections: $procmux$554_Y [1:0] = \z_in [1:0]
  Optimizing cells in module $paramod$a744cc0f1faffa6b4bad02f7493d97baee494aa9\cordic_stage.
  Optimizing cells in module $paramod$4f7c2943c908f89b3241078e20d5e72df920ea4c\cordic_stage.
    Consolidated identical input bits for $mux cell $procmux$569:
      Old ports: A={ $add$cordic_stage.sv:44$112_Y [15:1] \z_in [0] }, B={ $sub$cordic_stage.sv:39$109_Y [15:1] \z_in [0] }, Y=$procmux$569_Y
      New ports: A=$add$cordic_stage.sv:44$112_Y [15:1], B=$sub$cordic_stage.sv:39$109_Y [15:1], Y=$procmux$569_Y [15:1]
      New connections: $procmux$569_Y [0] = \z_in [0]
  Optimizing cells in module $paramod$4f7c2943c908f89b3241078e20d5e72df920ea4c\cordic_stage.
  Optimizing cells in module $paramod$e0b39c4462fc09c778e150d1c789ca7fe160ca07\cordic_stage.
  Optimizing cells in module $paramod$bfb04248936278b1df1155cdc757ddb460a8d245\cordic_stage.
  Optimizing cells in module $paramod$13df4f4c9c1b261592c9a2486a54e334ba271a0d\cordic_stage.
  Optimizing cells in module $paramod$92317b3f664a636e96e14bfabf5ac92fa5f616e0\cordic_stage.
  Optimizing cells in module $paramod$1c78dad951792559821a28759880bf6605d5ac8b\cordic_stage.
  Optimizing cells in module \siren_neuron.
  Optimizing cells in module \siren_act_unit.
  Optimizing cells in module $paramod$ab10e97098def7190bb8b712e42708d46e5dfde5\cordic_stage.
    Consolidated identical input bits for $mux cell $procmux$659:
      Old ports: A={ $add$cordic_stage.sv:44$232_Y [15:13] \z_in [12:0] }, B={ $sub$cordic_stage.sv:39$229_Y [15:13] \z_in [12:0] }, Y=$procmux$659_Y
      New ports: A=$add$cordic_stage.sv:44$232_Y [15:13], B=$sub$cordic_stage.sv:39$229_Y [15:13], Y=$procmux$659_Y [15:13]
      New connections: $procmux$659_Y [12:0] = \z_in [12:0]
  Optimizing cells in module $paramod$ab10e97098def7190bb8b712e42708d46e5dfde5\cordic_stage.
  Optimizing cells in module \cordic_wrapper.
    Consolidated identical input bits for $mux cell $ternary$cordic_wrapper.sv:34$363:
      Old ports: A={ \x_pipe[16] [15] \x_pipe[16] [15] \x_pipe[16] [15] \x_pipe[16] [15:3] }, B=16'0001000000000000, Y=\cos_out
      New ports: A={ \x_pipe[16] [15] \x_pipe[16] [15:3] }, B=14'01000000000000, Y=\cos_out [13:0]
      New connections: \cos_out [15:14] = { \cos_out [13] \cos_out [13] }
  Optimizing cells in module \cordic_wrapper.
  Optimizing cells in module \phase_folder.
  Optimizing cells in module \siren_scaler.
  Optimizing cells in module \mac_unit.
    Consolidated identical input bits for $mux cell $procmux$692:
      Old ports: A={ $add$mac_unit.sv:25$6_Y [20] $add$mac_unit.sv:25$6_Y [20] $add$mac_unit.sv:25$6_Y [20] $add$mac_unit.sv:25$6_Y [20] $add$mac_unit.sv:25$6_Y [20] $add$mac_unit.sv:25$6_Y [20] $add$mac_unit.sv:25$6_Y [20] $add$mac_unit.sv:25$6_Y [20] $add$mac_unit.sv:25$6_Y [20] $add$mac_unit.sv:25$6_Y [20] $add$mac_unit.sv:25$6_Y [20] $add$mac_unit.sv:25$6_Y [20] $add$mac_unit.sv:25$6_Y [20:0] }, B={ $add$mac_unit.sv:22$5_Y [20] $add$mac_unit.sv:22$5_Y [20] $add$mac_unit.sv:22$5_Y [20] $add$mac_unit.sv:22$5_Y [20] $add$mac_unit.sv:22$5_Y [20] $add$mac_unit.sv:22$5_Y [20] $add$mac_unit.sv:22$5_Y [20] $add$mac_unit.sv:22$5_Y [20] $add$mac_unit.sv:22$5_Y [20] $add$mac_unit.sv:22$5_Y [20] $add$mac_unit.sv:22$5_Y [20] $add$mac_unit.sv:22$5_Y [20] $add$mac_unit.sv:22$5_Y [20:0] }, Y=\add_out
      New ports: A=$add$mac_unit.sv:25$6_Y [20:0], B=$add$mac_unit.sv:22$5_Y [20:0], Y=\add_out [20:0]
      New connections: \add_out [32:21] = { \add_out [20] \add_out [20] \add_out [20] \add_out [20] \add_out [20] \add_out [20] \add_out [20] \add_out [20] \add_out [20] \add_out [20] \add_out [20] \add_out [20] }
  Optimizing cells in module \mac_unit.
Performed a total of 7 changes.

11.19.5. Executing OPT_MERGE pass (detect identical cells).
Finding identical cells in module `$paramod$fda4c52592ec151689e44937ab5af6abb2bbb4f7\cordic_stage'.
Computing hashes of 18 cells of `$paramod$fda4c52592ec151689e44937ab5af6abb2bbb4f7\cordic_stage'.
Finding duplicate cells in `$paramod$fda4c52592ec151689e44937ab5af6abb2bbb4f7\cordic_stage'.
Finding identical cells in module `$paramod$a64f440093fbb2a761ca462422596e7cf59060b9\cordic_stage'.
Computing hashes of 18 cells of `$paramod$a64f440093fbb2a761ca462422596e7cf59060b9\cordic_stage'.
Finding duplicate cells in `$paramod$a64f440093fbb2a761ca462422596e7cf59060b9\cordic_stage'.
Finding identical cells in module `$paramod$d051e689d5327a357ac2c918100372a7016c9475\cordic_stage'.
Computing hashes of 18 cells of `$paramod$d051e689d5327a357ac2c918100372a7016c9475\cordic_stage'.
Finding duplicate cells in `$paramod$d051e689d5327a357ac2c918100372a7016c9475\cordic_stage'.
Finding identical cells in module `$paramod$126d84d701c2cc9a597647f943872c89fc0e0486\cordic_stage'.
Computing hashes of 18 cells of `$paramod$126d84d701c2cc9a597647f943872c89fc0e0486\cordic_stage'.
Finding duplicate cells in `$paramod$126d84d701c2cc9a597647f943872c89fc0e0486\cordic_stage'.
Finding identical cells in module `$paramod$be7bec05f99528b83047c54b2c3b7ab2ac7f529f\cordic_stage'.
Computing hashes of 18 cells of `$paramod$be7bec05f99528b83047c54b2c3b7ab2ac7f529f\cordic_stage'.
Finding duplicate cells in `$paramod$be7bec05f99528b83047c54b2c3b7ab2ac7f529f\cordic_stage'.
Finding identical cells in module `$paramod$b8db0999d09c2bf93070cea839ea649340d02004\cordic_stage'.
Computing hashes of 18 cells of `$paramod$b8db0999d09c2bf93070cea839ea649340d02004\cordic_stage'.
Finding duplicate cells in `$paramod$b8db0999d09c2bf93070cea839ea649340d02004\cordic_stage'.
Finding identical cells in module `$paramod$c3982464bdd43885eb14a5af78baf7982db37425\cordic_stage'.
Computing hashes of 18 cells of `$paramod$c3982464bdd43885eb14a5af78baf7982db37425\cordic_stage'.
Finding duplicate cells in `$paramod$c3982464bdd43885eb14a5af78baf7982db37425\cordic_stage'.
Finding identical cells in module `$paramod$1ceed3bff8837b34d0a66987aff5145c079c2fbd\cordic_stage'.
Computing hashes of 18 cells of `$paramod$1ceed3bff8837b34d0a66987aff5145c079c2fbd\cordic_stage'.
Finding duplicate cells in `$paramod$1ceed3bff8837b34d0a66987aff5145c079c2fbd\cordic_stage'.
Finding identical cells in module `$paramod$a744cc0f1faffa6b4bad02f7493d97baee494aa9\cordic_stage'.
Computing hashes of 18 cells of `$paramod$a744cc0f1faffa6b4bad02f7493d97baee494aa9\cordic_stage'.
Finding duplicate cells in `$paramod$a744cc0f1faffa6b4bad02f7493d97baee494aa9\cordic_stage'.
Finding identical cells in module `$paramod$4f7c2943c908f89b3241078e20d5e72df920ea4c\cordic_stage'.
Computing hashes of 18 cells of `$paramod$4f7c2943c908f89b3241078e20d5e72df920ea4c\cordic_stage'.
Finding duplicate cells in `$paramod$4f7c2943c908f89b3241078e20d5e72df920ea4c\cordic_stage'.
Finding identical cells in module `$paramod$e0b39c4462fc09c778e150d1c789ca7fe160ca07\cordic_stage'.
Computing hashes of 18 cells of `$paramod$e0b39c4462fc09c778e150d1c789ca7fe160ca07\cordic_stage'.
Finding duplicate cells in `$paramod$e0b39c4462fc09c778e150d1c789ca7fe160ca07\cordic_stage'.
Finding identical cells in module `$paramod$bfb04248936278b1df1155cdc757ddb460a8d245\cordic_stage'.
Computing hashes of 18 cells of `$paramod$bfb04248936278b1df1155cdc757ddb460a8d245\cordic_stage'.
Finding duplicate cells in `$paramod$bfb04248936278b1df1155cdc757ddb460a8d245\cordic_stage'.
Finding identical cells in module `$paramod$13df4f4c9c1b261592c9a2486a54e334ba271a0d\cordic_stage'.
Computing hashes of 18 cells of `$paramod$13df4f4c9c1b261592c9a2486a54e334ba271a0d\cordic_stage'.
Finding duplicate cells in `$paramod$13df4f4c9c1b261592c9a2486a54e334ba271a0d\cordic_stage'.
Finding identical cells in module `$paramod$92317b3f664a636e96e14bfabf5ac92fa5f616e0\cordic_stage'.
Computing hashes of 18 cells of `$paramod$92317b3f664a636e96e14bfabf5ac92fa5f616e0\cordic_stage'.
Finding duplicate cells in `$paramod$92317b3f664a636e96e14bfabf5ac92fa5f616e0\cordic_stage'.
Finding identical cells in module `$paramod$1c78dad951792559821a28759880bf6605d5ac8b\cordic_stage'.
Computing hashes of 15 cells of `$paramod$1c78dad951792559821a28759880bf6605d5ac8b\cordic_stage'.
Finding duplicate cells in `$paramod$1c78dad951792559821a28759880bf6605d5ac8b\cordic_stage'.
Finding identical cells in module `\siren_neuron'.
Computing hashes of 3 cells of `\siren_neuron'.
Finding duplicate cells in `\siren_neuron'.
Finding identical cells in module `\siren_act_unit'.
Computing hashes of 2 cells of `\siren_act_unit'.
Finding duplicate cells in `\siren_act_unit'.
Finding identical cells in module `$paramod$ab10e97098def7190bb8b712e42708d46e5dfde5\cordic_stage'.
Computing hashes of 17 cells of `$paramod$ab10e97098def7190bb8b712e42708d46e5dfde5\cordic_stage'.
Finding duplicate cells in `$paramod$ab10e97098def7190bb8b712e42708d46e5dfde5\cordic_stage'.
Finding identical cells in module `\cordic_wrapper'.
Computing hashes of 18 cells of `\cordic_wrapper'.
Finding duplicate cells in `\cordic_wrapper'.
Finding identical cells in module `\phase_folder'.
Computing hashes of 2 cells of `\phase_folder'.
Finding duplicate cells in `\phase_folder'.
Finding identical cells in module `\siren_scaler'.
Computing hashes of 3 cells of `\siren_scaler'.
Finding duplicate cells in `\siren_scaler'.
Finding identical cells in module `\mac_unit'.
Computing hashes of 18 cells of `\mac_unit'.
Finding duplicate cells in `\mac_unit'.
Removed a total of 0 cells.

11.19.6. Executing OPT_SHARE pass.
    Found cells that share an operand and can be merged by moving the $mux $procmux$444 in front of them:
        $auto$alumacc.cc:512:replace_alu$1132
        $auto$alumacc.cc:512:replace_alu$1123

    Found cells that share an operand and can be merged by moving the $mux $procmux$439 in front of them:
        $auto$alumacc.cc:512:replace_alu$1129
        $auto$alumacc.cc:512:replace_alu$1120

    Found cells that share an operand and can be merged by moving the $mux $procmux$434 in front of them:
        $auto$alumacc.cc:512:replace_alu$1126
        $auto$alumacc.cc:512:replace_alu$1117

    Found cells that share an operand and can be merged by moving the $mux $procmux$459 in front of them:
        $auto$alumacc.cc:512:replace_alu$1166
        $auto$alumacc.cc:512:replace_alu$1157

    Found cells that share an operand and can be merged by moving the $mux $procmux$454 in front of them:
        $auto$alumacc.cc:512:replace_alu$1163
        $auto$alumacc.cc:512:replace_alu$1154

    Found cells that share an operand and can be merged by moving the $mux $procmux$449 in front of them:
        $auto$alumacc.cc:512:replace_alu$1160
        $auto$alumacc.cc:512:replace_alu$1151

    Found cells that share an operand and can be merged by moving the $mux $procmux$474 in front of them:
        $auto$alumacc.cc:512:replace_alu$1200
        $auto$alumacc.cc:512:replace_alu$1191

    Found cells that share an operand and can be merged by moving the $mux $procmux$469 in front of them:
        $auto$alumacc.cc:512:replace_alu$1197
        $auto$alumacc.cc:512:replace_alu$1188

    Found cells that share an operand and can be merged by moving the $mux $procmux$464 in front of them:
        $auto$alumacc.cc:512:replace_alu$1194
        $auto$alumacc.cc:512:replace_alu$1185

    Found cells that share an operand and can be merged by moving the $mux $procmux$489 in front of them:
        $auto$alumacc.cc:512:replace_alu$1234
        $auto$alumacc.cc:512:replace_alu$1225

    Found cells that share an operand and can be merged by moving the $mux $procmux$484 in front of them:
        $auto$alumacc.cc:512:replace_alu$1231
        $auto$alumacc.cc:512:replace_alu$1222

    Found cells that share an operand and can be merged by moving the $mux $procmux$479 in front of them:
        $auto$alumacc.cc:512:replace_alu$1228
        $auto$alumacc.cc:512:replace_alu$1219

    Found cells that share an operand and can be merged by moving the $mux $procmux$504 in front of them:
        $auto$alumacc.cc:512:replace_alu$1268
        $auto$alumacc.cc:512:replace_alu$1259

    Found cells that share an operand and can be merged by moving the $mux $procmux$499 in front of them:
        $auto$alumacc.cc:512:replace_alu$1265
        $auto$alumacc.cc:512:replace_alu$1256

    Found cells that share an operand and can be merged by moving the $mux $procmux$494 in front of them:
        $auto$alumacc.cc:512:replace_alu$1262
        $auto$alumacc.cc:512:replace_alu$1253

    Found cells that share an operand and can be merged by moving the $mux $procmux$519 in front of them:
        $auto$alumacc.cc:512:replace_alu$1302
        $auto$alumacc.cc:512:replace_alu$1293

    Found cells that share an operand and can be merged by moving the $mux $procmux$514 in front of them:
        $auto$alumacc.cc:512:replace_alu$1299
        $auto$alumacc.cc:512:replace_alu$1290

    Found cells that share an operand and can be merged by moving the $mux $procmux$509 in front of them:
        $auto$alumacc.cc:512:replace_alu$1296
        $auto$alumacc.cc:512:replace_alu$1287

    Found cells that share an operand and can be merged by moving the $mux $procmux$534 in front of them:
        $auto$alumacc.cc:512:replace_alu$1336
        $auto$alumacc.cc:512:replace_alu$1327

    Found cells that share an operand and can be merged by moving the $mux $procmux$529 in front of them:
        $auto$alumacc.cc:512:replace_alu$1333
        $auto$alumacc.cc:512:replace_alu$1324

    Found cells that share an operand and can be merged by moving the $mux $procmux$524 in front of them:
        $auto$alumacc.cc:512:replace_alu$1330
        $auto$alumacc.cc:512:replace_alu$1321

    Found cells that share an operand and can be merged by moving the $mux $procmux$549 in front of them:
        $auto$alumacc.cc:512:replace_alu$1370
        $auto$alumacc.cc:512:replace_alu$1361

    Found cells that share an operand and can be merged by moving the $mux $procmux$544 in front of them:
        $auto$alumacc.cc:512:replace_alu$1367
        $auto$alumacc.cc:512:replace_alu$1358

    Found cells that share an operand and can be merged by moving the $mux $procmux$539 in front of them:
        $auto$alumacc.cc:512:replace_alu$1364
        $auto$alumacc.cc:512:replace_alu$1355

    Found cells that share an operand and can be merged by moving the $mux $procmux$564 in front of them:
        $auto$alumacc.cc:512:replace_alu$1404
        $auto$alumacc.cc:512:replace_alu$1395

    Found cells that share an operand and can be merged by moving the $mux $procmux$559 in front of them:
        $auto$alumacc.cc:512:replace_alu$1401
        $auto$alumacc.cc:512:replace_alu$1392

    Found cells that share an operand and can be merged by moving the $mux $procmux$554 in front of them:
        $auto$alumacc.cc:512:replace_alu$1398
        $auto$alumacc.cc:512:replace_alu$1389

    Found cells that share an operand and can be merged by moving the $mux $procmux$579 in front of them:
        $auto$alumacc.cc:512:replace_alu$1438
        $auto$alumacc.cc:512:replace_alu$1429

    Found cells that share an operand and can be merged by moving the $mux $procmux$574 in front of them:
        $auto$alumacc.cc:512:replace_alu$1435
        $auto$alumacc.cc:512:replace_alu$1426

    Found cells that share an operand and can be merged by moving the $mux $procmux$569 in front of them:
        $auto$alumacc.cc:512:replace_alu$1432
        $auto$alumacc.cc:512:replace_alu$1423

    Found cells that share an operand and can be merged by moving the $mux $procmux$594 in front of them:
        $auto$alumacc.cc:512:replace_alu$1472
        $auto$alumacc.cc:512:replace_alu$1463

    Found cells that share an operand and can be merged by moving the $mux $procmux$589 in front of them:
        $auto$alumacc.cc:512:replace_alu$1469
        $auto$alumacc.cc:512:replace_alu$1460

    Found cells that share an operand and can be merged by moving the $mux $procmux$584 in front of them:
        $auto$alumacc.cc:512:replace_alu$1466
        $auto$alumacc.cc:512:replace_alu$1457

    Found cells that share an operand and can be merged by moving the $mux $procmux$609 in front of them:
        $auto$alumacc.cc:512:replace_alu$1506
        $auto$alumacc.cc:512:replace_alu$1497

    Found cells that share an operand and can be merged by moving the $mux $procmux$604 in front of them:
        $auto$alumacc.cc:512:replace_alu$1503
        $auto$alumacc.cc:512:replace_alu$1494

    Found cells that share an operand and can be merged by moving the $mux $procmux$599 in front of them:
        $auto$alumacc.cc:512:replace_alu$1500
        $auto$alumacc.cc:512:replace_alu$1491

    Found cells that share an operand and can be merged by moving the $mux $procmux$624 in front of them:
        $auto$alumacc.cc:512:replace_alu$1540
        $auto$alumacc.cc:512:replace_alu$1531

    Found cells that share an operand and can be merged by moving the $mux $procmux$619 in front of them:
        $auto$alumacc.cc:512:replace_alu$1537
        $auto$alumacc.cc:512:replace_alu$1528

    Found cells that share an operand and can be merged by moving the $mux $procmux$614 in front of them:
        $auto$alumacc.cc:512:replace_alu$1534
        $auto$alumacc.cc:512:replace_alu$1525

    Found cells that share an operand and can be merged by moving the $mux $procmux$639 in front of them:
        $auto$alumacc.cc:512:replace_alu$1574
        $auto$alumacc.cc:512:replace_alu$1565

    Found cells that share an operand and can be merged by moving the $mux $procmux$634 in front of them:
        $auto$alumacc.cc:512:replace_alu$1571
        $auto$alumacc.cc:512:replace_alu$1562

    Found cells that share an operand and can be merged by moving the $mux $procmux$629 in front of them:
        $auto$alumacc.cc:512:replace_alu$1568
        $auto$alumacc.cc:512:replace_alu$1559

    Found cells that share an operand and can be merged by moving the $mux $procmux$654 in front of them:
        $auto$alumacc.cc:512:replace_alu$1602
        $auto$alumacc.cc:512:replace_alu$1596

    Found cells that share an operand and can be merged by moving the $mux $procmux$649 in front of them:
        $auto$alumacc.cc:512:replace_alu$1599
        $auto$alumacc.cc:512:replace_alu$1593

    Found cells that share an operand and can be merged by moving the $mux $procmux$659 in front of them:
        $auto$alumacc.cc:512:replace_alu$1627
        $auto$alumacc.cc:512:replace_alu$1621

    Found cells that share an operand and can be merged by moving the $mux $procmux$692 in front of them:
        $auto$alumacc.cc:512:replace_alu$1665
        $auto$alumacc.cc:512:replace_alu$1662

11.19.7. Executing OPT_DFF pass (perform DFF optimizations).
Setting constant 0-bit at position 0 on $auto$ff.cc:337:slice$1098 ($adffe) from module siren_scaler.

11.19.8. Executing OPT_CLEAN pass (remove unused cells and wires).
Finding unused cells or wires in module $paramod$fda4c52592ec151689e44937ab5af6abb2bbb4f7\cordic_stage..
Finding unused cells or wires in module $paramod$a64f440093fbb2a761ca462422596e7cf59060b9\cordic_stage..
Finding unused cells or wires in module $paramod$d051e689d5327a357ac2c918100372a7016c9475\cordic_stage..
Finding unused cells or wires in module $paramod$126d84d701c2cc9a597647f943872c89fc0e0486\cordic_stage..
Finding unused cells or wires in module $paramod$be7bec05f99528b83047c54b2c3b7ab2ac7f529f\cordic_stage..
Finding unused cells or wires in module $paramod$b8db0999d09c2bf93070cea839ea649340d02004\cordic_stage..
Finding unused cells or wires in module $paramod$c3982464bdd43885eb14a5af78baf7982db37425\cordic_stage..
Finding unused cells or wires in module $paramod$1ceed3bff8837b34d0a66987aff5145c079c2fbd\cordic_stage..
Finding unused cells or wires in module $paramod$a744cc0f1faffa6b4bad02f7493d97baee494aa9\cordic_stage..
Finding unused cells or wires in module $paramod$4f7c2943c908f89b3241078e20d5e72df920ea4c\cordic_stage..
Finding unused cells or wires in module $paramod$e0b39c4462fc09c778e150d1c789ca7fe160ca07\cordic_stage..
Finding unused cells or wires in module $paramod$bfb04248936278b1df1155cdc757ddb460a8d245\cordic_stage..
Finding unused cells or wires in module $paramod$13df4f4c9c1b261592c9a2486a54e334ba271a0d\cordic_stage..
Finding unused cells or wires in module $paramod$92317b3f664a636e96e14bfabf5ac92fa5f616e0\cordic_stage..
Finding unused cells or wires in module $paramod$1c78dad951792559821a28759880bf6605d5ac8b\cordic_stage..
Finding unused cells or wires in module \siren_neuron..
Finding unused cells or wires in module \siren_act_unit..
Finding unused cells or wires in module $paramod$ab10e97098def7190bb8b712e42708d46e5dfde5\cordic_stage..
Finding unused cells or wires in module \cordic_wrapper..
Finding unused cells or wires in module \phase_folder..
Finding unused cells or wires in module \siren_scaler..
Finding unused cells or wires in module \mac_unit..
Removed 0 unused cells and 276 unused wires.
<suppressed ~17 debug messages>

11.19.9. Executing OPT_EXPR pass (perform const folding).
Optimizing module $paramod$fda4c52592ec151689e44937ab5af6abb2bbb4f7\cordic_stage.
<suppressed ~4 debug messages>
Optimizing module $paramod$a64f440093fbb2a761ca462422596e7cf59060b9\cordic_stage.
<suppressed ~4 debug messages>
Optimizing module $paramod$d051e689d5327a357ac2c918100372a7016c9475\cordic_stage.
<suppressed ~4 debug messages>
Optimizing module $paramod$126d84d701c2cc9a597647f943872c89fc0e0486\cordic_stage.
<suppressed ~4 debug messages>
Optimizing module $paramod$be7bec05f99528b83047c54b2c3b7ab2ac7f529f\cordic_stage.
<suppressed ~4 debug messages>
Optimizing module $paramod$b8db0999d09c2bf93070cea839ea649340d02004\cordic_stage.
<suppressed ~4 debug messages>
Optimizing module $paramod$c3982464bdd43885eb14a5af78baf7982db37425\cordic_stage.
<suppressed ~4 debug messages>
Optimizing module $paramod$1ceed3bff8837b34d0a66987aff5145c079c2fbd\cordic_stage.
<suppressed ~4 debug messages>
Optimizing module $paramod$a744cc0f1faffa6b4bad02f7493d97baee494aa9\cordic_stage.
<suppressed ~4 debug messages>
Optimizing module $paramod$4f7c2943c908f89b3241078e20d5e72df920ea4c\cordic_stage.
<suppressed ~4 debug messages>
Optimizing module $paramod$e0b39c4462fc09c778e150d1c789ca7fe160ca07\cordic_stage.
<suppressed ~4 debug messages>
Optimizing module $paramod$bfb04248936278b1df1155cdc757ddb460a8d245\cordic_stage.
<suppressed ~4 debug messages>
Optimizing module $paramod$13df4f4c9c1b261592c9a2486a54e334ba271a0d\cordic_stage.
<suppressed ~4 debug messages>
Optimizing module $paramod$92317b3f664a636e96e14bfabf5ac92fa5f616e0\cordic_stage.
<suppressed ~4 debug messages>
Optimizing module $paramod$1c78dad951792559821a28759880bf6605d5ac8b\cordic_stage.
<suppressed ~2 debug messages>
Optimizing module siren_neuron.
Optimizing module siren_act_unit.
Optimizing module $paramod$ab10e97098def7190bb8b712e42708d46e5dfde5\cordic_stage.
<suppressed ~2 debug messages>
Optimizing module cordic_wrapper.
Optimizing module phase_folder.
Optimizing module siren_scaler.
Optimizing module mac_unit.
<suppressed ~1 debug messages>

11.19.10. Rerunning OPT passes. (Maybe there is more to do..)

11.19.11. Executing OPT_MUXTREE pass (detect dead branches in mux trees).
Running muxtree optimizer on module $paramod$fda4c52592ec151689e44937ab5af6abb2bbb4f7\cordic_stage..
  Creating internal representation of mux trees.
  Evaluating internal representation of mux trees.
  Analyzing evaluation results.
Running muxtree optimizer on module $paramod$a64f440093fbb2a761ca462422596e7cf59060b9\cordic_stage..
  Creating internal representation of mux trees.
  Evaluating internal representation of mux trees.
  Analyzing evaluation results.
Running muxtree optimizer on module $paramod$d051e689d5327a357ac2c918100372a7016c9475\cordic_stage..
  Creating internal representation of mux trees.
  Evaluating internal representation of mux trees.
  Analyzing evaluation results.
Running muxtree optimizer on module $paramod$126d84d701c2cc9a597647f943872c89fc0e0486\cordic_stage..
  Creating internal representation of mux trees.
  Evaluating internal representation of mux trees.
  Analyzing evaluation results.
Running muxtree optimizer on module $paramod$be7bec05f99528b83047c54b2c3b7ab2ac7f529f\cordic_stage..
  Creating internal representation of mux trees.
  Evaluating internal representation of mux trees.
  Analyzing evaluation results.
Running muxtree optimizer on module $paramod$b8db0999d09c2bf93070cea839ea649340d02004\cordic_stage..
  Creating internal representation of mux trees.
  Evaluating internal representation of mux trees.
  Analyzing evaluation results.
Running muxtree optimizer on module $paramod$c3982464bdd43885eb14a5af78baf7982db37425\cordic_stage..
  Creating internal representation of mux trees.
  Evaluating internal representation of mux trees.
  Analyzing evaluation results.
Running muxtree optimizer on module $paramod$1ceed3bff8837b34d0a66987aff5145c079c2fbd\cordic_stage..
  Creating internal representation of mux trees.
  Evaluating internal representation of mux trees.
  Analyzing evaluation results.
Running muxtree optimizer on module $paramod$a744cc0f1faffa6b4bad02f7493d97baee494aa9\cordic_stage..
  Creating internal representation of mux trees.
  Evaluating internal representation of mux trees.
  Analyzing evaluation results.
Running muxtree optimizer on module $paramod$4f7c2943c908f89b3241078e20d5e72df920ea4c\cordic_stage..
  Creating internal representation of mux trees.
  Evaluating internal representation of mux trees.
  Analyzing evaluation results.
Running muxtree optimizer on module $paramod$e0b39c4462fc09c778e150d1c789ca7fe160ca07\cordic_stage..
  Creating internal representation of mux trees.
  Evaluating internal representation of mux trees.
  Analyzing evaluation results.
Running muxtree optimizer on module $paramod$bfb04248936278b1df1155cdc757ddb460a8d245\cordic_stage..
  Creating internal representation of mux trees.
  Evaluating internal representation of mux trees.
  Analyzing evaluation results.
Running muxtree optimizer on module $paramod$13df4f4c9c1b261592c9a2486a54e334ba271a0d\cordic_stage..
  Creating internal representation of mux trees.
  Evaluating internal representation of mux trees.
  Analyzing evaluation results.
Running muxtree optimizer on module $paramod$92317b3f664a636e96e14bfabf5ac92fa5f616e0\cordic_stage..
  Creating internal representation of mux trees.
  Evaluating internal representation of mux trees.
  Analyzing evaluation results.
Running muxtree optimizer on module $paramod$1c78dad951792559821a28759880bf6605d5ac8b\cordic_stage..
  Creating internal representation of mux trees.
  Evaluating internal representation of mux trees.
  Analyzing evaluation results.
Running muxtree optimizer on module \siren_neuron..
  Creating internal representation of mux trees.
  No muxes found in this module.
Running muxtree optimizer on module \siren_act_unit..
  Creating internal representation of mux trees.
  No muxes found in this module.
Running muxtree optimizer on module $paramod$ab10e97098def7190bb8b712e42708d46e5dfde5\cordic_stage..
  Creating internal representation of mux trees.
  Evaluating internal representation of mux trees.
  Analyzing evaluation results.
Running muxtree optimizer on module \cordic_wrapper..
  Creating internal representation of mux trees.
  Evaluating internal representation of mux trees.
  Analyzing evaluation results.
Running muxtree optimizer on module \phase_folder..
  Creating internal representation of mux trees.
  No muxes found in this module.
Running muxtree optimizer on module \siren_scaler..
  Creating internal representation of mux trees.
  No muxes found in this module.
Running muxtree optimizer on module \mac_unit..
  Creating internal representation of mux trees.
  Evaluating internal representation of mux trees.
  Analyzing evaluation results.
Removed 0 multiplexer ports.
<suppressed ~103 debug messages>

11.19.12. Executing OPT_REDUCE pass (consolidate $*mux and $reduce_* inputs).
  Optimizing cells in module $paramod$fda4c52592ec151689e44937ab5af6abb2bbb4f7\cordic_stage.
    Consolidated identical input bits for $mux cell $auto$opt_share.cc:244:merge_operators$1787:
      Old ports: A=14'11101101000111, B=14'00010010111001, Y=$auto$rtlil.cc:3390:Mux$1788
      New ports: A=2'01, B=2'10, Y={ $auto$rtlil.cc:3390:Mux$1788 [3] $auto$rtlil.cc:3390:Mux$1788 [1] }
      New connections: { $auto$rtlil.cc:3390:Mux$1788 [13:4] $auto$rtlil.cc:3390:Mux$1788 [2] $auto$rtlil.cc:3390:Mux$1788 [0] } = { $auto$rtlil.cc:3390:Mux$1788 [1] $auto$rtlil.cc:3390:Mux$1788 [1] $auto$rtlil.cc:3390:Mux$1788 [1] $auto$rtlil.cc:3390:Mux$1788 [3] $auto$rtlil.cc:3390:Mux$1788 [1] $auto$rtlil.cc:3390:Mux$1788 [1] $auto$rtlil.cc:3390:Mux$1788 [3] $auto$rtlil.cc:3390:Mux$1788 [1] $auto$rtlil.cc:3390:Mux$1788 [3] $auto$rtlil.cc:3390:Mux$1788 [3] $auto$rtlil.cc:3390:Mux$1788 [1] 1'1 }
  Optimizing cells in module $paramod$fda4c52592ec151689e44937ab5af6abb2bbb4f7\cordic_stage.
  Optimizing cells in module $paramod$a64f440093fbb2a761ca462422596e7cf59060b9\cordic_stage.
    Consolidated identical input bits for $mux cell $auto$opt_share.cc:244:merge_operators$1808:
      Old ports: A=16'1111011000000101, B=16'0000100111111011, Y=$auto$rtlil.cc:3390:Mux$1809
      New ports: A=2'10, B=2'01, Y=$auto$rtlil.cc:3390:Mux$1809 [2:1]
      New connections: { $auto$rtlil.cc:3390:Mux$1809 [15:3] $auto$rtlil.cc:3390:Mux$1809 [0] } = { $auto$rtlil.cc:3390:Mux$1809 [2] $auto$rtlil.cc:3390:Mux$1809 [2] $auto$rtlil.cc:3390:Mux$1809 [2] $auto$rtlil.cc:3390:Mux$1809 [2:1] $auto$rtlil.cc:3390:Mux$1809 [2] $auto$rtlil.cc:3390:Mux$1809 [2:1] $auto$rtlil.cc:3390:Mux$1809 [1] $auto$rtlil.cc:3390:Mux$1809 [1] $auto$rtlil.cc:3390:Mux$1809 [1] $auto$rtlil.cc:3390:Mux$1809 [1] $auto$rtlil.cc:3390:Mux$1809 [1] 1'1 }
  Optimizing cells in module $paramod$a64f440093fbb2a761ca462422596e7cf59060b9\cordic_stage.
  Optimizing cells in module $paramod$d051e689d5327a357ac2c918100372a7016c9475\cordic_stage.
    Consolidated identical input bits for $mux cell $auto$opt_share.cc:244:merge_operators$1829:
      Old ports: A=16'1111101011101111, B=16'0000010100010001, Y=$auto$rtlil.cc:3390:Mux$1830
      New ports: A=2'01, B=2'10, Y={ $auto$rtlil.cc:3390:Mux$1830 [4] $auto$rtlil.cc:3390:Mux$1830 [1] }
      New connections: { $auto$rtlil.cc:3390:Mux$1830 [15:5] $auto$rtlil.cc:3390:Mux$1830 [3:2] $auto$rtlil.cc:3390:Mux$1830 [0] } = { $auto$rtlil.cc:3390:Mux$1830 [1] $auto$rtlil.cc:3390:Mux$1830 [1] $auto$rtlil.cc:3390:Mux$1830 [1] $auto$rtlil.cc:3390:Mux$1830 [1] $auto$rtlil.cc:3390:Mux$1830 [1] $auto$rtlil.cc:3390:Mux$1830 [4] $auto$rtlil.cc:3390:Mux$1830 [1] $auto$rtlil.cc:3390:Mux$1830 [4] $auto$rtlil.cc:3390:Mux$1830 [1] $auto$rtlil.cc:3390:Mux$1830 [1] $auto$rtlil.cc:3390:Mux$1830 [1] $auto$rtlil.cc:3390:Mux$1830 [1] $auto$rtlil.cc:3390:Mux$1830 [1] 1'1 }
  Optimizing cells in module $paramod$d051e689d5327a357ac2c918100372a7016c9475\cordic_stage.
  Optimizing cells in module $paramod$126d84d701c2cc9a597647f943872c89fc0e0486\cordic_stage.
    Consolidated identical input bits for $mux cell $auto$opt_share.cc:244:merge_operators$1850:
      Old ports: A=16'1111110101110101, B=16'0000001010001011, Y=$auto$rtlil.cc:3390:Mux$1851
      New ports: A=2'10, B=2'01, Y=$auto$rtlil.cc:3390:Mux$1851 [2:1]
      New connections: { $auto$rtlil.cc:3390:Mux$1851 [15:3] $auto$rtlil.cc:3390:Mux$1851 [0] } = { $auto$rtlil.cc:3390:Mux$1851 [2] $auto$rtlil.cc:3390:Mux$1851 [2] $auto$rtlil.cc:3390:Mux$1851 [2] $auto$rtlil.cc:3390:Mux$1851 [2] $auto$rtlil.cc:3390:Mux$1851 [2] $auto$rtlil.cc:3390:Mux$1851 [2:1] $auto$rtlil.cc:3390:Mux$1851 [2:1] $auto$rtlil.cc:3390:Mux$1851 [2] $auto$rtlil.cc:3390:Mux$1851 [2] $auto$rtlil.cc:3390:Mux$1851 [2:1] 1'1 }
  Optimizing cells in module $paramod$126d84d701c2cc9a597647f943872c89fc0e0486\cordic_stage.
  Optimizing cells in module $paramod$be7bec05f99528b83047c54b2c3b7ab2ac7f529f\cordic_stage.
    Consolidated identical input bits for $mux cell $auto$opt_share.cc:244:merge_operators$1871:
      Old ports: A=15'111111101011101, B=15'000000010100011, Y=$auto$rtlil.cc:3390:Mux$1872
      New ports: A=2'10, B=2'01, Y=$auto$rtlil.cc:3390:Mux$1872 [2:1]
      New connections: { $auto$rtlil.cc:3390:Mux$1872 [14:3] $auto$rtlil.cc:3390:Mux$1872 [0] } = { $auto$rtlil.cc:3390:Mux$1872 [2] $auto$rtlil.cc:3390:Mux$1872 [2] $auto$rtlil.cc:3390:Mux$1872 [2] $auto$rtlil.cc:3390:Mux$1872 [2] $auto$rtlil.cc:3390:Mux$1872 [2] $auto$rtlil.cc:3390:Mux$1872 [2] $auto$rtlil.cc:3390:Mux$1872 [2:1] $auto$rtlil.cc:3390:Mux$1872 [2:1] $auto$rtlil.cc:3390:Mux$1872 [2] $auto$rtlil.cc:3390:Mux$1872 [2] 1'1 }
  Optimizing cells in module $paramod$be7bec05f99528b83047c54b2c3b7ab2ac7f529f\cordic_stage.
  Optimizing cells in module $paramod$b8db0999d09c2bf93070cea839ea649340d02004\cordic_stage.
    Consolidated identical input bits for $mux cell $auto$opt_share.cc:244:merge_operators$1892:
      Old ports: A=16'1111111101011101, B=16'0000000010100011, Y=$auto$rtlil.cc:3390:Mux$1893
      New ports: A=2'10, B=2'01, Y=$auto$rtlil.cc:3390:Mux$1893 [2:1]
      New connections: { $auto$rtlil.cc:3390:Mux$1893 [15:3] $auto$rtlil.cc:3390:Mux$1893 [0] } = { $auto$rtlil.cc:3390:Mux$1893 [2] $auto$rtlil.cc:3390:Mux$1893 [2] $auto$rtlil.cc:3390:Mux$1893 [2] $auto$rtlil.cc:3390:Mux$1893 [2] $auto$rtlil.cc:3390:Mux$1893 [2] $auto$rtlil.cc:3390:Mux$1893 [2] $auto$rtlil.cc:3390:Mux$1893 [2] $auto$rtlil.cc:3390:Mux$1893 [2:1] $auto$rtlil.cc:3390:Mux$1893 [2:1] $auto$rtlil.cc:3390:Mux$1893 [2] $auto$rtlil.cc:3390:Mux$1893 [2] 1'1 }
  Optimizing cells in module $paramod$b8db0999d09c2bf93070cea839ea649340d02004\cordic_stage.
  Optimizing cells in module $paramod$c3982464bdd43885eb14a5af78baf7982db37425\cordic_stage.
    Consolidated identical input bits for $mux cell $auto$opt_share.cc:244:merge_operators$1913:
      Old ports: A=16'1111111110101111, B=16'0000000001010001, Y=$auto$rtlil.cc:3390:Mux$1914
      New ports: A=2'01, B=2'10, Y={ $auto$rtlil.cc:3390:Mux$1914 [4] $auto$rtlil.cc:3390:Mux$1914 [1] }
      New connections: { $auto$rtlil.cc:3390:Mux$1914 [15:5] $auto$rtlil.cc:3390:Mux$1914 [3:2] $auto$rtlil.cc:3390:Mux$1914 [0] } = { $auto$rtlil.cc:3390:Mux$1914 [1] $auto$rtlil.cc:3390:Mux$1914 [1] $auto$rtlil.cc:3390:Mux$1914 [1] $auto$rtlil.cc:3390:Mux$1914 [1] $auto$rtlil.cc:3390:Mux$1914 [1] $auto$rtlil.cc:3390:Mux$1914 [1] $auto$rtlil.cc:3390:Mux$1914 [1] $auto$rtlil.cc:3390:Mux$1914 [1] $auto$rtlil.cc:3390:Mux$1914 [1] $auto$rtlil.cc:3390:Mux$1914 [4] $auto$rtlil.cc:3390:Mux$1914 [1] $auto$rtlil.cc:3390:Mux$1914 [1] $auto$rtlil.cc:3390:Mux$1914 [1] 1'1 }
  Optimizing cells in module $paramod$c3982464bdd43885eb14a5af78baf7982db37425\cordic_stage.
  Optimizing cells in module $paramod$1ceed3bff8837b34d0a66987aff5145c079c2fbd\cordic_stage.
    Consolidated identical input bits for $mux cell $auto$opt_share.cc:244:merge_operators$1934:
      Old ports: A=16'1111111111010111, B=16'0000000000101001, Y=$auto$rtlil.cc:3390:Mux$1935
      New ports: A=2'01, B=2'10, Y={ $auto$rtlil.cc:3390:Mux$1935 [3] $auto$rtlil.cc:3390:Mux$1935 [1] }
      New connections: { $auto$rtlil.cc:3390:Mux$1935 [15:4] $auto$rtlil.cc:3390:Mux$1935 [2] $auto$rtlil.cc:3390:Mux$1935 [0] } = { $auto$rtlil.cc:3390:Mux$1935 [1] $auto$rtlil.cc:3390:Mux$1935 [1] $auto$rtlil.cc:3390:Mux$1935 [1] $auto$rtlil.cc:3390:Mux$1935 [1] $auto$rtlil.cc:3390:Mux$1935 [1] $auto$rtlil.cc:3390:Mux$1935 [1] $auto$rtlil.cc:3390:Mux$1935 [1] $auto$rtlil.cc:3390:Mux$1935 [1] $auto$rtlil.cc:3390:Mux$1935 [1] $auto$rtlil.cc:3390:Mux$1935 [1] $auto$rtlil.cc:3390:Mux$1935 [3] $auto$rtlil.cc:3390:Mux$1935 [1] $auto$rtlil.cc:3390:Mux$1935 [1] 1'1 }
  Optimizing cells in module $paramod$1ceed3bff8837b34d0a66987aff5145c079c2fbd\cordic_stage.
  Optimizing cells in module $paramod$a744cc0f1faffa6b4bad02f7493d97baee494aa9\cordic_stage.
    Consolidated identical input bits for $mux cell $auto$opt_share.cc:244:merge_operators$1955:
      Old ports: A=14'11111111111011, B=14'00000000000101, Y=$auto$rtlil.cc:3390:Mux$1956
      New ports: A=2'01, B=2'10, Y=$auto$rtlil.cc:3390:Mux$1956 [2:1]
      New connections: { $auto$rtlil.cc:3390:Mux$1956 [13:3] $auto$rtlil.cc:3390:Mux$1956 [0] } = { $auto$rtlil.cc:3390:Mux$1956 [1] $auto$rtlil.cc:3390:Mux$1956 [1] $auto$rtlil.cc:3390:Mux$1956 [1] $auto$rtlil.cc:3390:Mux$1956 [1] $auto$rtlil.cc:3390:Mux$1956 [1] $auto$rtlil.cc:3390:Mux$1956 [1] $auto$rtlil.cc:3390:Mux$1956 [1] $auto$rtlil.cc:3390:Mux$1956 [1] $auto$rtlil.cc:3390:Mux$1956 [1] $auto$rtlil.cc:3390:Mux$1956 [1] $auto$rtlil.cc:3390:Mux$1956 [1] 1'1 }
  Optimizing cells in module $paramod$a744cc0f1faffa6b4bad02f7493d97baee494aa9\cordic_stage.
  Optimizing cells in module $paramod$4f7c2943c908f89b3241078e20d5e72df920ea4c\cordic_stage.
    Consolidated identical input bits for $mux cell $auto$opt_share.cc:244:merge_operators$1976:
      Old ports: A=15'111111111111011, B=15'000000000000101, Y=$auto$rtlil.cc:3390:Mux$1977
      New ports: A=2'01, B=2'10, Y=$auto$rtlil.cc:3390:Mux$1977 [2:1]
      New connections: { $auto$rtlil.cc:3390:Mux$1977 [14:3] $auto$rtlil.cc:3390:Mux$1977 [0] } = { $auto$rtlil.cc:3390:Mux$1977 [1] $auto$rtlil.cc:3390:Mux$1977 [1] $auto$rtlil.cc:3390:Mux$1977 [1] $auto$rtlil.cc:3390:Mux$1977 [1] $auto$rtlil.cc:3390:Mux$1977 [1] $auto$rtlil.cc:3390:Mux$1977 [1] $auto$rtlil.cc:3390:Mux$1977 [1] $auto$rtlil.cc:3390:Mux$1977 [1] $auto$rtlil.cc:3390:Mux$1977 [1] $auto$rtlil.cc:3390:Mux$1977 [1] $auto$rtlil.cc:3390:Mux$1977 [1] $auto$rtlil.cc:3390:Mux$1977 [1] 1'1 }
  Optimizing cells in module $paramod$4f7c2943c908f89b3241078e20d5e72df920ea4c\cordic_stage.
  Optimizing cells in module $paramod$e0b39c4462fc09c778e150d1c789ca7fe160ca07\cordic_stage.
    Consolidated identical input bits for $mux cell $auto$opt_share.cc:244:merge_operators$1997:
      Old ports: A=16'1111111111111011, B=16'0000000000000101, Y=$auto$rtlil.cc:3390:Mux$1998
      New ports: A=2'01, B=2'10, Y=$auto$rtlil.cc:3390:Mux$1998 [2:1]
      New connections: { $auto$rtlil.cc:3390:Mux$1998 [15:3] $auto$rtlil.cc:3390:Mux$1998 [0] } = { $auto$rtlil.cc:3390:Mux$1998 [1] $auto$rtlil.cc:3390:Mux$1998 [1] $auto$rtlil.cc:3390:Mux$1998 [1] $auto$rtlil.cc:3390:Mux$1998 [1] $auto$rtlil.cc:3390:Mux$1998 [1] $auto$rtlil.cc:3390:Mux$1998 [1] $auto$rtlil.cc:3390:Mux$1998 [1] $auto$rtlil.cc:3390:Mux$1998 [1] $auto$rtlil.cc:3390:Mux$1998 [1] $auto$rtlil.cc:3390:Mux$1998 [1] $auto$rtlil.cc:3390:Mux$1998 [1] $auto$rtlil.cc:3390:Mux$1998 [1] $auto$rtlil.cc:3390:Mux$1998 [1] 1'1 }
  Optimizing cells in module $paramod$e0b39c4462fc09c778e150d1c789ca7fe160ca07\cordic_stage.
  Optimizing cells in module $paramod$bfb04248936278b1df1155cdc757ddb460a8d245\cordic_stage.
    Consolidated identical input bits for $mux cell $auto$opt_share.cc:244:merge_operators$2018:
      Old ports: A=16'1111111111111101, B=16'0000000000000011, Y=$auto$rtlil.cc:3390:Mux$2019
      New ports: A=2'10, B=2'01, Y=$auto$rtlil.cc:3390:Mux$2019 [2:1]
      New connections: { $auto$rtlil.cc:3390:Mux$2019 [15:3] $auto$rtlil.cc:3390:Mux$2019 [0] } = { $auto$rtlil.cc:3390:Mux$2019 [2] $auto$rtlil.cc:3390:Mux$2019 [2] $auto$rtlil.cc:3390:Mux$2019 [2] $auto$rtlil.cc:3390:Mux$2019 [2] $auto$rtlil.cc:3390:Mux$2019 [2] $auto$rtlil.cc:3390:Mux$2019 [2] $auto$rtlil.cc:3390:Mux$2019 [2] $auto$rtlil.cc:3390:Mux$2019 [2] $auto$rtlil.cc:3390:Mux$2019 [2] $auto$rtlil.cc:3390:Mux$2019 [2] $auto$rtlil.cc:3390:Mux$2019 [2] $auto$rtlil.cc:3390:Mux$2019 [2] $auto$rtlil.cc:3390:Mux$2019 [2] 1'1 }
  Optimizing cells in module $paramod$bfb04248936278b1df1155cdc757ddb460a8d245\cordic_stage.
  Optimizing cells in module $paramod$13df4f4c9c1b261592c9a2486a54e334ba271a0d\cordic_stage.
    Consolidated identical input bits for $mux cell $auto$opt_share.cc:244:merge_operators$2039:
      Old ports: A=16'1111111111111111, B=16'0000000000000001, Y=$auto$rtlil.cc:3390:Mux$2040
      New ports: A=1'1, B=1'0, Y=$auto$rtlil.cc:3390:Mux$2040 [1]
      New connections: { $auto$rtlil.cc:3390:Mux$2040 [15:2] $auto$rtlil.cc:3390:Mux$2040 [0] } = { $auto$rtlil.cc:3390:Mux$2040 [1] $auto$rtlil.cc:3390:Mux$2040 [1] $auto$rtlil.cc:3390:Mux$2040 [1] $auto$rtlil.cc:3390:Mux$2040 [1] $auto$rtlil.cc:3390:Mux$2040 [1] $auto$rtlil.cc:3390:Mux$2040 [1] $auto$rtlil.cc:3390:Mux$2040 [1] $auto$rtlil.cc:3390:Mux$2040 [1] $auto$rtlil.cc:3390:Mux$2040 [1] $auto$rtlil.cc:3390:Mux$2040 [1] $auto$rtlil.cc:3390:Mux$2040 [1] $auto$rtlil.cc:3390:Mux$2040 [1] $auto$rtlil.cc:3390:Mux$2040 [1] $auto$rtlil.cc:3390:Mux$2040 [1] 1'1 }
  Optimizing cells in module $paramod$13df4f4c9c1b261592c9a2486a54e334ba271a0d\cordic_stage.
  Optimizing cells in module $paramod$92317b3f664a636e96e14bfabf5ac92fa5f616e0\cordic_stage.
    Consolidated identical input bits for $mux cell $auto$opt_share.cc:244:merge_operators$2060:
      Old ports: A=16'1111111111111111, B=16'0000000000000001, Y=$auto$rtlil.cc:3390:Mux$2061
      New ports: A=1'1, B=1'0, Y=$auto$rtlil.cc:3390:Mux$2061 [1]
      New connections: { $auto$rtlil.cc:3390:Mux$2061 [15:2] $auto$rtlil.cc:3390:Mux$2061 [0] } = { $auto$rtlil.cc:3390:Mux$2061 [1] $auto$rtlil.cc:3390:Mux$2061 [1] $auto$rtlil.cc:3390:Mux$2061 [1] $auto$rtlil.cc:3390:Mux$2061 [1] $auto$rtlil.cc:3390:Mux$2061 [1] $auto$rtlil.cc:3390:Mux$2061 [1] $auto$rtlil.cc:3390:Mux$2061 [1] $auto$rtlil.cc:3390:Mux$2061 [1] $auto$rtlil.cc:3390:Mux$2061 [1] $auto$rtlil.cc:3390:Mux$2061 [1] $auto$rtlil.cc:3390:Mux$2061 [1] $auto$rtlil.cc:3390:Mux$2061 [1] $auto$rtlil.cc:3390:Mux$2061 [1] $auto$rtlil.cc:3390:Mux$2061 [1] 1'1 }
  Optimizing cells in module $paramod$92317b3f664a636e96e14bfabf5ac92fa5f616e0\cordic_stage.
  Optimizing cells in module $paramod$1c78dad951792559821a28759880bf6605d5ac8b\cordic_stage.
  Optimizing cells in module \siren_neuron.
  Optimizing cells in module \siren_act_unit.
  Optimizing cells in module $paramod$ab10e97098def7190bb8b712e42708d46e5dfde5\cordic_stage.
    Consolidated identical input bits for $mux cell $auto$opt_share.cc:244:merge_operators$2081:
      Old ports: A=3'111, B=3'001, Y=$auto$rtlil.cc:3390:Mux$2082
      New ports: A=1'1, B=1'0, Y=$auto$rtlil.cc:3390:Mux$2082 [1]
      New connections: { $auto$rtlil.cc:3390:Mux$2082 [2] $auto$rtlil.cc:3390:Mux$2082 [0] } = { $auto$rtlil.cc:3390:Mux$2082 [1] 1'1 }
  Optimizing cells in module $paramod$ab10e97098def7190bb8b712e42708d46e5dfde5\cordic_stage.
  Optimizing cells in module \cordic_wrapper.
  Optimizing cells in module \phase_folder.
  Optimizing cells in module \siren_scaler.
  Optimizing cells in module \mac_unit.
Performed a total of 15 changes.

11.19.13. Executing OPT_MERGE pass (detect identical cells).
Finding identical cells in module `$paramod$fda4c52592ec151689e44937ab5af6abb2bbb4f7\cordic_stage'.
Computing hashes of 17 cells of `$paramod$fda4c52592ec151689e44937ab5af6abb2bbb4f7\cordic_stage'.
Finding duplicate cells in `$paramod$fda4c52592ec151689e44937ab5af6abb2bbb4f7\cordic_stage'.
Finding identical cells in module `$paramod$a64f440093fbb2a761ca462422596e7cf59060b9\cordic_stage'.
Computing hashes of 17 cells of `$paramod$a64f440093fbb2a761ca462422596e7cf59060b9\cordic_stage'.
Finding duplicate cells in `$paramod$a64f440093fbb2a761ca462422596e7cf59060b9\cordic_stage'.
Finding identical cells in module `$paramod$d051e689d5327a357ac2c918100372a7016c9475\cordic_stage'.
Computing hashes of 17 cells of `$paramod$d051e689d5327a357ac2c918100372a7016c9475\cordic_stage'.
Finding duplicate cells in `$paramod$d051e689d5327a357ac2c918100372a7016c9475\cordic_stage'.
Finding identical cells in module `$paramod$126d84d701c2cc9a597647f943872c89fc0e0486\cordic_stage'.
Computing hashes of 17 cells of `$paramod$126d84d701c2cc9a597647f943872c89fc0e0486\cordic_stage'.
Finding duplicate cells in `$paramod$126d84d701c2cc9a597647f943872c89fc0e0486\cordic_stage'.
Finding identical cells in module `$paramod$be7bec05f99528b83047c54b2c3b7ab2ac7f529f\cordic_stage'.
Computing hashes of 17 cells of `$paramod$be7bec05f99528b83047c54b2c3b7ab2ac7f529f\cordic_stage'.
Finding duplicate cells in `$paramod$be7bec05f99528b83047c54b2c3b7ab2ac7f529f\cordic_stage'.
Finding identical cells in module `$paramod$b8db0999d09c2bf93070cea839ea649340d02004\cordic_stage'.
Computing hashes of 17 cells of `$paramod$b8db0999d09c2bf93070cea839ea649340d02004\cordic_stage'.
Finding duplicate cells in `$paramod$b8db0999d09c2bf93070cea839ea649340d02004\cordic_stage'.
Finding identical cells in module `$paramod$c3982464bdd43885eb14a5af78baf7982db37425\cordic_stage'.
Computing hashes of 17 cells of `$paramod$c3982464bdd43885eb14a5af78baf7982db37425\cordic_stage'.
Finding duplicate cells in `$paramod$c3982464bdd43885eb14a5af78baf7982db37425\cordic_stage'.
Finding identical cells in module `$paramod$1ceed3bff8837b34d0a66987aff5145c079c2fbd\cordic_stage'.
Computing hashes of 17 cells of `$paramod$1ceed3bff8837b34d0a66987aff5145c079c2fbd\cordic_stage'.
Finding duplicate cells in `$paramod$1ceed3bff8837b34d0a66987aff5145c079c2fbd\cordic_stage'.
Finding identical cells in module `$paramod$a744cc0f1faffa6b4bad02f7493d97baee494aa9\cordic_stage'.
Computing hashes of 17 cells of `$paramod$a744cc0f1faffa6b4bad02f7493d97baee494aa9\cordic_stage'.
Finding duplicate cells in `$paramod$a744cc0f1faffa6b4bad02f7493d97baee494aa9\cordic_stage'.
Finding identical cells in module `$paramod$4f7c2943c908f89b3241078e20d5e72df920ea4c\cordic_stage'.
Computing hashes of 17 cells of `$paramod$4f7c2943c908f89b3241078e20d5e72df920ea4c\cordic_stage'.
Finding duplicate cells in `$paramod$4f7c2943c908f89b3241078e20d5e72df920ea4c\cordic_stage'.
Finding identical cells in module `$paramod$e0b39c4462fc09c778e150d1c789ca7fe160ca07\cordic_stage'.
Computing hashes of 17 cells of `$paramod$e0b39c4462fc09c778e150d1c789ca7fe160ca07\cordic_stage'.
Finding duplicate cells in `$paramod$e0b39c4462fc09c778e150d1c789ca7fe160ca07\cordic_stage'.
Finding identical cells in module `$paramod$bfb04248936278b1df1155cdc757ddb460a8d245\cordic_stage'.
Computing hashes of 17 cells of `$paramod$bfb04248936278b1df1155cdc757ddb460a8d245\cordic_stage'.
Finding duplicate cells in `$paramod$bfb04248936278b1df1155cdc757ddb460a8d245\cordic_stage'.
Finding identical cells in module `$paramod$13df4f4c9c1b261592c9a2486a54e334ba271a0d\cordic_stage'.
Computing hashes of 17 cells of `$paramod$13df4f4c9c1b261592c9a2486a54e334ba271a0d\cordic_stage'.
Finding duplicate cells in `$paramod$13df4f4c9c1b261592c9a2486a54e334ba271a0d\cordic_stage'.
Finding identical cells in module `$paramod$92317b3f664a636e96e14bfabf5ac92fa5f616e0\cordic_stage'.
Computing hashes of 17 cells of `$paramod$92317b3f664a636e96e14bfabf5ac92fa5f616e0\cordic_stage'.
Finding duplicate cells in `$paramod$92317b3f664a636e96e14bfabf5ac92fa5f616e0\cordic_stage'.
Finding identical cells in module `$paramod$1c78dad951792559821a28759880bf6605d5ac8b\cordic_stage'.
Computing hashes of 15 cells of `$paramod$1c78dad951792559821a28759880bf6605d5ac8b\cordic_stage'.
Finding duplicate cells in `$paramod$1c78dad951792559821a28759880bf6605d5ac8b\cordic_stage'.
Finding identical cells in module `\siren_neuron'.
Computing hashes of 3 cells of `\siren_neuron'.
Finding duplicate cells in `\siren_neuron'.
Finding identical cells in module `\siren_act_unit'.
Computing hashes of 2 cells of `\siren_act_unit'.
Finding duplicate cells in `\siren_act_unit'.
Finding identical cells in module `$paramod$ab10e97098def7190bb8b712e42708d46e5dfde5\cordic_stage'.
Computing hashes of 16 cells of `$paramod$ab10e97098def7190bb8b712e42708d46e5dfde5\cordic_stage'.
Finding duplicate cells in `$paramod$ab10e97098def7190bb8b712e42708d46e5dfde5\cordic_stage'.
Finding identical cells in module `\cordic_wrapper'.
Computing hashes of 18 cells of `\cordic_wrapper'.
Finding duplicate cells in `\cordic_wrapper'.
Finding identical cells in module `\phase_folder'.
Computing hashes of 2 cells of `\phase_folder'.
Finding duplicate cells in `\phase_folder'.
Finding identical cells in module `\siren_scaler'.
Computing hashes of 3 cells of `\siren_scaler'.
Finding duplicate cells in `\siren_scaler'.
Finding identical cells in module `\mac_unit'.
Computing hashes of 17 cells of `\mac_unit'.
Finding duplicate cells in `\mac_unit'.
Removed a total of 0 cells.

11.19.14. Executing OPT_SHARE pass.

11.19.15. Executing OPT_DFF pass (perform DFF optimizations).

11.19.16. Executing OPT_CLEAN pass (remove unused cells and wires).
Finding unused cells or wires in module $paramod$fda4c52592ec151689e44937ab5af6abb2bbb4f7\cordic_stage..
Finding unused cells or wires in module $paramod$a64f440093fbb2a761ca462422596e7cf59060b9\cordic_stage..
Finding unused cells or wires in module $paramod$d051e689d5327a357ac2c918100372a7016c9475\cordic_stage..
Finding unused cells or wires in module $paramod$126d84d701c2cc9a597647f943872c89fc0e0486\cordic_stage..
Finding unused cells or wires in module $paramod$be7bec05f99528b83047c54b2c3b7ab2ac7f529f\cordic_stage..
Finding unused cells or wires in module $paramod$b8db0999d09c2bf93070cea839ea649340d02004\cordic_stage..
Finding unused cells or wires in module $paramod$c3982464bdd43885eb14a5af78baf7982db37425\cordic_stage..
Finding unused cells or wires in module $paramod$1ceed3bff8837b34d0a66987aff5145c079c2fbd\cordic_stage..
Finding unused cells or wires in module $paramod$a744cc0f1faffa6b4bad02f7493d97baee494aa9\cordic_stage..
Finding unused cells or wires in module $paramod$4f7c2943c908f89b3241078e20d5e72df920ea4c\cordic_stage..
Finding unused cells or wires in module $paramod$e0b39c4462fc09c778e150d1c789ca7fe160ca07\cordic_stage..
Finding unused cells or wires in module $paramod$bfb04248936278b1df1155cdc757ddb460a8d245\cordic_stage..
Finding unused cells or wires in module $paramod$13df4f4c9c1b261592c9a2486a54e334ba271a0d\cordic_stage..
Finding unused cells or wires in module $paramod$92317b3f664a636e96e14bfabf5ac92fa5f616e0\cordic_stage..
Finding unused cells or wires in module $paramod$1c78dad951792559821a28759880bf6605d5ac8b\cordic_stage..
Finding unused cells or wires in module \siren_neuron..
Finding unused cells or wires in module \siren_act_unit..
Finding unused cells or wires in module $paramod$ab10e97098def7190bb8b712e42708d46e5dfde5\cordic_stage..
Finding unused cells or wires in module \cordic_wrapper..
Finding unused cells or wires in module \phase_folder..
Finding unused cells or wires in module \siren_scaler..
Finding unused cells or wires in module \mac_unit..
Removed 0 unused cells and 61 unused wires.
<suppressed ~17 debug messages>

11.19.17. Executing OPT_EXPR pass (perform const folding).
Optimizing module $paramod$fda4c52592ec151689e44937ab5af6abb2bbb4f7\cordic_stage.
Optimizing module $paramod$a64f440093fbb2a761ca462422596e7cf59060b9\cordic_stage.
Optimizing module $paramod$d051e689d5327a357ac2c918100372a7016c9475\cordic_stage.
Optimizing module $paramod$126d84d701c2cc9a597647f943872c89fc0e0486\cordic_stage.
Optimizing module $paramod$be7bec05f99528b83047c54b2c3b7ab2ac7f529f\cordic_stage.
Optimizing module $paramod$b8db0999d09c2bf93070cea839ea649340d02004\cordic_stage.
Optimizing module $paramod$c3982464bdd43885eb14a5af78baf7982db37425\cordic_stage.
Optimizing module $paramod$1ceed3bff8837b34d0a66987aff5145c079c2fbd\cordic_stage.
Optimizing module $paramod$a744cc0f1faffa6b4bad02f7493d97baee494aa9\cordic_stage.
Optimizing module $paramod$4f7c2943c908f89b3241078e20d5e72df920ea4c\cordic_stage.
Optimizing module $paramod$e0b39c4462fc09c778e150d1c789ca7fe160ca07\cordic_stage.
Optimizing module $paramod$bfb04248936278b1df1155cdc757ddb460a8d245\cordic_stage.
Optimizing module $paramod$13df4f4c9c1b261592c9a2486a54e334ba271a0d\cordic_stage.
<suppressed ~1 debug messages>
Optimizing module $paramod$92317b3f664a636e96e14bfabf5ac92fa5f616e0\cordic_stage.
<suppressed ~1 debug messages>
Optimizing module $paramod$1c78dad951792559821a28759880bf6605d5ac8b\cordic_stage.
Optimizing module siren_neuron.
Optimizing module siren_act_unit.
Optimizing module $paramod$ab10e97098def7190bb8b712e42708d46e5dfde5\cordic_stage.
<suppressed ~1 debug messages>
Optimizing module cordic_wrapper.
Optimizing module phase_folder.
Optimizing module siren_scaler.
Optimizing module mac_unit.

11.19.18. Rerunning OPT passes. (Maybe there is more to do..)

11.19.19. Executing OPT_MUXTREE pass (detect dead branches in mux trees).
Running muxtree optimizer on module $paramod$fda4c52592ec151689e44937ab5af6abb2bbb4f7\cordic_stage..
  Creating internal representation of mux trees.
  Evaluating internal representation of mux trees.
  Analyzing evaluation results.
Running muxtree optimizer on module $paramod$a64f440093fbb2a761ca462422596e7cf59060b9\cordic_stage..
  Creating internal representation of mux trees.
  Evaluating internal representation of mux trees.
  Analyzing evaluation results.
Running muxtree optimizer on module $paramod$d051e689d5327a357ac2c918100372a7016c9475\cordic_stage..
  Creating internal representation of mux trees.
  Evaluating internal representation of mux trees.
  Analyzing evaluation results.
Running muxtree optimizer on module $paramod$126d84d701c2cc9a597647f943872c89fc0e0486\cordic_stage..
  Creating internal representation of mux trees.
  Evaluating internal representation of mux trees.
  Analyzing evaluation results.
Running muxtree optimizer on module $paramod$be7bec05f99528b83047c54b2c3b7ab2ac7f529f\cordic_stage..
  Creating internal representation of mux trees.
  Evaluating internal representation of mux trees.
  Analyzing evaluation results.
Running muxtree optimizer on module $paramod$b8db0999d09c2bf93070cea839ea649340d02004\cordic_stage..
  Creating internal representation of mux trees.
  Evaluating internal representation of mux trees.
  Analyzing evaluation results.
Running muxtree optimizer on module $paramod$c3982464bdd43885eb14a5af78baf7982db37425\cordic_stage..
  Creating internal representation of mux trees.
  Evaluating internal representation of mux trees.
  Analyzing evaluation results.
Running muxtree optimizer on module $paramod$1ceed3bff8837b34d0a66987aff5145c079c2fbd\cordic_stage..
  Creating internal representation of mux trees.
  Evaluating internal representation of mux trees.
  Analyzing evaluation results.
Running muxtree optimizer on module $paramod$a744cc0f1faffa6b4bad02f7493d97baee494aa9\cordic_stage..
  Creating internal representation of mux trees.
  Evaluating internal representation of mux trees.
  Analyzing evaluation results.
Running muxtree optimizer on module $paramod$4f7c2943c908f89b3241078e20d5e72df920ea4c\cordic_stage..
  Creating internal representation of mux trees.
  Evaluating internal representation of mux trees.
  Analyzing evaluation results.
Running muxtree optimizer on module $paramod$e0b39c4462fc09c778e150d1c789ca7fe160ca07\cordic_stage..
  Creating internal representation of mux trees.
  Evaluating internal representation of mux trees.
  Analyzing evaluation results.
Running muxtree optimizer on module $paramod$bfb04248936278b1df1155cdc757ddb460a8d245\cordic_stage..
  Creating internal representation of mux trees.
  Evaluating internal representation of mux trees.
  Analyzing evaluation results.
Running muxtree optimizer on module $paramod$13df4f4c9c1b261592c9a2486a54e334ba271a0d\cordic_stage..
  Creating internal representation of mux trees.
  Evaluating internal representation of mux trees.
  Analyzing evaluation results.
Running muxtree optimizer on module $paramod$92317b3f664a636e96e14bfabf5ac92fa5f616e0\cordic_stage..
  Creating internal representation of mux trees.
  Evaluating internal representation of mux trees.
  Analyzing evaluation results.
Running muxtree optimizer on module $paramod$1c78dad951792559821a28759880bf6605d5ac8b\cordic_stage..
  Creating internal representation of mux trees.
  Evaluating internal representation of mux trees.
  Analyzing evaluation results.
Running muxtree optimizer on module \siren_neuron..
  Creating internal representation of mux trees.
  No muxes found in this module.
Running muxtree optimizer on module \siren_act_unit..
  Creating internal representation of mux trees.
  No muxes found in this module.
Running muxtree optimizer on module $paramod$ab10e97098def7190bb8b712e42708d46e5dfde5\cordic_stage..
  Creating internal representation of mux trees.
  Evaluating internal representation of mux trees.
  Analyzing evaluation results.
Running muxtree optimizer on module \cordic_wrapper..
  Creating internal representation of mux trees.
  Evaluating internal representation of mux trees.
  Analyzing evaluation results.
Running muxtree optimizer on module \phase_folder..
  Creating internal representation of mux trees.
  No muxes found in this module.
Running muxtree optimizer on module \siren_scaler..
  Creating internal representation of mux trees.
  No muxes found in this module.
Running muxtree optimizer on module \mac_unit..
  Creating internal representation of mux trees.
  Evaluating internal representation of mux trees.
  Analyzing evaluation results.
Removed 0 multiplexer ports.
<suppressed ~97 debug messages>

11.19.20. Executing OPT_REDUCE pass (consolidate $*mux and $reduce_* inputs).
  Optimizing cells in module $paramod$fda4c52592ec151689e44937ab5af6abb2bbb4f7\cordic_stage.
  Optimizing cells in module $paramod$a64f440093fbb2a761ca462422596e7cf59060b9\cordic_stage.
  Optimizing cells in module $paramod$d051e689d5327a357ac2c918100372a7016c9475\cordic_stage.
  Optimizing cells in module $paramod$126d84d701c2cc9a597647f943872c89fc0e0486\cordic_stage.
  Optimizing cells in module $paramod$be7bec05f99528b83047c54b2c3b7ab2ac7f529f\cordic_stage.
  Optimizing cells in module $paramod$b8db0999d09c2bf93070cea839ea649340d02004\cordic_stage.
  Optimizing cells in module $paramod$c3982464bdd43885eb14a5af78baf7982db37425\cordic_stage.
  Optimizing cells in module $paramod$1ceed3bff8837b34d0a66987aff5145c079c2fbd\cordic_stage.
  Optimizing cells in module $paramod$a744cc0f1faffa6b4bad02f7493d97baee494aa9\cordic_stage.
  Optimizing cells in module $paramod$4f7c2943c908f89b3241078e20d5e72df920ea4c\cordic_stage.
  Optimizing cells in module $paramod$e0b39c4462fc09c778e150d1c789ca7fe160ca07\cordic_stage.
  Optimizing cells in module $paramod$bfb04248936278b1df1155cdc757ddb460a8d245\cordic_stage.
  Optimizing cells in module $paramod$13df4f4c9c1b261592c9a2486a54e334ba271a0d\cordic_stage.
  Optimizing cells in module $paramod$92317b3f664a636e96e14bfabf5ac92fa5f616e0\cordic_stage.
  Optimizing cells in module $paramod$1c78dad951792559821a28759880bf6605d5ac8b\cordic_stage.
  Optimizing cells in module \siren_neuron.
  Optimizing cells in module \siren_act_unit.
  Optimizing cells in module $paramod$ab10e97098def7190bb8b712e42708d46e5dfde5\cordic_stage.
  Optimizing cells in module \cordic_wrapper.
  Optimizing cells in module \phase_folder.
  Optimizing cells in module \siren_scaler.
  Optimizing cells in module \mac_unit.
Performed a total of 0 changes.

11.19.21. Executing OPT_MERGE pass (detect identical cells).
Finding identical cells in module `$paramod$fda4c52592ec151689e44937ab5af6abb2bbb4f7\cordic_stage'.
Computing hashes of 17 cells of `$paramod$fda4c52592ec151689e44937ab5af6abb2bbb4f7\cordic_stage'.
Finding duplicate cells in `$paramod$fda4c52592ec151689e44937ab5af6abb2bbb4f7\cordic_stage'.
Finding identical cells in module `$paramod$a64f440093fbb2a761ca462422596e7cf59060b9\cordic_stage'.
Computing hashes of 17 cells of `$paramod$a64f440093fbb2a761ca462422596e7cf59060b9\cordic_stage'.
Finding duplicate cells in `$paramod$a64f440093fbb2a761ca462422596e7cf59060b9\cordic_stage'.
Finding identical cells in module `$paramod$d051e689d5327a357ac2c918100372a7016c9475\cordic_stage'.
Computing hashes of 17 cells of `$paramod$d051e689d5327a357ac2c918100372a7016c9475\cordic_stage'.
Finding duplicate cells in `$paramod$d051e689d5327a357ac2c918100372a7016c9475\cordic_stage'.
Finding identical cells in module `$paramod$126d84d701c2cc9a597647f943872c89fc0e0486\cordic_stage'.
Computing hashes of 17 cells of `$paramod$126d84d701c2cc9a597647f943872c89fc0e0486\cordic_stage'.
Finding duplicate cells in `$paramod$126d84d701c2cc9a597647f943872c89fc0e0486\cordic_stage'.
Finding identical cells in module `$paramod$be7bec05f99528b83047c54b2c3b7ab2ac7f529f\cordic_stage'.
Computing hashes of 17 cells of `$paramod$be7bec05f99528b83047c54b2c3b7ab2ac7f529f\cordic_stage'.
Finding duplicate cells in `$paramod$be7bec05f99528b83047c54b2c3b7ab2ac7f529f\cordic_stage'.
Finding identical cells in module `$paramod$b8db0999d09c2bf93070cea839ea649340d02004\cordic_stage'.
Computing hashes of 17 cells of `$paramod$b8db0999d09c2bf93070cea839ea649340d02004\cordic_stage'.
Finding duplicate cells in `$paramod$b8db0999d09c2bf93070cea839ea649340d02004\cordic_stage'.
Finding identical cells in module `$paramod$c3982464bdd43885eb14a5af78baf7982db37425\cordic_stage'.
Computing hashes of 17 cells of `$paramod$c3982464bdd43885eb14a5af78baf7982db37425\cordic_stage'.
Finding duplicate cells in `$paramod$c3982464bdd43885eb14a5af78baf7982db37425\cordic_stage'.
Finding identical cells in module `$paramod$1ceed3bff8837b34d0a66987aff5145c079c2fbd\cordic_stage'.
Computing hashes of 17 cells of `$paramod$1ceed3bff8837b34d0a66987aff5145c079c2fbd\cordic_stage'.
Finding duplicate cells in `$paramod$1ceed3bff8837b34d0a66987aff5145c079c2fbd\cordic_stage'.
Finding identical cells in module `$paramod$a744cc0f1faffa6b4bad02f7493d97baee494aa9\cordic_stage'.
Computing hashes of 17 cells of `$paramod$a744cc0f1faffa6b4bad02f7493d97baee494aa9\cordic_stage'.
Finding duplicate cells in `$paramod$a744cc0f1faffa6b4bad02f7493d97baee494aa9\cordic_stage'.
Finding identical cells in module `$paramod$4f7c2943c908f89b3241078e20d5e72df920ea4c\cordic_stage'.
Computing hashes of 17 cells of `$paramod$4f7c2943c908f89b3241078e20d5e72df920ea4c\cordic_stage'.
Finding duplicate cells in `$paramod$4f7c2943c908f89b3241078e20d5e72df920ea4c\cordic_stage'.
Finding identical cells in module `$paramod$e0b39c4462fc09c778e150d1c789ca7fe160ca07\cordic_stage'.
Computing hashes of 17 cells of `$paramod$e0b39c4462fc09c778e150d1c789ca7fe160ca07\cordic_stage'.
Finding duplicate cells in `$paramod$e0b39c4462fc09c778e150d1c789ca7fe160ca07\cordic_stage'.
Finding identical cells in module `$paramod$bfb04248936278b1df1155cdc757ddb460a8d245\cordic_stage'.
Computing hashes of 17 cells of `$paramod$bfb04248936278b1df1155cdc757ddb460a8d245\cordic_stage'.
Finding duplicate cells in `$paramod$bfb04248936278b1df1155cdc757ddb460a8d245\cordic_stage'.
Finding identical cells in module `$paramod$13df4f4c9c1b261592c9a2486a54e334ba271a0d\cordic_stage'.
Computing hashes of 17 cells of `$paramod$13df4f4c9c1b261592c9a2486a54e334ba271a0d\cordic_stage'.
Finding duplicate cells in `$paramod$13df4f4c9c1b261592c9a2486a54e334ba271a0d\cordic_stage'.
Finding identical cells in module `$paramod$92317b3f664a636e96e14bfabf5ac92fa5f616e0\cordic_stage'.
Computing hashes of 17 cells of `$paramod$92317b3f664a636e96e14bfabf5ac92fa5f616e0\cordic_stage'.
Finding duplicate cells in `$paramod$92317b3f664a636e96e14bfabf5ac92fa5f616e0\cordic_stage'.
Finding identical cells in module `$paramod$1c78dad951792559821a28759880bf6605d5ac8b\cordic_stage'.
Computing hashes of 15 cells of `$paramod$1c78dad951792559821a28759880bf6605d5ac8b\cordic_stage'.
Finding duplicate cells in `$paramod$1c78dad951792559821a28759880bf6605d5ac8b\cordic_stage'.
Finding identical cells in module `\siren_neuron'.
Computing hashes of 3 cells of `\siren_neuron'.
Finding duplicate cells in `\siren_neuron'.
Finding identical cells in module `\siren_act_unit'.
Computing hashes of 2 cells of `\siren_act_unit'.
Finding duplicate cells in `\siren_act_unit'.
Finding identical cells in module `$paramod$ab10e97098def7190bb8b712e42708d46e5dfde5\cordic_stage'.
Computing hashes of 16 cells of `$paramod$ab10e97098def7190bb8b712e42708d46e5dfde5\cordic_stage'.
Finding duplicate cells in `$paramod$ab10e97098def7190bb8b712e42708d46e5dfde5\cordic_stage'.
Finding identical cells in module `\cordic_wrapper'.
Computing hashes of 18 cells of `\cordic_wrapper'.
Finding duplicate cells in `\cordic_wrapper'.
Finding identical cells in module `\phase_folder'.
Computing hashes of 2 cells of `\phase_folder'.
Finding duplicate cells in `\phase_folder'.
Finding identical cells in module `\siren_scaler'.
Computing hashes of 3 cells of `\siren_scaler'.
Finding duplicate cells in `\siren_scaler'.
Finding identical cells in module `\mac_unit'.
Computing hashes of 17 cells of `\mac_unit'.
Finding duplicate cells in `\mac_unit'.
Removed a total of 0 cells.

11.19.22. Executing OPT_SHARE pass.

11.19.23. Executing OPT_DFF pass (perform DFF optimizations).

11.19.24. Executing OPT_CLEAN pass (remove unused cells and wires).
Finding unused cells or wires in module $paramod$fda4c52592ec151689e44937ab5af6abb2bbb4f7\cordic_stage..
Finding unused cells or wires in module $paramod$a64f440093fbb2a761ca462422596e7cf59060b9\cordic_stage..
Finding unused cells or wires in module $paramod$d051e689d5327a357ac2c918100372a7016c9475\cordic_stage..
Finding unused cells or wires in module $paramod$126d84d701c2cc9a597647f943872c89fc0e0486\cordic_stage..
Finding unused cells or wires in module $paramod$be7bec05f99528b83047c54b2c3b7ab2ac7f529f\cordic_stage..
Finding unused cells or wires in module $paramod$b8db0999d09c2bf93070cea839ea649340d02004\cordic_stage..
Finding unused cells or wires in module $paramod$c3982464bdd43885eb14a5af78baf7982db37425\cordic_stage..
Finding unused cells or wires in module $paramod$1ceed3bff8837b34d0a66987aff5145c079c2fbd\cordic_stage..
Finding unused cells or wires in module $paramod$a744cc0f1faffa6b4bad02f7493d97baee494aa9\cordic_stage..
Finding unused cells or wires in module $paramod$4f7c2943c908f89b3241078e20d5e72df920ea4c\cordic_stage..
Finding unused cells or wires in module $paramod$e0b39c4462fc09c778e150d1c789ca7fe160ca07\cordic_stage..
Finding unused cells or wires in module $paramod$bfb04248936278b1df1155cdc757ddb460a8d245\cordic_stage..
Finding unused cells or wires in module $paramod$13df4f4c9c1b261592c9a2486a54e334ba271a0d\cordic_stage..
Finding unused cells or wires in module $paramod$92317b3f664a636e96e14bfabf5ac92fa5f616e0\cordic_stage..
Finding unused cells or wires in module $paramod$1c78dad951792559821a28759880bf6605d5ac8b\cordic_stage..
Finding unused cells or wires in module \siren_neuron..
Finding unused cells or wires in module \siren_act_unit..
Finding unused cells or wires in module $paramod$ab10e97098def7190bb8b712e42708d46e5dfde5\cordic_stage..
Finding unused cells or wires in module \cordic_wrapper..
Finding unused cells or wires in module \phase_folder..
Finding unused cells or wires in module \siren_scaler..
Finding unused cells or wires in module \mac_unit..

11.19.25. Executing OPT_EXPR pass (perform const folding).
Optimizing module $paramod$fda4c52592ec151689e44937ab5af6abb2bbb4f7\cordic_stage.
Optimizing module $paramod$a64f440093fbb2a761ca462422596e7cf59060b9\cordic_stage.
Optimizing module $paramod$d051e689d5327a357ac2c918100372a7016c9475\cordic_stage.
Optimizing module $paramod$126d84d701c2cc9a597647f943872c89fc0e0486\cordic_stage.
Optimizing module $paramod$be7bec05f99528b83047c54b2c3b7ab2ac7f529f\cordic_stage.
Optimizing module $paramod$b8db0999d09c2bf93070cea839ea649340d02004\cordic_stage.
Optimizing module $paramod$c3982464bdd43885eb14a5af78baf7982db37425\cordic_stage.
Optimizing module $paramod$1ceed3bff8837b34d0a66987aff5145c079c2fbd\cordic_stage.
Optimizing module $paramod$a744cc0f1faffa6b4bad02f7493d97baee494aa9\cordic_stage.
Optimizing module $paramod$4f7c2943c908f89b3241078e20d5e72df920ea4c\cordic_stage.
Optimizing module $paramod$e0b39c4462fc09c778e150d1c789ca7fe160ca07\cordic_stage.
Optimizing module $paramod$bfb04248936278b1df1155cdc757ddb460a8d245\cordic_stage.
Optimizing module $paramod$13df4f4c9c1b261592c9a2486a54e334ba271a0d\cordic_stage.
Optimizing module $paramod$92317b3f664a636e96e14bfabf5ac92fa5f616e0\cordic_stage.
Optimizing module $paramod$1c78dad951792559821a28759880bf6605d5ac8b\cordic_stage.
Optimizing module siren_neuron.
Optimizing module siren_act_unit.
Optimizing module $paramod$ab10e97098def7190bb8b712e42708d46e5dfde5\cordic_stage.
Optimizing module cordic_wrapper.
Optimizing module phase_folder.
Optimizing module siren_scaler.
Optimizing module mac_unit.

11.19.26. Finished fast OPT passes. (There is nothing left to do.)

11.20. Executing TECHMAP pass (map to technology primitives).

11.20.1. Executing Verilog-2005 frontend: /usr/bin/../share/yosys/techmap.v
Parsing Verilog input from `/usr/bin/../share/yosys/techmap.v' to AST representation.
Generating RTLIL representation for module `\_90_simplemap_bool_ops'.
Generating RTLIL representation for module `\_90_simplemap_reduce_ops'.
Generating RTLIL representation for module `\_90_simplemap_logic_ops'.
Generating RTLIL representation for module `\_90_simplemap_compare_ops'.
Generating RTLIL representation for module `\_90_simplemap_various'.
Generating RTLIL representation for module `\_90_simplemap_registers'.
Generating RTLIL representation for module `\_90_shift_ops_shr_shl_sshl_sshr'.
Generating RTLIL representation for module `\_90_shift_shiftx'.
Generating RTLIL representation for module `\_90_fa'.
Generating RTLIL representation for module `\_90_lcu_brent_kung'.
Generating RTLIL representation for module `\_90_alu'.
Generating RTLIL representation for module `\_90_macc'.
Generating RTLIL representation for module `\_90_alumacc'.
Generating RTLIL representation for module `$__div_mod_u'.
Generating RTLIL representation for module `$__div_mod_trunc'.
Generating RTLIL representation for module `\_90_div'.
Generating RTLIL representation for module `\_90_mod'.
Generating RTLIL representation for module `$__div_mod_floor'.
Generating RTLIL representation for module `\_90_divfloor'.
Generating RTLIL representation for module `\_90_modfloor'.
Generating RTLIL representation for module `\_90_pow'.
Generating RTLIL representation for module `\_90_demux'.
Generating RTLIL representation for module `\_90_lut'.
Generating RTLIL representation for module `$connect'.
Generating RTLIL representation for module `$input_port'.
Successfully finished Verilog frontend.

11.20.2. Continuing TECHMAP pass.
Using extmapper simplemap for cells of type $mux.
Using template $paramod$12e31c0c76ecde1a715dacc3142fc13241638c74\_90_alu for cells of type $alu.
Using extmapper simplemap for cells of type $xor.
Using template $paramod$f76367b12570bf4f66fff5bb6ce8da2c8eb4a7aa\_90_alu for cells of type $alu.
Using extmapper simplemap for cells of type $or.
Using extmapper simplemap for cells of type $reduce_and.
Using template $paramod$a0f76a3779d754a99eaf0c06f090fe2e11297d90\_90_alu for cells of type $alu.
Using extmapper maccmap for cells of type $macc_v2.
  add \a_in * \w_in (16x16 bits, signed)
Using extmapper simplemap for cells of type $adffe.
Using extmapper simplemap for cells of type $adff.
Using template $paramod\_90_fa\WIDTH=32'00000000000000000000000000100000 for cells of type $fa.
Using template $paramod$fbc7873bff55778c0b3173955b7e4bce1d9d6834\_90_alu for cells of type $alu.
Using extmapper simplemap for cells of type $and.
Using extmapper simplemap for cells of type $not.
Using extmapper simplemap for cells of type $pos.
Using template $paramod\_90_fa\WIDTH=32'00000000000000000000000000010010 for cells of type $fa.
Using template $paramod\_90_lcu_brent_kung\WIDTH=32'00000000000000000000000000010010 for cells of type $lcu.
Using template $paramod\_90_fa\WIDTH=32'00000000000000000000000000010101 for cells of type $fa.
Using template $paramod\_90_lcu_brent_kung\WIDTH=32'00000000000000000000000000010101 for cells of type $lcu.
Using template $paramod\_90_fa\WIDTH=32'00000000000000000000000000100001 for cells of type $fa.
Using template $paramod\_90_lcu_brent_kung\WIDTH=32'00000000000000000000000000100001 for cells of type $lcu.
Using template $paramod\_90_lcu_brent_kung\WIDTH=32'00000000000000000000000000100000 for cells of type $lcu.
Using template $paramod$f9c19ff4cb4a16225c995ba7d19f84b51b027f23\_90_alu for cells of type $alu.
Using template $paramod\_90_fa\WIDTH=32'00000000000000000000000000001111 for cells of type $fa.
Using template $paramod\_90_lcu_brent_kung\WIDTH=32'00000000000000000000000000001111 for cells of type $lcu.
Using extmapper simplemap for cells of type $eq.
Using template $paramod$d4c0c20b0ee59f495e14575c4397dc0a6dd9e8e6\_90_alu for cells of type $alu.
Using template $paramod$619a7e60d42ca0996ea4b1b41bb5412f6a52141d\_90_alu for cells of type $alu.
Using extmapper simplemap for cells of type $reduce_or.
Using template $paramod\_90_fa\WIDTH=32'00000000000000000000000000010000 for cells of type $fa.
Using template $paramod\_90_lcu_brent_kung\WIDTH=32'00000000000000000000000000010000 for cells of type $lcu.
Using template $paramod\_90_fa\WIDTH=32'00000000000000000000000000000011 for cells of type $fa.
Using template $paramod\_90_lcu_brent_kung\WIDTH=32'00000000000000000000000000000011 for cells of type $lcu.
Running "alumacc" on wrapper $extern:wrap:$neg:Y_WIDTH=16:A_WIDTH=16:A_SIGNED=1:394426c56d1a028ba8fdd5469b163e04011def47.
Using template $extern:wrap:$neg:Y_WIDTH=16:A_WIDTH=16:A_SIGNED=1:394426c56d1a028ba8fdd5469b163e04011def47 for cells of type $extern:wrap:$neg:Y_WIDTH=16:A_WIDTH=16:A_SIGNED=1:394426c56d1a028ba8fdd5469b163e04011def47.
Using template $paramod$02488ff6fa51b28bbfa470bdd9b0e548b3357746\_90_alu for cells of type $alu.
Using template $paramod$0d7ff93aea395ec407d544a178a4b13ea860d212\_90_alu for cells of type $alu.
Using template $paramod\_90_fa\WIDTH=32'00000000000000000000000000001110 for cells of type $fa.
Using template $paramod\_90_lcu_brent_kung\WIDTH=32'00000000000000000000000000001110 for cells of type $lcu.
No more expansions possible.
<suppressed ~8245 debug messages>

11.21. Executing OPT pass (performing simple optimizations).

11.21.1. Executing OPT_EXPR pass (perform const folding).
Optimizing module $paramod$fda4c52592ec151689e44937ab5af6abb2bbb4f7\cordic_stage.
<suppressed ~485 debug messages>
Optimizing module $paramod$a64f440093fbb2a761ca462422596e7cf59060b9\cordic_stage.
<suppressed ~492 debug messages>
Optimizing module $paramod$d051e689d5327a357ac2c918100372a7016c9475\cordic_stage.
<suppressed ~497 debug messages>
Optimizing module $paramod$126d84d701c2cc9a597647f943872c89fc0e0486\cordic_stage.
<suppressed ~496 debug messages>
Optimizing module $paramod$be7bec05f99528b83047c54b2c3b7ab2ac7f529f\cordic_stage.
<suppressed ~492 debug messages>
Optimizing module $paramod$b8db0999d09c2bf93070cea839ea649340d02004\cordic_stage.
<suppressed ~497 debug messages>
Optimizing module $paramod$c3982464bdd43885eb14a5af78baf7982db37425\cordic_stage.
<suppressed ~498 debug messages>
Optimizing module $paramod$1ceed3bff8837b34d0a66987aff5145c079c2fbd\cordic_stage.
<suppressed ~498 debug messages>
Optimizing module $paramod$a744cc0f1faffa6b4bad02f7493d97baee494aa9\cordic_stage.
<suppressed ~489 debug messages>
Optimizing module $paramod$4f7c2943c908f89b3241078e20d5e72df920ea4c\cordic_stage.
<suppressed ~494 debug messages>
Optimizing module $paramod$e0b39c4462fc09c778e150d1c789ca7fe160ca07\cordic_stage.
<suppressed ~499 debug messages>
Optimizing module $paramod$bfb04248936278b1df1155cdc757ddb460a8d245\cordic_stage.
<suppressed ~499 debug messages>
Optimizing module $paramod$13df4f4c9c1b261592c9a2486a54e334ba271a0d\cordic_stage.
<suppressed ~499 debug messages>
Optimizing module $paramod$92317b3f664a636e96e14bfabf5ac92fa5f616e0\cordic_stage.
<suppressed ~499 debug messages>
Optimizing module $paramod$1c78dad951792559821a28759880bf6605d5ac8b\cordic_stage.
<suppressed ~413 debug messages>
Optimizing module siren_neuron.
Optimizing module siren_act_unit.
Optimizing module $paramod$ab10e97098def7190bb8b712e42708d46e5dfde5\cordic_stage.
<suppressed ~223 debug messages>
Optimizing module cordic_wrapper.
<suppressed ~30 debug messages>
Optimizing module phase_folder.
Optimizing module siren_scaler.
<suppressed ~78 debug messages>
Optimizing module mac_unit.
<suppressed ~1508 debug messages>

11.21.2. Executing OPT_MERGE pass (detect identical cells).
Finding identical cells in module `$paramod$fda4c52592ec151689e44937ab5af6abb2bbb4f7\cordic_stage'.
Computing hashes of 577 cells of `$paramod$fda4c52592ec151689e44937ab5af6abb2bbb4f7\cordic_stage'.
Finding duplicate cells in `$paramod$fda4c52592ec151689e44937ab5af6abb2bbb4f7\cordic_stage'.
Computing hashes of 553 cells of `$paramod$fda4c52592ec151689e44937ab5af6abb2bbb4f7\cordic_stage'.
Finding duplicate cells in `$paramod$fda4c52592ec151689e44937ab5af6abb2bbb4f7\cordic_stage'.
<suppressed ~72 debug messages>
Finding identical cells in module `$paramod$a64f440093fbb2a761ca462422596e7cf59060b9\cordic_stage'.
Computing hashes of 599 cells of `$paramod$a64f440093fbb2a761ca462422596e7cf59060b9\cordic_stage'.
Finding duplicate cells in `$paramod$a64f440093fbb2a761ca462422596e7cf59060b9\cordic_stage'.
Computing hashes of 571 cells of `$paramod$a64f440093fbb2a761ca462422596e7cf59060b9\cordic_stage'.
Finding duplicate cells in `$paramod$a64f440093fbb2a761ca462422596e7cf59060b9\cordic_stage'.
<suppressed ~84 debug messages>
Finding identical cells in module `$paramod$d051e689d5327a357ac2c918100372a7016c9475\cordic_stage'.
Computing hashes of 594 cells of `$paramod$d051e689d5327a357ac2c918100372a7016c9475\cordic_stage'.
Finding duplicate cells in `$paramod$d051e689d5327a357ac2c918100372a7016c9475\cordic_stage'.
Computing hashes of 570 cells of `$paramod$d051e689d5327a357ac2c918100372a7016c9475\cordic_stage'.
Finding duplicate cells in `$paramod$d051e689d5327a357ac2c918100372a7016c9475\cordic_stage'.
Computing hashes of 568 cells of `$paramod$d051e689d5327a357ac2c918100372a7016c9475\cordic_stage'.
Finding duplicate cells in `$paramod$d051e689d5327a357ac2c918100372a7016c9475\cordic_stage'.
<suppressed ~78 debug messages>
Finding identical cells in module `$paramod$126d84d701c2cc9a597647f943872c89fc0e0486\cordic_stage'.
Computing hashes of 595 cells of `$paramod$126d84d701c2cc9a597647f943872c89fc0e0486\cordic_stage'.
Finding duplicate cells in `$paramod$126d84d701c2cc9a597647f943872c89fc0e0486\cordic_stage'.
Computing hashes of 569 cells of `$paramod$126d84d701c2cc9a597647f943872c89fc0e0486\cordic_stage'.
Finding duplicate cells in `$paramod$126d84d701c2cc9a597647f943872c89fc0e0486\cordic_stage'.
Computing hashes of 567 cells of `$paramod$126d84d701c2cc9a597647f943872c89fc0e0486\cordic_stage'.
Finding duplicate cells in `$paramod$126d84d701c2cc9a597647f943872c89fc0e0486\cordic_stage'.
<suppressed ~84 debug messages>
Finding identical cells in module `$paramod$be7bec05f99528b83047c54b2c3b7ab2ac7f529f\cordic_stage'.
Computing hashes of 580 cells of `$paramod$be7bec05f99528b83047c54b2c3b7ab2ac7f529f\cordic_stage'.
Finding duplicate cells in `$paramod$be7bec05f99528b83047c54b2c3b7ab2ac7f529f\cordic_stage'.
Computing hashes of 554 cells of `$paramod$be7bec05f99528b83047c54b2c3b7ab2ac7f529f\cordic_stage'.
Finding duplicate cells in `$paramod$be7bec05f99528b83047c54b2c3b7ab2ac7f529f\cordic_stage'.
Computing hashes of 550 cells of `$paramod$be7bec05f99528b83047c54b2c3b7ab2ac7f529f\cordic_stage'.
Finding duplicate cells in `$paramod$be7bec05f99528b83047c54b2c3b7ab2ac7f529f\cordic_stage'.
<suppressed ~90 debug messages>
Finding identical cells in module `$paramod$b8db0999d09c2bf93070cea839ea649340d02004\cordic_stage'.
Computing hashes of 594 cells of `$paramod$b8db0999d09c2bf93070cea839ea649340d02004\cordic_stage'.
Finding duplicate cells in `$paramod$b8db0999d09c2bf93070cea839ea649340d02004\cordic_stage'.
Computing hashes of 567 cells of `$paramod$b8db0999d09c2bf93070cea839ea649340d02004\cordic_stage'.
Finding duplicate cells in `$paramod$b8db0999d09c2bf93070cea839ea649340d02004\cordic_stage'.
Computing hashes of 563 cells of `$paramod$b8db0999d09c2bf93070cea839ea649340d02004\cordic_stage'.
Finding duplicate cells in `$paramod$b8db0999d09c2bf93070cea839ea649340d02004\cordic_stage'.
<suppressed ~93 debug messages>
Finding identical cells in module `$paramod$c3982464bdd43885eb14a5af78baf7982db37425\cordic_stage'.
Computing hashes of 593 cells of `$paramod$c3982464bdd43885eb14a5af78baf7982db37425\cordic_stage'.
Finding duplicate cells in `$paramod$c3982464bdd43885eb14a5af78baf7982db37425\cordic_stage'.
Computing hashes of 566 cells of `$paramod$c3982464bdd43885eb14a5af78baf7982db37425\cordic_stage'.
Finding duplicate cells in `$paramod$c3982464bdd43885eb14a5af78baf7982db37425\cordic_stage'.
Computing hashes of 560 cells of `$paramod$c3982464bdd43885eb14a5af78baf7982db37425\cordic_stage'.
Finding duplicate cells in `$paramod$c3982464bdd43885eb14a5af78baf7982db37425\cordic_stage'.
Computing hashes of 558 cells of `$paramod$c3982464bdd43885eb14a5af78baf7982db37425\cordic_stage'.
Finding duplicate cells in `$paramod$c3982464bdd43885eb14a5af78baf7982db37425\cordic_stage'.
<suppressed ~105 debug messages>
Finding identical cells in module `$paramod$1ceed3bff8837b34d0a66987aff5145c079c2fbd\cordic_stage'.
Computing hashes of 593 cells of `$paramod$1ceed3bff8837b34d0a66987aff5145c079c2fbd\cordic_stage'.
Finding duplicate cells in `$paramod$1ceed3bff8837b34d0a66987aff5145c079c2fbd\cordic_stage'.
Computing hashes of 565 cells of `$paramod$1ceed3bff8837b34d0a66987aff5145c079c2fbd\cordic_stage'.
Finding duplicate cells in `$paramod$1ceed3bff8837b34d0a66987aff5145c079c2fbd\cordic_stage'.
Computing hashes of 559 cells of `$paramod$1ceed3bff8837b34d0a66987aff5145c079c2fbd\cordic_stage'.
Finding duplicate cells in `$paramod$1ceed3bff8837b34d0a66987aff5145c079c2fbd\cordic_stage'.
Computing hashes of 557 cells of `$paramod$1ceed3bff8837b34d0a66987aff5145c079c2fbd\cordic_stage'.
Finding duplicate cells in `$paramod$1ceed3bff8837b34d0a66987aff5145c079c2fbd\cordic_stage'.
<suppressed ~108 debug messages>
Finding identical cells in module `$paramod$a744cc0f1faffa6b4bad02f7493d97baee494aa9\cordic_stage'.
Computing hashes of 573 cells of `$paramod$a744cc0f1faffa6b4bad02f7493d97baee494aa9\cordic_stage'.
Finding duplicate cells in `$paramod$a744cc0f1faffa6b4bad02f7493d97baee494aa9\cordic_stage'.
Computing hashes of 545 cells of `$paramod$a744cc0f1faffa6b4bad02f7493d97baee494aa9\cordic_stage'.
Finding duplicate cells in `$paramod$a744cc0f1faffa6b4bad02f7493d97baee494aa9\cordic_stage'.
Computing hashes of 537 cells of `$paramod$a744cc0f1faffa6b4bad02f7493d97baee494aa9\cordic_stage'.
Finding duplicate cells in `$paramod$a744cc0f1faffa6b4bad02f7493d97baee494aa9\cordic_stage'.
Computing hashes of 535 cells of `$paramod$a744cc0f1faffa6b4bad02f7493d97baee494aa9\cordic_stage'.
Finding duplicate cells in `$paramod$a744cc0f1faffa6b4bad02f7493d97baee494aa9\cordic_stage'.
<suppressed ~114 debug messages>
Finding identical cells in module `$paramod$4f7c2943c908f89b3241078e20d5e72df920ea4c\cordic_stage'.
Computing hashes of 578 cells of `$paramod$4f7c2943c908f89b3241078e20d5e72df920ea4c\cordic_stage'.
Finding duplicate cells in `$paramod$4f7c2943c908f89b3241078e20d5e72df920ea4c\cordic_stage'.
Computing hashes of 549 cells of `$paramod$4f7c2943c908f89b3241078e20d5e72df920ea4c\cordic_stage'.
Finding duplicate cells in `$paramod$4f7c2943c908f89b3241078e20d5e72df920ea4c\cordic_stage'.
Computing hashes of 541 cells of `$paramod$4f7c2943c908f89b3241078e20d5e72df920ea4c\cordic_stage'.
Finding duplicate cells in `$paramod$4f7c2943c908f89b3241078e20d5e72df920ea4c\cordic_stage'.
Computing hashes of 539 cells of `$paramod$4f7c2943c908f89b3241078e20d5e72df920ea4c\cordic_stage'.
Finding duplicate cells in `$paramod$4f7c2943c908f89b3241078e20d5e72df920ea4c\cordic_stage'.
<suppressed ~117 debug messages>
Finding identical cells in module `$paramod$e0b39c4462fc09c778e150d1c789ca7fe160ca07\cordic_stage'.
Computing hashes of 592 cells of `$paramod$e0b39c4462fc09c778e150d1c789ca7fe160ca07\cordic_stage'.
Finding duplicate cells in `$paramod$e0b39c4462fc09c778e150d1c789ca7fe160ca07\cordic_stage'.
Computing hashes of 562 cells of `$paramod$e0b39c4462fc09c778e150d1c789ca7fe160ca07\cordic_stage'.
Finding duplicate cells in `$paramod$e0b39c4462fc09c778e150d1c789ca7fe160ca07\cordic_stage'.
Computing hashes of 552 cells of `$paramod$e0b39c4462fc09c778e150d1c789ca7fe160ca07\cordic_stage'.
Finding duplicate cells in `$paramod$e0b39c4462fc09c778e150d1c789ca7fe160ca07\cordic_stage'.
Computing hashes of 548 cells of `$paramod$e0b39c4462fc09c778e150d1c789ca7fe160ca07\cordic_stage'.
Finding duplicate cells in `$paramod$e0b39c4462fc09c778e150d1c789ca7fe160ca07\cordic_stage'.
<suppressed ~132 debug messages>
Finding identical cells in module `$paramod$bfb04248936278b1df1155cdc757ddb460a8d245\cordic_stage'.
Computing hashes of 592 cells of `$paramod$bfb04248936278b1df1155cdc757ddb460a8d245\cordic_stage'.
Finding duplicate cells in `$paramod$bfb04248936278b1df1155cdc757ddb460a8d245\cordic_stage'.
Computing hashes of 561 cells of `$paramod$bfb04248936278b1df1155cdc757ddb460a8d245\cordic_stage'.
Finding duplicate cells in `$paramod$bfb04248936278b1df1155cdc757ddb460a8d245\cordic_stage'.
Computing hashes of 551 cells of `$paramod$bfb04248936278b1df1155cdc757ddb460a8d245\cordic_stage'.
Finding duplicate cells in `$paramod$bfb04248936278b1df1155cdc757ddb460a8d245\cordic_stage'.
Computing hashes of 547 cells of `$paramod$bfb04248936278b1df1155cdc757ddb460a8d245\cordic_stage'.
Finding duplicate cells in `$paramod$bfb04248936278b1df1155cdc757ddb460a8d245\cordic_stage'.
<suppressed ~135 debug messages>
Finding identical cells in module `$paramod$13df4f4c9c1b261592c9a2486a54e334ba271a0d\cordic_stage'.
Computing hashes of 591 cells of `$paramod$13df4f4c9c1b261592c9a2486a54e334ba271a0d\cordic_stage'.
Finding duplicate cells in `$paramod$13df4f4c9c1b261592c9a2486a54e334ba271a0d\cordic_stage'.
Computing hashes of 560 cells of `$paramod$13df4f4c9c1b261592c9a2486a54e334ba271a0d\cordic_stage'.
Finding duplicate cells in `$paramod$13df4f4c9c1b261592c9a2486a54e334ba271a0d\cordic_stage'.
Computing hashes of 548 cells of `$paramod$13df4f4c9c1b261592c9a2486a54e334ba271a0d\cordic_stage'.
Finding duplicate cells in `$paramod$13df4f4c9c1b261592c9a2486a54e334ba271a0d\cordic_stage'.
Computing hashes of 544 cells of `$paramod$13df4f4c9c1b261592c9a2486a54e334ba271a0d\cordic_stage'.
Finding duplicate cells in `$paramod$13df4f4c9c1b261592c9a2486a54e334ba271a0d\cordic_stage'.
<suppressed ~141 debug messages>
Finding identical cells in module `$paramod$92317b3f664a636e96e14bfabf5ac92fa5f616e0\cordic_stage'.
Computing hashes of 591 cells of `$paramod$92317b3f664a636e96e14bfabf5ac92fa5f616e0\cordic_stage'.
Finding duplicate cells in `$paramod$92317b3f664a636e96e14bfabf5ac92fa5f616e0\cordic_stage'.
Computing hashes of 559 cells of `$paramod$92317b3f664a636e96e14bfabf5ac92fa5f616e0\cordic_stage'.
Finding duplicate cells in `$paramod$92317b3f664a636e96e14bfabf5ac92fa5f616e0\cordic_stage'.
Computing hashes of 547 cells of `$paramod$92317b3f664a636e96e14bfabf5ac92fa5f616e0\cordic_stage'.
Finding duplicate cells in `$paramod$92317b3f664a636e96e14bfabf5ac92fa5f616e0\cordic_stage'.
Computing hashes of 543 cells of `$paramod$92317b3f664a636e96e14bfabf5ac92fa5f616e0\cordic_stage'.
Finding duplicate cells in `$paramod$92317b3f664a636e96e14bfabf5ac92fa5f616e0\cordic_stage'.
<suppressed ~144 debug messages>
Finding identical cells in module `$paramod$1c78dad951792559821a28759880bf6605d5ac8b\cordic_stage'.
Computing hashes of 481 cells of `$paramod$1c78dad951792559821a28759880bf6605d5ac8b\cordic_stage'.
Finding duplicate cells in `$paramod$1c78dad951792559821a28759880bf6605d5ac8b\cordic_stage'.
Computing hashes of 449 cells of `$paramod$1c78dad951792559821a28759880bf6605d5ac8b\cordic_stage'.
Finding duplicate cells in `$paramod$1c78dad951792559821a28759880bf6605d5ac8b\cordic_stage'.
Computing hashes of 435 cells of `$paramod$1c78dad951792559821a28759880bf6605d5ac8b\cordic_stage'.
Finding duplicate cells in `$paramod$1c78dad951792559821a28759880bf6605d5ac8b\cordic_stage'.
Computing hashes of 429 cells of `$paramod$1c78dad951792559821a28759880bf6605d5ac8b\cordic_stage'.
Finding duplicate cells in `$paramod$1c78dad951792559821a28759880bf6605d5ac8b\cordic_stage'.
Computing hashes of 427 cells of `$paramod$1c78dad951792559821a28759880bf6605d5ac8b\cordic_stage'.
Finding duplicate cells in `$paramod$1c78dad951792559821a28759880bf6605d5ac8b\cordic_stage'.
<suppressed ~162 debug messages>
Finding identical cells in module `\siren_neuron'.
Computing hashes of 3 cells of `\siren_neuron'.
Finding duplicate cells in `\siren_neuron'.
Finding identical cells in module `\siren_act_unit'.
Computing hashes of 2 cells of `\siren_act_unit'.
Finding duplicate cells in `\siren_act_unit'.
Finding identical cells in module `$paramod$ab10e97098def7190bb8b712e42708d46e5dfde5\cordic_stage'.
Computing hashes of 509 cells of `$paramod$ab10e97098def7190bb8b712e42708d46e5dfde5\cordic_stage'.
Finding duplicate cells in `$paramod$ab10e97098def7190bb8b712e42708d46e5dfde5\cordic_stage'.
Computing hashes of 492 cells of `$paramod$ab10e97098def7190bb8b712e42708d46e5dfde5\cordic_stage'.
Finding duplicate cells in `$paramod$ab10e97098def7190bb8b712e42708d46e5dfde5\cordic_stage'.
<suppressed ~51 debug messages>
Finding identical cells in module `\cordic_wrapper'.
Computing hashes of 47 cells of `\cordic_wrapper'.
Finding duplicate cells in `\cordic_wrapper'.
Finding identical cells in module `\phase_folder'.
Computing hashes of 14 cells of `\phase_folder'.
Finding duplicate cells in `\phase_folder'.
Finding identical cells in module `\siren_scaler'.
Computing hashes of 114 cells of `\siren_scaler'.
Finding duplicate cells in `\siren_scaler'.
Finding identical cells in module `\mac_unit'.
Computing hashes of 2823 cells of `\mac_unit'.
Finding duplicate cells in `\mac_unit'.
Computing hashes of 2650 cells of `\mac_unit'.
Finding duplicate cells in `\mac_unit'.
Computing hashes of 2562 cells of `\mac_unit'.
Finding duplicate cells in `\mac_unit'.
Computing hashes of 2482 cells of `\mac_unit'.
Finding duplicate cells in `\mac_unit'.
Computing hashes of 2442 cells of `\mac_unit'.
Finding duplicate cells in `\mac_unit'.
Computing hashes of 2393 cells of `\mac_unit'.
Finding duplicate cells in `\mac_unit'.
Computing hashes of 2369 cells of `\mac_unit'.
Finding duplicate cells in `\mac_unit'.
Computing hashes of 2357 cells of `\mac_unit'.
Finding duplicate cells in `\mac_unit'.
Computing hashes of 2353 cells of `\mac_unit'.
Finding duplicate cells in `\mac_unit'.
Computing hashes of 2349 cells of `\mac_unit'.
Finding duplicate cells in `\mac_unit'.
Computing hashes of 2347 cells of `\mac_unit'.
Finding duplicate cells in `\mac_unit'.
Computing hashes of 2345 cells of `\mac_unit'.
Finding duplicate cells in `\mac_unit'.
Computing hashes of 2343 cells of `\mac_unit'.
Finding duplicate cells in `\mac_unit'.
Computing hashes of 2342 cells of `\mac_unit'.
Finding duplicate cells in `\mac_unit'.
<suppressed ~1443 debug messages>
Removed a total of 1051 cells.

11.21.3. Executing OPT_DFF pass (perform DFF optimizations).

11.21.4. Executing OPT_CLEAN pass (remove unused cells and wires).
Finding unused cells or wires in module $paramod$fda4c52592ec151689e44937ab5af6abb2bbb4f7\cordic_stage..
Finding unused cells or wires in module $paramod$a64f440093fbb2a761ca462422596e7cf59060b9\cordic_stage..
Finding unused cells or wires in module $paramod$d051e689d5327a357ac2c918100372a7016c9475\cordic_stage..
Finding unused cells or wires in module $paramod$126d84d701c2cc9a597647f943872c89fc0e0486\cordic_stage..
Finding unused cells or wires in module $paramod$be7bec05f99528b83047c54b2c3b7ab2ac7f529f\cordic_stage..
Finding unused cells or wires in module $paramod$b8db0999d09c2bf93070cea839ea649340d02004\cordic_stage..
Finding unused cells or wires in module $paramod$c3982464bdd43885eb14a5af78baf7982db37425\cordic_stage..
Finding unused cells or wires in module $paramod$1ceed3bff8837b34d0a66987aff5145c079c2fbd\cordic_stage..
Finding unused cells or wires in module $paramod$a744cc0f1faffa6b4bad02f7493d97baee494aa9\cordic_stage..
Finding unused cells or wires in module $paramod$4f7c2943c908f89b3241078e20d5e72df920ea4c\cordic_stage..
Finding unused cells or wires in module $paramod$e0b39c4462fc09c778e150d1c789ca7fe160ca07\cordic_stage..
Finding unused cells or wires in module $paramod$bfb04248936278b1df1155cdc757ddb460a8d245\cordic_stage..
Finding unused cells or wires in module $paramod$13df4f4c9c1b261592c9a2486a54e334ba271a0d\cordic_stage..
Finding unused cells or wires in module $paramod$92317b3f664a636e96e14bfabf5ac92fa5f616e0\cordic_stage..
Finding unused cells or wires in module $paramod$1c78dad951792559821a28759880bf6605d5ac8b\cordic_stage..
Finding unused cells or wires in module \siren_neuron..
Finding unused cells or wires in module \siren_act_unit..
Finding unused cells or wires in module $paramod$ab10e97098def7190bb8b712e42708d46e5dfde5\cordic_stage..
Finding unused cells or wires in module \cordic_wrapper..
Finding unused cells or wires in module \phase_folder..
Finding unused cells or wires in module \siren_scaler..
Finding unused cells or wires in module \mac_unit..
Removed 932 unused cells and 5500 unused wires.
<suppressed ~951 debug messages>

11.21.5. Finished fast OPT passes.

11.22. Executing ABC pass (technology mapping using ABC).

11.22.1. Extracting gate netlist of module `$paramod$fda4c52592ec151689e44937ab5af6abb2bbb4f7\cordic_stage' to `<abc-temp-dir>/input.blif'..

11.22.1.1. Executed ABC.
Extracted 465 gates and 513 wires to a netlist network with 48 inputs and 46 outputs.
Running ABC script: <abc-temp-dir>/abc.script
ABC: ======== ABC command line "source <abc-temp-dir>/abc.script"
ABC: + read_blif <abc-temp-dir>/input.blif 
ABC: + read_library <abc-temp-dir>/stdcells.genlib 
ABC: + strash 
ABC: + &get -n 
ABC: + &fraig -x 
ABC: + &put 
ABC: + scorr 
ABC: Warning: The network is combinational (run "fraig" or "fraig_sweep").
ABC: + dc2 
ABC: + dretime 
ABC: + strash 
ABC: + &get -n 
ABC: + &dch -f 
ABC: + &nf 
ABC: + &put 
ABC: + write_blif <abc-temp-dir>/output.blif 

11.22.1.2. Re-integrating ABC results.
ABC RESULTS:               AND cells:       47
ABC RESULTS:            ANDNOT cells:        4
ABC RESULTS:               MUX cells:        4
ABC RESULTS:              NAND cells:       89
ABC RESULTS:               NOR cells:        6
ABC RESULTS:               NOT cells:        6
ABC RESULTS:                OR cells:       48
ABC RESULTS:             ORNOT cells:       15
ABC RESULTS:              XNOR cells:       61
ABC RESULTS:               XOR cells:       35
ABC RESULTS:        internal signals:      419
ABC RESULTS:           input signals:       48
ABC RESULTS:          output signals:       46
Removing temp directory.

11.22.2. Extracting gate netlist of module `$paramod$a64f440093fbb2a761ca462422596e7cf59060b9\cordic_stage' to `<abc-temp-dir>/input.blif'..

11.22.2.1. Executed ABC.
Extracted 476 gates and 524 wires to a netlist network with 48 inputs and 48 outputs.
Running ABC script: <abc-temp-dir>/abc.script
ABC: ======== ABC command line "source <abc-temp-dir>/abc.script"
ABC: + read_blif <abc-temp-dir>/input.blif 
ABC: + read_library <abc-temp-dir>/stdcells.genlib 
ABC: + strash 
ABC: + &get -n 
ABC: + &fraig -x 
ABC: + &put 
ABC: + scorr 
ABC: Warning: The network is combinational (run "fraig" or "fraig_sweep").
ABC: + dc2 
ABC: + dretime 
ABC: + strash 
ABC: + &get -n 
ABC: + &dch -f 
ABC: + &nf 
ABC: + &put 
ABC: + write_blif <abc-temp-dir>/output.blif 

11.22.2.2. Re-integrating ABC results.
ABC RESULTS:               AND cells:       49
ABC RESULTS:            ANDNOT cells:        4
ABC RESULTS:               MUX cells:        4
ABC RESULTS:              NAND cells:       89
ABC RESULTS:               NOR cells:        5
ABC RESULTS:               NOT cells:        1
ABC RESULTS:                OR cells:       44
ABC RESULTS:             ORNOT cells:       16
ABC RESULTS:              XNOR cells:       54
ABC RESULTS:               XOR cells:       47
ABC RESULTS:        internal signals:      428
ABC RESULTS:           input signals:       48
ABC RESULTS:          output signals:       48
Removing temp directory.

11.22.3. Extracting gate netlist of module `$paramod$d051e689d5327a357ac2c918100372a7016c9475\cordic_stage' to `<abc-temp-dir>/input.blif'..

11.22.3.1. Executed ABC.
Extracted 474 gates and 522 wires to a netlist network with 48 inputs and 48 outputs.
Running ABC script: <abc-temp-dir>/abc.script
ABC: ======== ABC command line "source <abc-temp-dir>/abc.script"
ABC: + read_blif <abc-temp-dir>/input.blif 
ABC: + read_library <abc-temp-dir>/stdcells.genlib 
ABC: + strash 
ABC: + &get -n 
ABC: + &fraig -x 
ABC: + &put 
ABC: + scorr 
ABC: Warning: The network is combinational (run "fraig" or "fraig_sweep").
ABC: + dc2 
ABC: + dretime 
ABC: + strash 
ABC: + &get -n 
ABC: + &dch -f 
ABC: + &nf 
ABC: + &put 
ABC: + write_blif <abc-temp-dir>/output.blif 

11.22.3.2. Re-integrating ABC results.
ABC RESULTS:               AND cells:       43
ABC RESULTS:            ANDNOT cells:        5
ABC RESULTS:               MUX cells:        4
ABC RESULTS:              NAND cells:       95
ABC RESULTS:               NOR cells:        3
ABC RESULTS:               NOT cells:        6
ABC RESULTS:                OR cells:       40
ABC RESULTS:             ORNOT cells:       23
ABC RESULTS:              XNOR cells:       59
ABC RESULTS:               XOR cells:       38
ABC RESULTS:        internal signals:      426
ABC RESULTS:           input signals:       48
ABC RESULTS:          output signals:       48
Removing temp directory.

11.22.4. Extracting gate netlist of module `$paramod$126d84d701c2cc9a597647f943872c89fc0e0486\cordic_stage' to `<abc-temp-dir>/input.blif'..

11.22.4.1. Executed ABC.
Extracted 472 gates and 520 wires to a netlist network with 48 inputs and 48 outputs.
Running ABC script: <abc-temp-dir>/abc.script
ABC: ======== ABC command line "source <abc-temp-dir>/abc.script"
ABC: + read_blif <abc-temp-dir>/input.blif 
ABC: + read_library <abc-temp-dir>/stdcells.genlib 
ABC: + strash 
ABC: + &get -n 
ABC: + &fraig -x 
ABC: + &put 
ABC: + scorr 
ABC: Warning: The network is combinational (run "fraig" or "fraig_sweep").
ABC: + dc2 
ABC: + dretime 
ABC: + strash 
ABC: + &get -n 
ABC: + &dch -f 
ABC: + &nf 
ABC: + &put 
ABC: + write_blif <abc-temp-dir>/output.blif 

11.22.4.2. Re-integrating ABC results.
ABC RESULTS:               AND cells:       42
ABC RESULTS:            ANDNOT cells:        7
ABC RESULTS:               MUX cells:        4
ABC RESULTS:              NAND cells:       86
ABC RESULTS:               NOR cells:        3
ABC RESULTS:               NOT cells:        1
ABC RESULTS:                OR cells:       40
ABC RESULTS:             ORNOT cells:       21
ABC RESULTS:              XNOR cells:       52
ABC RESULTS:               XOR cells:       43
ABC RESULTS:        internal signals:      424
ABC RESULTS:           input signals:       48
ABC RESULTS:          output signals:       48
Removing temp directory.

11.22.5. Extracting gate netlist of module `$paramod$be7bec05f99528b83047c54b2c3b7ab2ac7f529f\cordic_stage' to `<abc-temp-dir>/input.blif'..

11.22.5.1. Executed ABC.
Extracted 463 gates and 511 wires to a netlist network with 48 inputs and 47 outputs.
Running ABC script: <abc-temp-dir>/abc.script
ABC: ======== ABC command line "source <abc-temp-dir>/abc.script"
ABC: + read_blif <abc-temp-dir>/input.blif 
ABC: + read_library <abc-temp-dir>/stdcells.genlib 
ABC: + strash 
ABC: + &get -n 
ABC: + &fraig -x 
ABC: + &put 
ABC: + scorr 
ABC: Warning: The network is combinational (run "fraig" or "fraig_sweep").
ABC: + dc2 
ABC: + dretime 
ABC: + strash 
ABC: + &get -n 
ABC: + &dch -f 
ABC: + &nf 
ABC: + &put 
ABC: + write_blif <abc-temp-dir>/output.blif 

11.22.5.2. Re-integrating ABC results.
ABC RESULTS:               AND cells:       41
ABC RESULTS:            ANDNOT cells:       10
ABC RESULTS:               MUX cells:        3
ABC RESULTS:              NAND cells:       83
ABC RESULTS:               NOR cells:        2
ABC RESULTS:               NOT cells:        3
ABC RESULTS:                OR cells:       38
ABC RESULTS:             ORNOT cells:       20
ABC RESULTS:              XNOR cells:       53
ABC RESULTS:               XOR cells:       41
ABC RESULTS:        internal signals:      416
ABC RESULTS:           input signals:       48
ABC RESULTS:          output signals:       47
Removing temp directory.

11.22.6. Extracting gate netlist of module `$paramod$b8db0999d09c2bf93070cea839ea649340d02004\cordic_stage' to `<abc-temp-dir>/input.blif'..

11.22.6.1. Executed ABC.
Extracted 466 gates and 514 wires to a netlist network with 48 inputs and 48 outputs.
Running ABC script: <abc-temp-dir>/abc.script
ABC: ======== ABC command line "source <abc-temp-dir>/abc.script"
ABC: + read_blif <abc-temp-dir>/input.blif 
ABC: + read_library <abc-temp-dir>/stdcells.genlib 
ABC: + strash 
ABC: + &get -n 
ABC: + &fraig -x 
ABC: + &put 
ABC: + scorr 
ABC: Warning: The network is combinational (run "fraig" or "fraig_sweep").
ABC: + dc2 
ABC: + dretime 
ABC: + strash 
ABC: + &get -n 
ABC: + &dch -f 
ABC: + &nf 
ABC: + &put 
ABC: + write_blif <abc-temp-dir>/output.blif 

11.22.6.2. Re-integrating ABC results.
ABC RESULTS:               AND cells:       36
ABC RESULTS:            ANDNOT cells:       10
ABC RESULTS:               MUX cells:        4
ABC RESULTS:              NAND cells:       85
ABC RESULTS:               NOR cells:        2
ABC RESULTS:               NOT cells:        1
ABC RESULTS:                OR cells:       34
ABC RESULTS:             ORNOT cells:       21
ABC RESULTS:              XNOR cells:       48
ABC RESULTS:               XOR cells:       48
ABC RESULTS:        internal signals:      418
ABC RESULTS:           input signals:       48
ABC RESULTS:          output signals:       48
Removing temp directory.

11.22.7. Extracting gate netlist of module `$paramod$c3982464bdd43885eb14a5af78baf7982db37425\cordic_stage' to `<abc-temp-dir>/input.blif'..

11.22.7.1. Executed ABC.
Extracted 462 gates and 510 wires to a netlist network with 48 inputs and 48 outputs.
Running ABC script: <abc-temp-dir>/abc.script
ABC: ======== ABC command line "source <abc-temp-dir>/abc.script"
ABC: + read_blif <abc-temp-dir>/input.blif 
ABC: + read_library <abc-temp-dir>/stdcells.genlib 
ABC: + strash 
ABC: + &get -n 
ABC: + &fraig -x 
ABC: + &put 
ABC: + scorr 
ABC: Warning: The network is combinational (run "fraig" or "fraig_sweep").
ABC: + dc2 
ABC: + dretime 
ABC: + strash 
ABC: + &get -n 
ABC: + &dch -f 
ABC: + &nf 
ABC: + &put 
ABC: + write_blif <abc-temp-dir>/output.blif 

11.22.7.2. Re-integrating ABC results.
ABC RESULTS:               AND cells:       32
ABC RESULTS:            ANDNOT cells:       11
ABC RESULTS:               MUX cells:        2
ABC RESULTS:              NAND cells:       87
ABC RESULTS:               NOR cells:        2
ABC RESULTS:               NOT cells:        1
ABC RESULTS:                OR cells:       31
ABC RESULTS:             ORNOT cells:       24
ABC RESULTS:              XNOR cells:       50
ABC RESULTS:               XOR cells:       46
ABC RESULTS:        internal signals:      414
ABC RESULTS:           input signals:       48
ABC RESULTS:          output signals:       48
Removing temp directory.

11.22.8. Extracting gate netlist of module `$paramod$1ceed3bff8837b34d0a66987aff5145c079c2fbd\cordic_stage' to `<abc-temp-dir>/input.blif'..

11.22.8.1. Executed ABC.
Extracted 460 gates and 508 wires to a netlist network with 48 inputs and 48 outputs.
Running ABC script: <abc-temp-dir>/abc.script
ABC: ======== ABC command line "source <abc-temp-dir>/abc.script"
ABC: + read_blif <abc-temp-dir>/input.blif 
ABC: + read_library <abc-temp-dir>/stdcells.genlib 
ABC: + strash 
ABC: + &get -n 
ABC: + &fraig -x 
ABC: + &put 
ABC: + scorr 
ABC: Warning: The network is combinational (run "fraig" or "fraig_sweep").
ABC: + dc2 
ABC: + dretime 
ABC: + strash 
ABC: + &get -n 
ABC: + &dch -f 
ABC: + &nf 
ABC: + &put 
ABC: + write_blif <abc-temp-dir>/output.blif 

11.22.8.2. Re-integrating ABC results.
ABC RESULTS:               AND cells:       33
ABC RESULTS:            ANDNOT cells:       13
ABC RESULTS:               MUX cells:        4
ABC RESULTS:              NAND cells:       70
ABC RESULTS:               NOR cells:        5
ABC RESULTS:               NOT cells:        3
ABC RESULTS:                OR cells:       35
ABC RESULTS:             ORNOT cells:       21
ABC RESULTS:              XNOR cells:       49
ABC RESULTS:               XOR cells:       45
ABC RESULTS:        internal signals:      412
ABC RESULTS:           input signals:       48
ABC RESULTS:          output signals:       48
Removing temp directory.

11.22.9. Extracting gate netlist of module `$paramod$a744cc0f1faffa6b4bad02f7493d97baee494aa9\cordic_stage' to `<abc-temp-dir>/input.blif'..

11.22.9.1. Executed ABC.
Extracted 443 gates and 491 wires to a netlist network with 48 inputs and 46 outputs.
Running ABC script: <abc-temp-dir>/abc.script
ABC: ======== ABC command line "source <abc-temp-dir>/abc.script"
ABC: + read_blif <abc-temp-dir>/input.blif 
ABC: + read_library <abc-temp-dir>/stdcells.genlib 
ABC: + strash 
ABC: + &get -n 
ABC: + &fraig -x 
ABC: + &put 
ABC: + scorr 
ABC: Warning: The network is combinational (run "fraig" or "fraig_sweep").
ABC: + dc2 
ABC: + dretime 
ABC: + strash 
ABC: + &get -n 
ABC: + &dch -f 
ABC: + &nf 
ABC: + &put 
ABC: + write_blif <abc-temp-dir>/output.blif 

11.22.9.2. Re-integrating ABC results.
ABC RESULTS:               AND cells:       38
ABC RESULTS:            ANDNOT cells:        5
ABC RESULTS:               MUX cells:        2
ABC RESULTS:              NAND cells:       86
ABC RESULTS:               NOR cells:        1
ABC RESULTS:               NOT cells:        1
ABC RESULTS:                OR cells:       28
ABC RESULTS:             ORNOT cells:       16
ABC RESULTS:              XNOR cells:       48
ABC RESULTS:               XOR cells:       46
ABC RESULTS:        internal signals:      397
ABC RESULTS:           input signals:       48
ABC RESULTS:          output signals:       46
Removing temp directory.

11.22.10. Extracting gate netlist of module `$paramod$4f7c2943c908f89b3241078e20d5e72df920ea4c\cordic_stage' to `<abc-temp-dir>/input.blif'..

11.22.10.1. Executed ABC.
Extracted 449 gates and 497 wires to a netlist network with 48 inputs and 47 outputs.
Running ABC script: <abc-temp-dir>/abc.script
ABC: ======== ABC command line "source <abc-temp-dir>/abc.script"
ABC: + read_blif <abc-temp-dir>/input.blif 
ABC: + read_library <abc-temp-dir>/stdcells.genlib 
ABC: + strash 
ABC: + &get -n 
ABC: + &fraig -x 
ABC: + &put 
ABC: + scorr 
ABC: Warning: The network is combinational (run "fraig" or "fraig_sweep").
ABC: + dc2 
ABC: + dretime 
ABC: + strash 
ABC: + &get -n 
ABC: + &dch -f 
ABC: + &nf 
ABC: + &put 
ABC: + write_blif <abc-temp-dir>/output.blif 

11.22.10.2. Re-integrating ABC results.
ABC RESULTS:               AND cells:       31
ABC RESULTS:            ANDNOT cells:       17
ABC RESULTS:               MUX cells:        2
ABC RESULTS:              NAND cells:       74
ABC RESULTS:               NOR cells:        1
ABC RESULTS:               NOT cells:        2
ABC RESULTS:                OR cells:       31
ABC RESULTS:             ORNOT cells:       24
ABC RESULTS:              XNOR cells:       45
ABC RESULTS:               XOR cells:       41
ABC RESULTS:        internal signals:      402
ABC RESULTS:           input signals:       48
ABC RESULTS:          output signals:       47
Removing temp directory.

11.22.11. Extracting gate netlist of module `$paramod$e0b39c4462fc09c778e150d1c789ca7fe160ca07\cordic_stage' to `<abc-temp-dir>/input.blif'..

11.22.11.1. Executed ABC.
Extracted 448 gates and 496 wires to a netlist network with 48 inputs and 48 outputs.
Running ABC script: <abc-temp-dir>/abc.script
ABC: ======== ABC command line "source <abc-temp-dir>/abc.script"
ABC: + read_blif <abc-temp-dir>/input.blif 
ABC: + read_library <abc-temp-dir>/stdcells.genlib 
ABC: + strash 
ABC: + &get -n 
ABC: + &fraig -x 
ABC: + &put 
ABC: + scorr 
ABC: Warning: The network is combinational (run "fraig" or "fraig_sweep").
ABC: + dc2 
ABC: + dretime 
ABC: + strash 
ABC: + &get -n 
ABC: + &dch -f 
ABC: + &nf 
ABC: + &put 
ABC: + write_blif <abc-temp-dir>/output.blif 

11.22.11.2. Re-integrating ABC results.
ABC RESULTS:               AND cells:       34
ABC RESULTS:            ANDNOT cells:       11
ABC RESULTS:               MUX cells:        2
ABC RESULTS:              NAND cells:       84
ABC RESULTS:               NOR cells:        3
ABC RESULTS:               NOT cells:        2
ABC RESULTS:                OR cells:       24
ABC RESULTS:             ORNOT cells:       25
ABC RESULTS:              XNOR cells:       41
ABC RESULTS:               XOR cells:       49
ABC RESULTS:        internal signals:      400
ABC RESULTS:           input signals:       48
ABC RESULTS:          output signals:       48
Removing temp directory.

11.22.12. Extracting gate netlist of module `$paramod$bfb04248936278b1df1155cdc757ddb460a8d245\cordic_stage' to `<abc-temp-dir>/input.blif'..

11.22.12.1. Executed ABC.
Extracted 446 gates and 494 wires to a netlist network with 48 inputs and 48 outputs.
Running ABC script: <abc-temp-dir>/abc.script
ABC: ======== ABC command line "source <abc-temp-dir>/abc.script"
ABC: + read_blif <abc-temp-dir>/input.blif 
ABC: + read_library <abc-temp-dir>/stdcells.genlib 
ABC: + strash 
ABC: + &get -n 
ABC: + &fraig -x 
ABC: + &put 
ABC: + scorr 
ABC: Warning: The network is combinational (run "fraig" or "fraig_sweep").
ABC: + dc2 
ABC: + dretime 
ABC: + strash 
ABC: + &get -n 
ABC: + &dch -f 
ABC: + &nf 
ABC: + &put 
ABC: + write_blif <abc-temp-dir>/output.blif 

11.22.12.2. Re-integrating ABC results.
ABC RESULTS:               AND cells:       24
ABC RESULTS:            ANDNOT cells:        8
ABC RESULTS:               MUX cells:        2
ABC RESULTS:              NAND cells:       93
ABC RESULTS:               NOR cells:        1
ABC RESULTS:               NOT cells:        2
ABC RESULTS:                OR cells:       25
ABC RESULTS:             ORNOT cells:       28
ABC RESULTS:              XNOR cells:       42
ABC RESULTS:               XOR cells:       41
ABC RESULTS:        internal signals:      398
ABC RESULTS:           input signals:       48
ABC RESULTS:          output signals:       48
Removing temp directory.

11.22.13. Extracting gate netlist of module `$paramod$13df4f4c9c1b261592c9a2486a54e334ba271a0d\cordic_stage' to `<abc-temp-dir>/input.blif'..

11.22.13.1. Executed ABC.
Extracted 441 gates and 489 wires to a netlist network with 48 inputs and 48 outputs.
Running ABC script: <abc-temp-dir>/abc.script
ABC: ======== ABC command line "source <abc-temp-dir>/abc.script"
ABC: + read_blif <abc-temp-dir>/input.blif 
ABC: + read_library <abc-temp-dir>/stdcells.genlib 
ABC: + strash 
ABC: + &get -n 
ABC: + &fraig -x 
ABC: + &put 
ABC: + scorr 
ABC: Warning: The network is combinational (run "fraig" or "fraig_sweep").
ABC: + dc2 
ABC: + dretime 
ABC: + strash 
ABC: + &get -n 
ABC: + &dch -f 
ABC: + &nf 
ABC: + &put 
ABC: + write_blif <abc-temp-dir>/output.blif 

11.22.13.2. Re-integrating ABC results.
ABC RESULTS:               AND cells:       25
ABC RESULTS:            ANDNOT cells:        9
ABC RESULTS:               MUX cells:        2
ABC RESULTS:              NAND cells:       92
ABC RESULTS:               NOR cells:        1
ABC RESULTS:               NOT cells:        4
ABC RESULTS:                OR cells:       20
ABC RESULTS:             ORNOT cells:       32
ABC RESULTS:              XNOR cells:       43
ABC RESULTS:               XOR cells:       36
ABC RESULTS:        internal signals:      393
ABC RESULTS:           input signals:       48
ABC RESULTS:          output signals:       48
Removing temp directory.

11.22.14. Extracting gate netlist of module `$paramod$92317b3f664a636e96e14bfabf5ac92fa5f616e0\cordic_stage' to `<abc-temp-dir>/input.blif'..

11.22.14.1. Executed ABC.
Extracted 439 gates and 487 wires to a netlist network with 48 inputs and 48 outputs.
Running ABC script: <abc-temp-dir>/abc.script
ABC: ======== ABC command line "source <abc-temp-dir>/abc.script"
ABC: + read_blif <abc-temp-dir>/input.blif 
ABC: + read_library <abc-temp-dir>/stdcells.genlib 
ABC: + strash 
ABC: + &get -n 
ABC: + &fraig -x 
ABC: + &put 
ABC: + scorr 
ABC: Warning: The network is combinational (run "fraig" or "fraig_sweep").
ABC: + dc2 
ABC: + dretime 
ABC: + strash 
ABC: + &get -n 
ABC: + &dch -f 
ABC: + &nf 
ABC: + &put 
ABC: + write_blif <abc-temp-dir>/output.blif 

11.22.14.2. Re-integrating ABC results.
ABC RESULTS:               AND cells:       30
ABC RESULTS:            ANDNOT cells:        8
ABC RESULTS:               MUX cells:        3
ABC RESULTS:              NAND cells:       80
ABC RESULTS:               NOR cells:        1
ABC RESULTS:               NOT cells:        1
ABC RESULTS:                OR cells:       15
ABC RESULTS:             ORNOT cells:       38
ABC RESULTS:              XNOR cells:       50
ABC RESULTS:               XOR cells:       28
ABC RESULTS:        internal signals:      391
ABC RESULTS:           input signals:       48
ABC RESULTS:          output signals:       48
Removing temp directory.

11.22.15. Extracting gate netlist of module `$paramod$1c78dad951792559821a28759880bf6605d5ac8b\cordic_stage' to `<abc-temp-dir>/input.blif'..

11.22.15.1. Executed ABC.
Extracted 337 gates and 385 wires to a netlist network with 48 inputs and 32 outputs.
Running ABC script: <abc-temp-dir>/abc.script
ABC: ======== ABC command line "source <abc-temp-dir>/abc.script"
ABC: + read_blif <abc-temp-dir>/input.blif 
ABC: + read_library <abc-temp-dir>/stdcells.genlib 
ABC: + strash 
ABC: + &get -n 
ABC: + &fraig -x 
ABC: + &put 
ABC: + scorr 
ABC: Warning: The network is combinational (run "fraig" or "fraig_sweep").
ABC: + dc2 
ABC: + dretime 
ABC: + strash 
ABC: + &get -n 
ABC: + &dch -f 
ABC: + &nf 
ABC: + &put 
ABC: + write_blif <abc-temp-dir>/output.blif 

11.22.15.2. Re-integrating ABC results.
ABC RESULTS:               AND cells:       11
ABC RESULTS:            ANDNOT cells:        3
ABC RESULTS:               MUX cells:        1
ABC RESULTS:              NAND cells:       76
ABC RESULTS:               NOT cells:        1
ABC RESULTS:                OR cells:       21
ABC RESULTS:             ORNOT cells:        4
ABC RESULTS:              XNOR cells:       22
ABC RESULTS:               XOR cells:       24
ABC RESULTS:        internal signals:      305
ABC RESULTS:           input signals:       48
ABC RESULTS:          output signals:       32
Removing temp directory.

11.22.16. Extracting gate netlist of module `\siren_neuron' to `<abc-temp-dir>/input.blif'..

11.22.16.1. Executed ABC.
Extracted 0 gates and 0 wires to a netlist network with 0 inputs and 0 outputs.
Don't call ABC as there is nothing to map.
Removing temp directory.

11.22.17. Extracting gate netlist of module `\siren_act_unit' to `<abc-temp-dir>/input.blif'..

11.22.17.1. Executed ABC.
Extracted 0 gates and 0 wires to a netlist network with 0 inputs and 0 outputs.
Don't call ABC as there is nothing to map.
Removing temp directory.

11.22.18. Extracting gate netlist of module `$paramod$ab10e97098def7190bb8b712e42708d46e5dfde5\cordic_stage' to `<abc-temp-dir>/input.blif'..

11.22.18.1. Executed ABC.
Extracted 403 gates and 451 wires to a netlist network with 48 inputs and 35 outputs.
Running ABC script: <abc-temp-dir>/abc.script
ABC: ======== ABC command line "source <abc-temp-dir>/abc.script"
ABC: + read_blif <abc-temp-dir>/input.blif 
ABC: + read_library <abc-temp-dir>/stdcells.genlib 
ABC: + strash 
ABC: + &get -n 
ABC: + &fraig -x 
ABC: + &put 
ABC: + scorr 
ABC: Warning: The network is combinational (run "fraig" or "fraig_sweep").
ABC: + dc2 
ABC: + dretime 
ABC: + strash 
ABC: + &get -n 
ABC: + &dch -f 
ABC: + &nf 
ABC: + &put 
ABC: + write_blif <abc-temp-dir>/output.blif 

11.22.18.2. Re-integrating ABC results.
ABC RESULTS:               AND cells:       28
ABC RESULTS:            ANDNOT cells:        1
ABC RESULTS:               MUX cells:       29
ABC RESULTS:              NAND cells:       79
ABC RESULTS:               NOT cells:        4
ABC RESULTS:                OR cells:        7
ABC RESULTS:             ORNOT cells:       36
ABC RESULTS:              XNOR cells:       24
ABC RESULTS:               XOR cells:       22
ABC RESULTS:        internal signals:      368
ABC RESULTS:           input signals:       48
ABC RESULTS:          output signals:       35
Removing temp directory.

11.22.19. Extracting gate netlist of module `\cordic_wrapper' to `<abc-temp-dir>/input.blif'..

11.22.19.1. Executed ABC.
Extracted 30 gates and 48 wires to a netlist network with 16 inputs and 14 outputs.
Running ABC script: <abc-temp-dir>/abc.script
ABC: ======== ABC command line "source <abc-temp-dir>/abc.script"
ABC: + read_blif <abc-temp-dir>/input.blif 
ABC: + read_library <abc-temp-dir>/stdcells.genlib 
ABC: + strash 
ABC: + &get -n 
ABC: + &fraig -x 
ABC: + &put 
ABC: + scorr 
ABC: Warning: The network is combinational (run "fraig" or "fraig_sweep").
ABC: + dc2 
ABC: + dretime 
ABC: + strash 
ABC: + &get -n 
ABC: + &dch -f 
ABC: + &nf 
ABC: + &put 
ABC: + write_blif <abc-temp-dir>/output.blif 

11.22.19.2. Re-integrating ABC results.
ABC RESULTS:               AND cells:        6
ABC RESULTS:            ANDNOT cells:        1
ABC RESULTS:               BUF cells:       13
ABC RESULTS:              NAND cells:        1
ABC RESULTS:               NOR cells:        7
ABC RESULTS:        internal signals:       18
ABC RESULTS:           input signals:       16
ABC RESULTS:          output signals:       14
Removing temp directory.

11.22.20. Extracting gate netlist of module `\phase_folder' to `<abc-temp-dir>/input.blif'..

11.22.20.1. Executed ABC.
Extracted 0 gates and 0 wires to a netlist network with 0 inputs and 0 outputs.
Don't call ABC as there is nothing to map.
Removing temp directory.

11.22.21. Extracting gate netlist of module `\siren_scaler' to `<abc-temp-dir>/input.blif'..

11.22.21.1. Executed ABC.
Extracted 95 gates and 110 wires to a netlist network with 15 inputs and 14 outputs.
Running ABC script: <abc-temp-dir>/abc.script
ABC: ======== ABC command line "source <abc-temp-dir>/abc.script"
ABC: + read_blif <abc-temp-dir>/input.blif 
ABC: + read_library <abc-temp-dir>/stdcells.genlib 
ABC: + strash 
ABC: + &get -n 
ABC: + &fraig -x 
ABC: + &put 
ABC: + scorr 
ABC: Warning: The network is combinational (run "fraig" or "fraig_sweep").
ABC: + dc2 
ABC: + dretime 
ABC: + strash 
ABC: + &get -n 
ABC: + &dch -f 
ABC: + &nf 
ABC: + &put 
ABC: + write_blif <abc-temp-dir>/output.blif 

11.22.21.2. Re-integrating ABC results.
ABC RESULTS:            ANDNOT cells:        2
ABC RESULTS:              NAND cells:       23
ABC RESULTS:               NOR cells:        1
ABC RESULTS:             ORNOT cells:       13
ABC RESULTS:              XNOR cells:       13
ABC RESULTS:               XOR cells:        9
ABC RESULTS:        internal signals:       81
ABC RESULTS:           input signals:       15
ABC RESULTS:          output signals:       14
Removing temp directory.

11.22.22. Extracting gate netlist of module `\mac_unit' to `<abc-temp-dir>/input.blif'..

11.22.22.1. Executed ABC.
Extracted 2130 gates and 2197 wires to a netlist network with 65 inputs and 17 outputs.
Running ABC script: <abc-temp-dir>/abc.script
ABC: ======== ABC command line "source <abc-temp-dir>/abc.script"
ABC: + read_blif <abc-temp-dir>/input.blif 
ABC: + read_library <abc-temp-dir>/stdcells.genlib 
ABC: + strash 
ABC: + &get -n 
ABC: + &fraig -x 
ABC: + &put 
ABC: + scorr 
ABC: Warning: The network is combinational (run "fraig" or "fraig_sweep").
ABC: + dc2 
ABC: + dretime 
ABC: + strash 
ABC: + &get -n 
ABC: + &dch -f 
ABC: + &nf 
ABC: + &put 
ABC: + write_blif <abc-temp-dir>/output.blif 

11.22.22.2. Re-integrating ABC results.
ABC RESULTS:               AND cells:      306
ABC RESULTS:            ANDNOT cells:       24
ABC RESULTS:               MUX cells:       23
ABC RESULTS:              NAND cells:      868
ABC RESULTS:               NOR cells:        2
ABC RESULTS:               NOT cells:        2
ABC RESULTS:                OR cells:       24
ABC RESULTS:             ORNOT cells:       30
ABC RESULTS:              XNOR cells:       69
ABC RESULTS:               XOR cells:      554
ABC RESULTS:        internal signals:     2115
ABC RESULTS:           input signals:       65
ABC RESULTS:          output signals:       17
Removing temp directory.
Removing global temp directory.

11.23. Executing OPT pass (performing simple optimizations).

11.23.1. Executing OPT_EXPR pass (perform const folding).
Optimizing module $paramod$fda4c52592ec151689e44937ab5af6abb2bbb4f7\cordic_stage.
Optimizing module $paramod$a64f440093fbb2a761ca462422596e7cf59060b9\cordic_stage.
Optimizing module $paramod$d051e689d5327a357ac2c918100372a7016c9475\cordic_stage.
Optimizing module $paramod$126d84d701c2cc9a597647f943872c89fc0e0486\cordic_stage.
Optimizing module $paramod$be7bec05f99528b83047c54b2c3b7ab2ac7f529f\cordic_stage.
Optimizing module $paramod$b8db0999d09c2bf93070cea839ea649340d02004\cordic_stage.
Optimizing module $paramod$c3982464bdd43885eb14a5af78baf7982db37425\cordic_stage.
Optimizing module $paramod$1ceed3bff8837b34d0a66987aff5145c079c2fbd\cordic_stage.
Optimizing module $paramod$a744cc0f1faffa6b4bad02f7493d97baee494aa9\cordic_stage.
Optimizing module $paramod$4f7c2943c908f89b3241078e20d5e72df920ea4c\cordic_stage.
Optimizing module $paramod$e0b39c4462fc09c778e150d1c789ca7fe160ca07\cordic_stage.
Optimizing module $paramod$bfb04248936278b1df1155cdc757ddb460a8d245\cordic_stage.
Optimizing module $paramod$13df4f4c9c1b261592c9a2486a54e334ba271a0d\cordic_stage.
Optimizing module $paramod$92317b3f664a636e96e14bfabf5ac92fa5f616e0\cordic_stage.
Optimizing module $paramod$1c78dad951792559821a28759880bf6605d5ac8b\cordic_stage.
Optimizing module siren_neuron.
Optimizing module siren_act_unit.
Optimizing module $paramod$ab10e97098def7190bb8b712e42708d46e5dfde5\cordic_stage.
Optimizing module cordic_wrapper.
Optimizing module phase_folder.
Optimizing module siren_scaler.
Optimizing module mac_unit.

11.23.2. Executing OPT_MERGE pass (detect identical cells).
Finding identical cells in module `$paramod$fda4c52592ec151689e44937ab5af6abb2bbb4f7\cordic_stage'.
Computing hashes of 364 cells of `$paramod$fda4c52592ec151689e44937ab5af6abb2bbb4f7\cordic_stage'.
Finding duplicate cells in `$paramod$fda4c52592ec151689e44937ab5af6abb2bbb4f7\cordic_stage'.
Finding identical cells in module `$paramod$a64f440093fbb2a761ca462422596e7cf59060b9\cordic_stage'.
Computing hashes of 362 cells of `$paramod$a64f440093fbb2a761ca462422596e7cf59060b9\cordic_stage'.
Finding duplicate cells in `$paramod$a64f440093fbb2a761ca462422596e7cf59060b9\cordic_stage'.
Finding identical cells in module `$paramod$d051e689d5327a357ac2c918100372a7016c9475\cordic_stage'.
Computing hashes of 365 cells of `$paramod$d051e689d5327a357ac2c918100372a7016c9475\cordic_stage'.
Finding duplicate cells in `$paramod$d051e689d5327a357ac2c918100372a7016c9475\cordic_stage'.
Finding identical cells in module `$paramod$126d84d701c2cc9a597647f943872c89fc0e0486\cordic_stage'.
Computing hashes of 348 cells of `$paramod$126d84d701c2cc9a597647f943872c89fc0e0486\cordic_stage'.
Finding duplicate cells in `$paramod$126d84d701c2cc9a597647f943872c89fc0e0486\cordic_stage'.
Finding identical cells in module `$paramod$be7bec05f99528b83047c54b2c3b7ab2ac7f529f\cordic_stage'.
Computing hashes of 343 cells of `$paramod$be7bec05f99528b83047c54b2c3b7ab2ac7f529f\cordic_stage'.
Finding duplicate cells in `$paramod$be7bec05f99528b83047c54b2c3b7ab2ac7f529f\cordic_stage'.
Finding identical cells in module `$paramod$b8db0999d09c2bf93070cea839ea649340d02004\cordic_stage'.
Computing hashes of 338 cells of `$paramod$b8db0999d09c2bf93070cea839ea649340d02004\cordic_stage'.
Finding duplicate cells in `$paramod$b8db0999d09c2bf93070cea839ea649340d02004\cordic_stage'.
Finding identical cells in module `$paramod$c3982464bdd43885eb14a5af78baf7982db37425\cordic_stage'.
Computing hashes of 335 cells of `$paramod$c3982464bdd43885eb14a5af78baf7982db37425\cordic_stage'.
Finding duplicate cells in `$paramod$c3982464bdd43885eb14a5af78baf7982db37425\cordic_stage'.
Finding identical cells in module `$paramod$1ceed3bff8837b34d0a66987aff5145c079c2fbd\cordic_stage'.
Computing hashes of 327 cells of `$paramod$1ceed3bff8837b34d0a66987aff5145c079c2fbd\cordic_stage'.
Finding duplicate cells in `$paramod$1ceed3bff8837b34d0a66987aff5145c079c2fbd\cordic_stage'.
Finding identical cells in module `$paramod$a744cc0f1faffa6b4bad02f7493d97baee494aa9\cordic_stage'.
Computing hashes of 320 cells of `$paramod$a744cc0f1faffa6b4bad02f7493d97baee494aa9\cordic_stage'.
Finding duplicate cells in `$paramod$a744cc0f1faffa6b4bad02f7493d97baee494aa9\cordic_stage'.
Finding identical cells in module `$paramod$4f7c2943c908f89b3241078e20d5e72df920ea4c\cordic_stage'.
Computing hashes of 317 cells of `$paramod$4f7c2943c908f89b3241078e20d5e72df920ea4c\cordic_stage'.
Finding duplicate cells in `$paramod$4f7c2943c908f89b3241078e20d5e72df920ea4c\cordic_stage'.
Finding identical cells in module `$paramod$e0b39c4462fc09c778e150d1c789ca7fe160ca07\cordic_stage'.
Computing hashes of 324 cells of `$paramod$e0b39c4462fc09c778e150d1c789ca7fe160ca07\cordic_stage'.
Finding duplicate cells in `$paramod$e0b39c4462fc09c778e150d1c789ca7fe160ca07\cordic_stage'.
Finding identical cells in module `$paramod$bfb04248936278b1df1155cdc757ddb460a8d245\cordic_stage'.
Computing hashes of 315 cells of `$paramod$bfb04248936278b1df1155cdc757ddb460a8d245\cordic_stage'.
Finding duplicate cells in `$paramod$bfb04248936278b1df1155cdc757ddb460a8d245\cordic_stage'.
Finding identical cells in module `$paramod$13df4f4c9c1b261592c9a2486a54e334ba271a0d\cordic_stage'.
Computing hashes of 313 cells of `$paramod$13df4f4c9c1b261592c9a2486a54e334ba271a0d\cordic_stage'.
Finding duplicate cells in `$paramod$13df4f4c9c1b261592c9a2486a54e334ba271a0d\cordic_stage'.
Finding identical cells in module `$paramod$92317b3f664a636e96e14bfabf5ac92fa5f616e0\cordic_stage'.
Computing hashes of 303 cells of `$paramod$92317b3f664a636e96e14bfabf5ac92fa5f616e0\cordic_stage'.
Finding duplicate cells in `$paramod$92317b3f664a636e96e14bfabf5ac92fa5f616e0\cordic_stage'.
Finding identical cells in module `$paramod$1c78dad951792559821a28759880bf6605d5ac8b\cordic_stage'.
Computing hashes of 212 cells of `$paramod$1c78dad951792559821a28759880bf6605d5ac8b\cordic_stage'.
Finding duplicate cells in `$paramod$1c78dad951792559821a28759880bf6605d5ac8b\cordic_stage'.
Finding identical cells in module `\siren_neuron'.
Computing hashes of 3 cells of `\siren_neuron'.
Finding duplicate cells in `\siren_neuron'.
Finding identical cells in module `\siren_act_unit'.
Computing hashes of 2 cells of `\siren_act_unit'.
Finding duplicate cells in `\siren_act_unit'.
Finding identical cells in module `$paramod$ab10e97098def7190bb8b712e42708d46e5dfde5\cordic_stage'.
Computing hashes of 279 cells of `$paramod$ab10e97098def7190bb8b712e42708d46e5dfde5\cordic_stage'.
Finding duplicate cells in `$paramod$ab10e97098def7190bb8b712e42708d46e5dfde5\cordic_stage'.
Computing hashes of 278 cells of `$paramod$ab10e97098def7190bb8b712e42708d46e5dfde5\cordic_stage'.
Finding duplicate cells in `$paramod$ab10e97098def7190bb8b712e42708d46e5dfde5\cordic_stage'.
Computing hashes of 277 cells of `$paramod$ab10e97098def7190bb8b712e42708d46e5dfde5\cordic_stage'.
Finding duplicate cells in `$paramod$ab10e97098def7190bb8b712e42708d46e5dfde5\cordic_stage'.
<suppressed ~6 debug messages>
Finding identical cells in module `\cordic_wrapper'.
Computing hashes of 31 cells of `\cordic_wrapper'.
Finding duplicate cells in `\cordic_wrapper'.
Finding identical cells in module `\phase_folder'.
Computing hashes of 14 cells of `\phase_folder'.
Finding duplicate cells in `\phase_folder'.
Finding identical cells in module `\siren_scaler'.
Computing hashes of 77 cells of `\siren_scaler'.
Finding duplicate cells in `\siren_scaler'.
Finding identical cells in module `\mac_unit'.
Computing hashes of 1920 cells of `\mac_unit'.
Finding duplicate cells in `\mac_unit'.
Removed a total of 2 cells.

11.23.3. Executing OPT_DFF pass (perform DFF optimizations).

11.23.4. Executing OPT_CLEAN pass (remove unused cells and wires).
Finding unused cells or wires in module $paramod$fda4c52592ec151689e44937ab5af6abb2bbb4f7\cordic_stage..
Finding unused cells or wires in module $paramod$a64f440093fbb2a761ca462422596e7cf59060b9\cordic_stage..
Finding unused cells or wires in module $paramod$d051e689d5327a357ac2c918100372a7016c9475\cordic_stage..
Finding unused cells or wires in module $paramod$126d84d701c2cc9a597647f943872c89fc0e0486\cordic_stage..
Finding unused cells or wires in module $paramod$be7bec05f99528b83047c54b2c3b7ab2ac7f529f\cordic_stage..
Finding unused cells or wires in module $paramod$b8db0999d09c2bf93070cea839ea649340d02004\cordic_stage..
Finding unused cells or wires in module $paramod$c3982464bdd43885eb14a5af78baf7982db37425\cordic_stage..
Finding unused cells or wires in module $paramod$1ceed3bff8837b34d0a66987aff5145c079c2fbd\cordic_stage..
Finding unused cells or wires in module $paramod$a744cc0f1faffa6b4bad02f7493d97baee494aa9\cordic_stage..
Finding unused cells or wires in module $paramod$4f7c2943c908f89b3241078e20d5e72df920ea4c\cordic_stage..
Finding unused cells or wires in module $paramod$e0b39c4462fc09c778e150d1c789ca7fe160ca07\cordic_stage..
Finding unused cells or wires in module $paramod$bfb04248936278b1df1155cdc757ddb460a8d245\cordic_stage..
Finding unused cells or wires in module $paramod$13df4f4c9c1b261592c9a2486a54e334ba271a0d\cordic_stage..
Finding unused cells or wires in module $paramod$92317b3f664a636e96e14bfabf5ac92fa5f616e0\cordic_stage..
Finding unused cells or wires in module $paramod$1c78dad951792559821a28759880bf6605d5ac8b\cordic_stage..
Finding unused cells or wires in module \siren_neuron..
Finding unused cells or wires in module \siren_act_unit..
Finding unused cells or wires in module $paramod$ab10e97098def7190bb8b712e42708d46e5dfde5\cordic_stage..
Finding unused cells or wires in module \cordic_wrapper..
Finding unused cells or wires in module \phase_folder..
Finding unused cells or wires in module \siren_scaler..
Finding unused cells or wires in module \mac_unit..
Removed 0 unused cells and 4246 unused wires.
<suppressed ~19 debug messages>

11.23.5. Finished fast OPT passes.

11.24. Executing HIERARCHY pass (managing design hierarchy).
Attribute `top' found on module `siren_neuron'. Setting top module to siren_neuron.

11.24.1. Analyzing design hierarchy..
Top module:  \siren_neuron
Used module:     \siren_act_unit
Used module:         \cordic_wrapper
Used module:             $paramod$e0b39c4462fc09c778e150d1c789ca7fe160ca07\cordic_stage
Used module:             $paramod$4f7c2943c908f89b3241078e20d5e72df920ea4c\cordic_stage
Used module:             $paramod$a744cc0f1faffa6b4bad02f7493d97baee494aa9\cordic_stage
Used module:             $paramod$1ceed3bff8837b34d0a66987aff5145c079c2fbd\cordic_stage
Used module:             $paramod$c3982464bdd43885eb14a5af78baf7982db37425\cordic_stage
Used module:             $paramod$b8db0999d09c2bf93070cea839ea649340d02004\cordic_stage
Used module:             $paramod$be7bec05f99528b83047c54b2c3b7ab2ac7f529f\cordic_stage
Used module:             $paramod$126d84d701c2cc9a597647f943872c89fc0e0486\cordic_stage
Used module:             $paramod$d051e689d5327a357ac2c918100372a7016c9475\cordic_stage
Used module:             $paramod$a64f440093fbb2a761ca462422596e7cf59060b9\cordic_stage
Used module:             $paramod$fda4c52592ec151689e44937ab5af6abb2bbb4f7\cordic_stage
Used module:             $paramod$ab10e97098def7190bb8b712e42708d46e5dfde5\cordic_stage
Used module:             $paramod$92317b3f664a636e96e14bfabf5ac92fa5f616e0\cordic_stage
Used module:             $paramod$13df4f4c9c1b261592c9a2486a54e334ba271a0d\cordic_stage
Used module:             $paramod$1c78dad951792559821a28759880bf6605d5ac8b\cordic_stage
Used module:             $paramod$bfb04248936278b1df1155cdc757ddb460a8d245\cordic_stage
Used module:         \phase_folder
Used module:     \siren_scaler
Used module:     \mac_unit

11.24.2. Analyzing design hierarchy..
Top module:  \siren_neuron
Used module:     \siren_act_unit
Used module:         \cordic_wrapper
Used module:             $paramod$e0b39c4462fc09c778e150d1c789ca7fe160ca07\cordic_stage
Used module:             $paramod$4f7c2943c908f89b3241078e20d5e72df920ea4c\cordic_stage
Used module:             $paramod$a744cc0f1faffa6b4bad02f7493d97baee494aa9\cordic_stage
Used module:             $paramod$1ceed3bff8837b34d0a66987aff5145c079c2fbd\cordic_stage
Used module:             $paramod$c3982464bdd43885eb14a5af78baf7982db37425\cordic_stage
Used module:             $paramod$b8db0999d09c2bf93070cea839ea649340d02004\cordic_stage
Used module:             $paramod$be7bec05f99528b83047c54b2c3b7ab2ac7f529f\cordic_stage
Used module:             $paramod$126d84d701c2cc9a597647f943872c89fc0e0486\cordic_stage
Used module:             $paramod$d051e689d5327a357ac2c918100372a7016c9475\cordic_stage
Used module:             $paramod$a64f440093fbb2a761ca462422596e7cf59060b9\cordic_stage
Used module:             $paramod$fda4c52592ec151689e44937ab5af6abb2bbb4f7\cordic_stage
Used module:             $paramod$ab10e97098def7190bb8b712e42708d46e5dfde5\cordic_stage
Used module:             $paramod$92317b3f664a636e96e14bfabf5ac92fa5f616e0\cordic_stage
Used module:             $paramod$13df4f4c9c1b261592c9a2486a54e334ba271a0d\cordic_stage
Used module:             $paramod$1c78dad951792559821a28759880bf6605d5ac8b\cordic_stage
Used module:             $paramod$bfb04248936278b1df1155cdc757ddb460a8d245\cordic_stage
Used module:         \phase_folder
Used module:     \siren_scaler
Used module:     \mac_unit
Removed 0 unused modules.

11.25. Printing statistics.

=== $paramod$fda4c52592ec151689e44937ab5af6abb2bbb4f7\cordic_stage ===

        +----------Local Count, excluding submodules.
        | 
      285 wires
      463 wire bits
       12 public wires
      132 public wire bits
       10 ports
      100 port bits
      364 cells
        4   $_ANDNOT_
       47   $_AND_
       48   $_DFFE_PN0P_
        1   $_DFF_PN0_
        4   $_MUX_
       89   $_NAND_
        6   $_NOR_
        6   $_NOT_
       15   $_ORNOT_
       48   $_OR_
       61   $_XNOR_
       35   $_XOR_

=== $paramod$a64f440093fbb2a761ca462422596e7cf59060b9\cordic_stage ===

        +----------Local Count, excluding submodules.
        | 
      281 wires
      461 wire bits
       12 public wires
      132 public wire bits
       10 ports
      100 port bits
      362 cells
        4   $_ANDNOT_
       49   $_AND_
       48   $_DFFE_PN0P_
        1   $_DFF_PN0_
        4   $_MUX_
       89   $_NAND_
        5   $_NOR_
        1   $_NOT_
       16   $_ORNOT_
       44   $_OR_
       54   $_XNOR_
       47   $_XOR_

=== $paramod$d051e689d5327a357ac2c918100372a7016c9475\cordic_stage ===

        +----------Local Count, excluding submodules.
        | 
      284 wires
      464 wire bits
       12 public wires
      132 public wire bits
       10 ports
      100 port bits
      365 cells
        5   $_ANDNOT_
       43   $_AND_
       48   $_DFFE_PN0P_
        1   $_DFF_PN0_
        4   $_MUX_
       95   $_NAND_
        3   $_NOR_
        6   $_NOT_
       23   $_ORNOT_
       40   $_OR_
       59   $_XNOR_
       38   $_XOR_

=== $paramod$126d84d701c2cc9a597647f943872c89fc0e0486\cordic_stage ===

        +----------Local Count, excluding submodules.
        | 
      267 wires
      447 wire bits
       12 public wires
      132 public wire bits
       10 ports
      100 port bits
      348 cells
        7   $_ANDNOT_
       42   $_AND_
       48   $_DFFE_PN0P_
        1   $_DFF_PN0_
        4   $_MUX_
       86   $_NAND_
        3   $_NOR_
        1   $_NOT_
       21   $_ORNOT_
       40   $_OR_
       52   $_XNOR_
       43   $_XOR_

=== $paramod$be7bec05f99528b83047c54b2c3b7ab2ac7f529f\cordic_stage ===

        +----------Local Count, excluding submodules.
        | 
      263 wires
      442 wire bits
       12 public wires
      132 public wire bits
       10 ports
      100 port bits
      343 cells
       10   $_ANDNOT_
       41   $_AND_
       48   $_DFFE_PN0P_
        1   $_DFF_PN0_
        3   $_MUX_
       83   $_NAND_
        2   $_NOR_
        3   $_NOT_
       20   $_ORNOT_
       38   $_OR_
       53   $_XNOR_
       41   $_XOR_

=== $paramod$b8db0999d09c2bf93070cea839ea649340d02004\cordic_stage ===

        +----------Local Count, excluding submodules.
        | 
      257 wires
      437 wire bits
       12 public wires
      132 public wire bits
       10 ports
      100 port bits
      338 cells
       10   $_ANDNOT_
       36   $_AND_
       48   $_DFFE_PN0P_
        1   $_DFF_PN0_
        4   $_MUX_
       85   $_NAND_
        2   $_NOR_
        1   $_NOT_
       21   $_ORNOT_
       34   $_OR_
       48   $_XNOR_
       48   $_XOR_

=== $paramod$c3982464bdd43885eb14a5af78baf7982db37425\cordic_stage ===

        +----------Local Count, excluding submodules.
        | 
      254 wires
      434 wire bits
       12 public wires
      132 public wire bits
       10 ports
      100 port bits
      335 cells
       11   $_ANDNOT_
       32   $_AND_
       48   $_DFFE_PN0P_
        1   $_DFF_PN0_
        2   $_MUX_
       87   $_NAND_
        2   $_NOR_
        1   $_NOT_
       24   $_ORNOT_
       31   $_OR_
       50   $_XNOR_
       46   $_XOR_

=== $paramod$1ceed3bff8837b34d0a66987aff5145c079c2fbd\cordic_stage ===

        +----------Local Count, excluding submodules.
        | 
      246 wires
      426 wire bits
       12 public wires
      132 public wire bits
       10 ports
      100 port bits
      327 cells
       13   $_ANDNOT_
       33   $_AND_
       48   $_DFFE_PN0P_
        1   $_DFF_PN0_
        4   $_MUX_
       70   $_NAND_
        5   $_NOR_
        3   $_NOT_
       21   $_ORNOT_
       35   $_OR_
       49   $_XNOR_
       45   $_XOR_

=== $paramod$a744cc0f1faffa6b4bad02f7493d97baee494aa9\cordic_stage ===

        +----------Local Count, excluding submodules.
        | 
      241 wires
      419 wire bits
       12 public wires
      132 public wire bits
       10 ports
      100 port bits
      320 cells
        5   $_ANDNOT_
       38   $_AND_
       48   $_DFFE_PN0P_
        1   $_DFF_PN0_
        2   $_MUX_
       86   $_NAND_
        1   $_NOR_
        1   $_NOT_
       16   $_ORNOT_
       28   $_OR_
       48   $_XNOR_
       46   $_XOR_

=== $paramod$4f7c2943c908f89b3241078e20d5e72df920ea4c\cordic_stage ===

        +----------Local Count, excluding submodules.
        | 
      237 wires
      416 wire bits
       12 public wires
      132 public wire bits
       10 ports
      100 port bits
      317 cells
       17   $_ANDNOT_
       31   $_AND_
       48   $_DFFE_PN0P_
        1   $_DFF_PN0_
        2   $_MUX_
       74   $_NAND_
        1   $_NOR_
        2   $_NOT_
       24   $_ORNOT_
       31   $_OR_
       45   $_XNOR_
       41   $_XOR_

=== $paramod$e0b39c4462fc09c778e150d1c789ca7fe160ca07\cordic_stage ===

        +----------Local Count, excluding submodules.
        | 
      243 wires
      423 wire bits
       12 public wires
      132 public wire bits
       10 ports
      100 port bits
      324 cells
       11   $_ANDNOT_
       34   $_AND_
       48   $_DFFE_PN0P_
        1   $_DFF_PN0_
        2   $_MUX_
       84   $_NAND_
        3   $_NOR_
        2   $_NOT_
       25   $_ORNOT_
       24   $_OR_
       41   $_XNOR_
       49   $_XOR_

=== $paramod$bfb04248936278b1df1155cdc757ddb460a8d245\cordic_stage ===

        +----------Local Count, excluding submodules.
        | 
      234 wires
      414 wire bits
       12 public wires
      132 public wire bits
       10 ports
      100 port bits
      315 cells
        8   $_ANDNOT_
       24   $_AND_
       48   $_DFFE_PN0P_
        1   $_DFF_PN0_
        2   $_MUX_
       93   $_NAND_
        1   $_NOR_
        2   $_NOT_
       28   $_ORNOT_
       25   $_OR_
       42   $_XNOR_
       41   $_XOR_

=== $paramod$13df4f4c9c1b261592c9a2486a54e334ba271a0d\cordic_stage ===

        +----------Local Count, excluding submodules.
        | 
      232 wires
      412 wire bits
       12 public wires
      132 public wire bits
       10 ports
      100 port bits
      313 cells
        9   $_ANDNOT_
       25   $_AND_
       48   $_DFFE_PN0P_
        1   $_DFF_PN0_
        2   $_MUX_
       92   $_NAND_
        1   $_NOR_
        4   $_NOT_
       32   $_ORNOT_
       20   $_OR_
       43   $_XNOR_
       36   $_XOR_

=== $paramod$92317b3f664a636e96e14bfabf5ac92fa5f616e0\cordic_stage ===

        +----------Local Count, excluding submodules.
        | 
      222 wires
      402 wire bits
       12 public wires
      132 public wire bits
       10 ports
      100 port bits
      303 cells
        8   $_ANDNOT_
       30   $_AND_
       48   $_DFFE_PN0P_
        1   $_DFF_PN0_
        3   $_MUX_
       80   $_NAND_
        1   $_NOR_
        1   $_NOT_
       38   $_ORNOT_
       15   $_OR_
       50   $_XNOR_
       28   $_XOR_

=== $paramod$1c78dad951792559821a28759880bf6605d5ac8b\cordic_stage ===

        +----------Local Count, excluding submodules.
        | 
      146 wires
      311 wire bits
       12 public wires
      132 public wire bits
       10 ports
      100 port bits
      212 cells
        3   $_ANDNOT_
       11   $_AND_
       48   $_DFFE_PN0P_
        1   $_DFF_PN0_
        1   $_MUX_
       76   $_NAND_
        1   $_NOT_
        4   $_ORNOT_
       21   $_OR_
       22   $_XNOR_
       24   $_XOR_

=== siren_neuron ===

        +----------Local Count, excluding submodules.
        | 
       14 wires
      119 wire bits
       14 public wires
      119 public wire bits
       10 ports
       85 port bits
        3 submodules
        1   mac_unit
        1   siren_act_unit
        1   siren_scaler

=== siren_act_unit ===

        +----------Local Count, excluding submodules.
        | 
        9 wires
       69 wire bits
        9 public wires
       69 public wire bits
        7 ports
       52 port bits
        2 submodules
        1   cordic_wrapper
        1   phase_folder

=== $paramod$ab10e97098def7190bb8b712e42708d46e5dfde5\cordic_stage ===

        +----------Local Count, excluding submodules.
        | 
      239 wires
      361 wire bits
       12 public wires
      132 public wire bits
       10 ports
      100 port bits
      277 cells
        1   $_ANDNOT_
       28   $_AND_
       47   $_DFFE_PN0P_
        1   $_DFF_PN0_
       29   $_MUX_
       79   $_NAND_
        4   $_NOT_
       36   $_ORNOT_
        7   $_OR_
       24   $_XNOR_
       21   $_XOR_

=== cordic_wrapper ===

        +----------Local Count, excluding submodules.
        | 
       89 wires
      899 wire bits
       75 public wires
      885 public wire bits
        7 ports
       52 port bits
       15 cells
        1   $_ANDNOT_
        6   $_AND_
        1   $_NAND_
        7   $_NOR_
       16 submodules
        1   $paramod$126d84d701c2cc9a597647f943872c89fc0e0486\cordic_stage
        1   $paramod$13df4f4c9c1b261592c9a2486a54e334ba271a0d\cordic_stage
        1   $paramod$1c78dad951792559821a28759880bf6605d5ac8b\cordic_stage
        1   $paramod$1ceed3bff8837b34d0a66987aff5145c079c2fbd\cordic_stage
        1   $paramod$4f7c2943c908f89b3241078e20d5e72df920ea4c\cordic_stage
        1   $paramod$92317b3f664a636e96e14bfabf5ac92fa5f616e0\cordic_stage
        1   $paramod$a64f440093fbb2a761ca462422596e7cf59060b9\cordic_stage
        1   $paramod$a744cc0f1faffa6b4bad02f7493d97baee494aa9\cordic_stage
        1   $paramod$ab10e97098def7190bb8b712e42708d46e5dfde5\cordic_stage
        1   $paramod$b8db0999d09c2bf93070cea839ea649340d02004\cordic_stage
        1   $paramod$be7bec05f99528b83047c54b2c3b7ab2ac7f529f\cordic_stage
        1   $paramod$bfb04248936278b1df1155cdc757ddb460a8d245\cordic_stage
        1   $paramod$c3982464bdd43885eb14a5af78baf7982db37425\cordic_stage
        1   $paramod$d051e689d5327a357ac2c918100372a7016c9475\cordic_stage
        1   $paramod$e0b39c4462fc09c778e150d1c789ca7fe160ca07\cordic_stage
        1   $paramod$fda4c52592ec151689e44937ab5af6abb2bbb4f7\cordic_stage

=== phase_folder ===

        +----------Local Count, excluding submodules.
        | 
        7 wires
       52 wire bits
        7 public wires
       52 public wire bits
        6 ports
       36 port bits
       14 cells
       14   $_DFF_PN0_

=== siren_scaler ===

        +----------Local Count, excluding submodules.
        | 
       56 wires
      131 wire bits
        9 public wires
       84 public wire bits
        6 ports
       36 port bits
       77 cells
        2   $_ANDNOT_
       15   $_DFFE_PN0P_
        1   $_DFF_PN0_
       23   $_NAND_
        1   $_NOR_
       13   $_ORNOT_
       13   $_XNOR_
        9   $_XOR_

=== mac_unit ===

        +----------Local Count, excluding submodules.
        | 
     1914 wires
     2037 wire bits
       12 public wires
      135 public wire bits
       10 ports
       70 port bits
     1920 cells
       24   $_ANDNOT_
      306   $_AND_
       17   $_DFFE_PN0P_
        1   $_DFF_PN0_
       23   $_MUX_
      868   $_NAND_
        2   $_NOR_
        2   $_NOT_
       30   $_ORNOT_
       24   $_OR_
       69   $_XNOR_
      554   $_XOR_

=== design hierarchy ===

        +----------Count including submodules.
        | 
     7189 siren_neuron
     1920 mac_unit
       15   cordic_wrapper
      348     $paramod$126d84d701c2cc9a597647f943872c89fc0e0486\cordic_stage
      313     $paramod$13df4f4c9c1b261592c9a2486a54e334ba271a0d\cordic_stage
      212     $paramod$1c78dad951792559821a28759880bf6605d5ac8b\cordic_stage
      327     $paramod$1ceed3bff8837b34d0a66987aff5145c079c2fbd\cordic_stage
      317     $paramod$4f7c2943c908f89b3241078e20d5e72df920ea4c\cordic_stage
      303     $paramod$92317b3f664a636e96e14bfabf5ac92fa5f616e0\cordic_stage
      362     $paramod$a64f440093fbb2a761ca462422596e7cf59060b9\cordic_stage
      320     $paramod$a744cc0f1faffa6b4bad02f7493d97baee494aa9\cordic_stage
      277     $paramod$ab10e97098def7190bb8b712e42708d46e5dfde5\cordic_stage
      338     $paramod$b8db0999d09c2bf93070cea839ea649340d02004\cordic_stage
      343     $paramod$be7bec05f99528b83047c54b2c3b7ab2ac7f529f\cordic_stage
      315     $paramod$bfb04248936278b1df1155cdc757ddb460a8d245\cordic_stage
      335     $paramod$c3982464bdd43885eb14a5af78baf7982db37425\cordic_stage
      365     $paramod$d051e689d5327a357ac2c918100372a7016c9475\cordic_stage
      324     $paramod$e0b39c4462fc09c778e150d1c789ca7fe160ca07\cordic_stage
      364     $paramod$fda4c52592ec151689e44937ab5af6abb2bbb4f7\cordic_stage
       14   phase_folder
       77 siren_scaler

        +----------Count including submodules.
        | 
     6020 wires
    10039 wire bits
      318 public wires
     3456 public wire bits
      206 ports
     1931 port bits
        - memories
        - memory bits
        - processes
     7189 cells
      153   $_ANDNOT_
      856   $_AND_
      799   $_DFFE_PN0P_
       32   $_DFF_PN0_
       95   $_MUX_
     2240   $_NAND_
       46   $_NOR_
       41   $_NOT_
      407   $_ORNOT_
      505   $_OR_
      823   $_XNOR_
     1192   $_XOR_
        3 submodules
        1   mac_unit
        1   siren_act_unit
        1   siren_scaler

11.26. Executing CHECK pass (checking for obvious problems).
Checking module $paramod$fda4c52592ec151689e44937ab5af6abb2bbb4f7\cordic_stage...
Checking module $paramod$a64f440093fbb2a761ca462422596e7cf59060b9\cordic_stage...
Checking module $paramod$d051e689d5327a357ac2c918100372a7016c9475\cordic_stage...
Checking module $paramod$126d84d701c2cc9a597647f943872c89fc0e0486\cordic_stage...
Checking module $paramod$be7bec05f99528b83047c54b2c3b7ab2ac7f529f\cordic_stage...
Checking module $paramod$b8db0999d09c2bf93070cea839ea649340d02004\cordic_stage...
Checking module $paramod$c3982464bdd43885eb14a5af78baf7982db37425\cordic_stage...
Checking module $paramod$1ceed3bff8837b34d0a66987aff5145c079c2fbd\cordic_stage...
Checking module $paramod$a744cc0f1faffa6b4bad02f7493d97baee494aa9\cordic_stage...
Checking module $paramod$4f7c2943c908f89b3241078e20d5e72df920ea4c\cordic_stage...
Checking module $paramod$e0b39c4462fc09c778e150d1c789ca7fe160ca07\cordic_stage...
Checking module $paramod$bfb04248936278b1df1155cdc757ddb460a8d245\cordic_stage...
Checking module $paramod$13df4f4c9c1b261592c9a2486a54e334ba271a0d\cordic_stage...
Checking module $paramod$92317b3f664a636e96e14bfabf5ac92fa5f616e0\cordic_stage...
Checking module $paramod$1c78dad951792559821a28759880bf6605d5ac8b\cordic_stage...
Checking module siren_neuron...
Checking module siren_act_unit...
Checking module $paramod$ab10e97098def7190bb8b712e42708d46e5dfde5\cordic_stage...
Checking module cordic_wrapper...
Checking module phase_folder...
Checking module siren_scaler...
Checking module mac_unit...
Found and reported 0 problems.

12. Executing ABC pass (technology mapping using ABC).

12.1. Extracting gate netlist of module `$paramod$fda4c52592ec151689e44937ab5af6abb2bbb4f7\cordic_stage' to `<abc-temp-dir>/input.blif'..

12.1.1. Executed ABC.
Extracted 315 gates and 361 wires to a netlist network with 46 inputs and 46 outputs.
Running ABC script: <abc-temp-dir>/abc.script
ABC: ======== ABC command line "source <abc-temp-dir>/abc.script"
ABC: + read_blif <abc-temp-dir>/input.blif 
ABC: + read_library <abc-temp-dir>/stdcells.genlib 
ABC: + strash 
ABC: + &get -n 
ABC: + &fraig -x 
ABC: + &put 
ABC: + scorr 
ABC: Warning: The network is combinational (run "fraig" or "fraig_sweep").
ABC: + dc2 
ABC: + dretime 
ABC: + strash 
ABC: + &get -n 
ABC: + &dch -f 
ABC: + &nf 
ABC: + &put 
ABC: + write_blif <abc-temp-dir>/output.blif 

12.1.2. Re-integrating ABC results.
ABC RESULTS:               AND cells:      123
ABC RESULTS:               MUX cells:        2
ABC RESULTS:               NOT cells:       47
ABC RESULTS:                OR cells:       97
ABC RESULTS:               XOR cells:      105
ABC RESULTS:        internal signals:      269
ABC RESULTS:           input signals:       46
ABC RESULTS:          output signals:       46
Removing temp directory.

12.2. Extracting gate netlist of module `$paramod$a64f440093fbb2a761ca462422596e7cf59060b9\cordic_stage' to `<abc-temp-dir>/input.blif'..

12.2.1. Executed ABC.
Extracted 313 gates and 361 wires to a netlist network with 48 inputs and 48 outputs.
Running ABC script: <abc-temp-dir>/abc.script
ABC: ======== ABC command line "source <abc-temp-dir>/abc.script"
ABC: + read_blif <abc-temp-dir>/input.blif 
ABC: + read_library <abc-temp-dir>/stdcells.genlib 
ABC: + strash 
ABC: + &get -n 
ABC: + &fraig -x 
ABC: + &put 
ABC: + scorr 
ABC: Warning: The network is combinational (run "fraig" or "fraig_sweep").
ABC: + dc2 
ABC: + dretime 
ABC: + strash 
ABC: + &get -n 
ABC: + &dch -f 
ABC: + &nf 
ABC: + &put 
ABC: + write_blif <abc-temp-dir>/output.blif 

12.2.2. Re-integrating ABC results.
ABC RESULTS:               AND cells:      113
ABC RESULTS:               MUX cells:        4
ABC RESULTS:               NOT cells:       30
ABC RESULTS:                OR cells:       84
ABC RESULTS:               XOR cells:      111
ABC RESULTS:        internal signals:      265
ABC RESULTS:           input signals:       48
ABC RESULTS:          output signals:       48
Removing temp directory.

12.3. Extracting gate netlist of module `$paramod$d051e689d5327a357ac2c918100372a7016c9475\cordic_stage' to `<abc-temp-dir>/input.blif'..

12.3.1. Executed ABC.
Extracted 316 gates and 364 wires to a netlist network with 48 inputs and 48 outputs.
Running ABC script: <abc-temp-dir>/abc.script
ABC: ======== ABC command line "source <abc-temp-dir>/abc.script"
ABC: + read_blif <abc-temp-dir>/input.blif 
ABC: + read_library <abc-temp-dir>/stdcells.genlib 
ABC: + strash 
ABC: + &get -n 
ABC: + &fraig -x 
ABC: + &put 
ABC: + scorr 
ABC: Warning: The network is combinational (run "fraig" or "fraig_sweep").
ABC: + dc2 
ABC: + dretime 
ABC: + strash 
ABC: + &get -n 
ABC: + &dch -f 
ABC: + &nf 
ABC: + &put 
ABC: + write_blif <abc-temp-dir>/output.blif 

12.3.2. Re-integrating ABC results.
ABC RESULTS:               AND cells:      125
ABC RESULTS:               MUX cells:        4
ABC RESULTS:               NOT cells:       54
ABC RESULTS:                OR cells:      100
ABC RESULTS:               XOR cells:      108
ABC RESULTS:        internal signals:      268
ABC RESULTS:           input signals:       48
ABC RESULTS:          output signals:       48
Removing temp directory.

12.4. Extracting gate netlist of module `$paramod$126d84d701c2cc9a597647f943872c89fc0e0486\cordic_stage' to `<abc-temp-dir>/input.blif'..

12.4.1. Executed ABC.
Extracted 299 gates and 347 wires to a netlist network with 48 inputs and 48 outputs.
Running ABC script: <abc-temp-dir>/abc.script
ABC: ======== ABC command line "source <abc-temp-dir>/abc.script"
ABC: + read_blif <abc-temp-dir>/input.blif 
ABC: + read_library <abc-temp-dir>/stdcells.genlib 
ABC: + strash 
ABC: + &get -n 
ABC: + &fraig -x 
ABC: + &put 
ABC: + scorr 
ABC: Warning: The network is combinational (run "fraig" or "fraig_sweep").
ABC: + dc2 
ABC: + dretime 
ABC: + strash 
ABC: + &get -n 
ABC: + &dch -f 
ABC: + &nf 
ABC: + &put 
ABC: + write_blif <abc-temp-dir>/output.blif 

12.4.2. Re-integrating ABC results.
ABC RESULTS:               AND cells:      105
ABC RESULTS:               MUX cells:        3
ABC RESULTS:               NOT cells:       53
ABC RESULTS:                OR cells:       92
ABC RESULTS:               XOR cells:      103
ABC RESULTS:        internal signals:      251
ABC RESULTS:           input signals:       48
ABC RESULTS:          output signals:       48
Removing temp directory.

12.5. Extracting gate netlist of module `$paramod$be7bec05f99528b83047c54b2c3b7ab2ac7f529f\cordic_stage' to `<abc-temp-dir>/input.blif'..

12.5.1. Executed ABC.
Extracted 294 gates and 341 wires to a netlist network with 47 inputs and 47 outputs.
Running ABC script: <abc-temp-dir>/abc.script
ABC: ======== ABC command line "source <abc-temp-dir>/abc.script"
ABC: + read_blif <abc-temp-dir>/input.blif 
ABC: + read_library <abc-temp-dir>/stdcells.genlib 
ABC: + strash 
ABC: + &get -n 
ABC: + &fraig -x 
ABC: + &put 
ABC: + scorr 
ABC: Warning: The network is combinational (run "fraig" or "fraig_sweep").
ABC: + dc2 
ABC: + dretime 
ABC: + strash 
ABC: + &get -n 
ABC: + &dch -f 
ABC: + &nf 
ABC: + &put 
ABC: + write_blif <abc-temp-dir>/output.blif 

12.5.2. Re-integrating ABC results.
ABC RESULTS:               AND cells:       99
ABC RESULTS:               MUX cells:        3
ABC RESULTS:               NOT cells:       48
ABC RESULTS:                OR cells:       87
ABC RESULTS:               XOR cells:      101
ABC RESULTS:        internal signals:      247
ABC RESULTS:           input signals:       47
ABC RESULTS:          output signals:       47
Removing temp directory.

12.6. Extracting gate netlist of module `$paramod$b8db0999d09c2bf93070cea839ea649340d02004\cordic_stage' to `<abc-temp-dir>/input.blif'..

12.6.1. Executed ABC.
Extracted 289 gates and 337 wires to a netlist network with 48 inputs and 48 outputs.
Running ABC script: <abc-temp-dir>/abc.script
ABC: ======== ABC command line "source <abc-temp-dir>/abc.script"
ABC: + read_blif <abc-temp-dir>/input.blif 
ABC: + read_library <abc-temp-dir>/stdcells.genlib 
ABC: + strash 
ABC: + &get -n 
ABC: + &fraig -x 
ABC: + &put 
ABC: + scorr 
ABC: Warning: The network is combinational (run "fraig" or "fraig_sweep").
ABC: + dc2 
ABC: + dretime 
ABC: + strash 
ABC: + &get -n 
ABC: + &dch -f 
ABC: + &nf 
ABC: + &put 
ABC: + write_blif <abc-temp-dir>/output.blif 

12.6.2. Re-integrating ABC results.
ABC RESULTS:               AND cells:       97
ABC RESULTS:               MUX cells:        3
ABC RESULTS:               NOT cells:       47
ABC RESULTS:                OR cells:       84
ABC RESULTS:               XOR cells:      102
ABC RESULTS:        internal signals:      241
ABC RESULTS:           input signals:       48
ABC RESULTS:          output signals:       48
Removing temp directory.

12.7. Extracting gate netlist of module `$paramod$c3982464bdd43885eb14a5af78baf7982db37425\cordic_stage' to `<abc-temp-dir>/input.blif'..

12.7.1. Executed ABC.
Extracted 286 gates and 334 wires to a netlist network with 48 inputs and 48 outputs.
Running ABC script: <abc-temp-dir>/abc.script
ABC: ======== ABC command line "source <abc-temp-dir>/abc.script"
ABC: + read_blif <abc-temp-dir>/input.blif 
ABC: + read_library <abc-temp-dir>/stdcells.genlib 
ABC: + strash 
ABC: + &get -n 
ABC: + &fraig -x 
ABC: + &put 
ABC: + scorr 
ABC: Warning: The network is combinational (run "fraig" or "fraig_sweep").
ABC: + dc2 
ABC: + dretime 
ABC: + strash 
ABC: + &get -n 
ABC: + &dch -f 
ABC: + &nf 
ABC: + &put 
ABC: + write_blif <abc-temp-dir>/output.blif 

12.7.2. Re-integrating ABC results.
ABC RESULTS:               AND cells:       94
ABC RESULTS:               MUX cells:        2
ABC RESULTS:               NOT cells:       38
ABC RESULTS:                OR cells:       84
ABC RESULTS:               XOR cells:      104
ABC RESULTS:        internal signals:      238
ABC RESULTS:           input signals:       48
ABC RESULTS:          output signals:       48
Removing temp directory.

12.8. Extracting gate netlist of module `$paramod$1ceed3bff8837b34d0a66987aff5145c079c2fbd\cordic_stage' to `<abc-temp-dir>/input.blif'..

12.8.1. Executed ABC.
Extracted 278 gates and 326 wires to a netlist network with 48 inputs and 48 outputs.
Running ABC script: <abc-temp-dir>/abc.script
ABC: ======== ABC command line "source <abc-temp-dir>/abc.script"
ABC: + read_blif <abc-temp-dir>/input.blif 
ABC: + read_library <abc-temp-dir>/stdcells.genlib 
ABC: + strash 
ABC: + &get -n 
ABC: + &fraig -x 
ABC: + &put 
ABC: + scorr 
ABC: Warning: The network is combinational (run "fraig" or "fraig_sweep").
ABC: + dc2 
ABC: + dretime 
ABC: + strash 
ABC: + &get -n 
ABC: + &dch -f 
ABC: + &nf 
ABC: + &put 
ABC: + write_blif <abc-temp-dir>/output.blif 

12.8.2. Re-integrating ABC results.
ABC RESULTS:               AND cells:      111
ABC RESULTS:               MUX cells:        4
ABC RESULTS:               NOT cells:       54
ABC RESULTS:                OR cells:       93
ABC RESULTS:               XOR cells:       98
ABC RESULTS:        internal signals:      230
ABC RESULTS:           input signals:       48
ABC RESULTS:          output signals:       48
Removing temp directory.

12.9. Extracting gate netlist of module `$paramod$a744cc0f1faffa6b4bad02f7493d97baee494aa9\cordic_stage' to `<abc-temp-dir>/input.blif'..

12.9.1. Executed ABC.
Extracted 271 gates and 317 wires to a netlist network with 46 inputs and 46 outputs.
Running ABC script: <abc-temp-dir>/abc.script
ABC: ======== ABC command line "source <abc-temp-dir>/abc.script"
ABC: + read_blif <abc-temp-dir>/input.blif 
ABC: + read_library <abc-temp-dir>/stdcells.genlib 
ABC: + strash 
ABC: + &get -n 
ABC: + &fraig -x 
ABC: + &put 
ABC: + scorr 
ABC: Warning: The network is combinational (run "fraig" or "fraig_sweep").
ABC: + dc2 
ABC: + dretime 
ABC: + strash 
ABC: + &get -n 
ABC: + &dch -f 
ABC: + &nf 
ABC: + &put 
ABC: + write_blif <abc-temp-dir>/output.blif 

12.9.2. Re-integrating ABC results.
ABC RESULTS:               AND cells:       89
ABC RESULTS:               MUX cells:        2
ABC RESULTS:               NOT cells:       39
ABC RESULTS:                OR cells:       85
ABC RESULTS:               XOR cells:       95
ABC RESULTS:        internal signals:      225
ABC RESULTS:           input signals:       46
ABC RESULTS:          output signals:       46
Removing temp directory.

12.10. Extracting gate netlist of module `$paramod$4f7c2943c908f89b3241078e20d5e72df920ea4c\cordic_stage' to `<abc-temp-dir>/input.blif'..

12.10.1. Executed ABC.
Extracted 268 gates and 315 wires to a netlist network with 47 inputs and 47 outputs.
Running ABC script: <abc-temp-dir>/abc.script
ABC: ======== ABC command line "source <abc-temp-dir>/abc.script"
ABC: + read_blif <abc-temp-dir>/input.blif 
ABC: + read_library <abc-temp-dir>/stdcells.genlib 
ABC: + strash 
ABC: + &get -n 
ABC: + &fraig -x 
ABC: + &put 
ABC: + scorr 
ABC: Warning: The network is combinational (run "fraig" or "fraig_sweep").
ABC: + dc2 
ABC: + dretime 
ABC: + strash 
ABC: + &get -n 
ABC: + &dch -f 
ABC: + &nf 
ABC: + &put 
ABC: + write_blif <abc-temp-dir>/output.blif 

12.10.2. Re-integrating ABC results.
ABC RESULTS:               AND cells:      113
ABC RESULTS:               MUX cells:        3
ABC RESULTS:               NOT cells:       42
ABC RESULTS:                OR cells:       91
ABC RESULTS:               XOR cells:       90
ABC RESULTS:        internal signals:      221
ABC RESULTS:           input signals:       47
ABC RESULTS:          output signals:       47
Removing temp directory.

12.11. Extracting gate netlist of module `$paramod$e0b39c4462fc09c778e150d1c789ca7fe160ca07\cordic_stage' to `<abc-temp-dir>/input.blif'..

12.11.1. Executed ABC.
Extracted 275 gates and 323 wires to a netlist network with 48 inputs and 48 outputs.
Running ABC script: <abc-temp-dir>/abc.script
ABC: ======== ABC command line "source <abc-temp-dir>/abc.script"
ABC: + read_blif <abc-temp-dir>/input.blif 
ABC: + read_library <abc-temp-dir>/stdcells.genlib 
ABC: + strash 
ABC: + &get -n 
ABC: + &fraig -x 
ABC: + &put 
ABC: + scorr 
ABC: Warning: The network is combinational (run "fraig" or "fraig_sweep").
ABC: + dc2 
ABC: + dretime 
ABC: + strash 
ABC: + &get -n 
ABC: + &dch -f 
ABC: + &nf 
ABC: + &put 
ABC: + write_blif <abc-temp-dir>/output.blif 

12.11.2. Re-integrating ABC results.
ABC RESULTS:               AND cells:      111
ABC RESULTS:               MUX cells:        2
ABC RESULTS:               NOT cells:       47
ABC RESULTS:                OR cells:       99
ABC RESULTS:               XOR cells:       94
ABC RESULTS:        internal signals:      227
ABC RESULTS:           input signals:       48
ABC RESULTS:          output signals:       48
Removing temp directory.

12.12. Extracting gate netlist of module `$paramod$bfb04248936278b1df1155cdc757ddb460a8d245\cordic_stage' to `<abc-temp-dir>/input.blif'..

12.12.1. Executed ABC.
Extracted 266 gates and 314 wires to a netlist network with 48 inputs and 48 outputs.
Running ABC script: <abc-temp-dir>/abc.script
ABC: ======== ABC command line "source <abc-temp-dir>/abc.script"
ABC: + read_blif <abc-temp-dir>/input.blif 
ABC: + read_library <abc-temp-dir>/stdcells.genlib 
ABC: + strash 
ABC: + &get -n 
ABC: + &fraig -x 
ABC: + &put 
ABC: + scorr 
ABC: Warning: The network is combinational (run "fraig" or "fraig_sweep").
ABC: + dc2 
ABC: + dretime 
ABC: + strash 
ABC: + &get -n 
ABC: + &dch -f 
ABC: + &nf 
ABC: + &put 
ABC: + write_blif <abc-temp-dir>/output.blif 

12.12.2. Re-integrating ABC results.
ABC RESULTS:               AND cells:      116
ABC RESULTS:               MUX cells:        3
ABC RESULTS:               NOT cells:       45
ABC RESULTS:                OR cells:      101
ABC RESULTS:               XOR cells:       88
ABC RESULTS:        internal signals:      218
ABC RESULTS:           input signals:       48
ABC RESULTS:          output signals:       48
Removing temp directory.

12.13. Extracting gate netlist of module `$paramod$13df4f4c9c1b261592c9a2486a54e334ba271a0d\cordic_stage' to `<abc-temp-dir>/input.blif'..

12.13.1. Executed ABC.
Extracted 264 gates and 312 wires to a netlist network with 48 inputs and 48 outputs.
Running ABC script: <abc-temp-dir>/abc.script
ABC: ======== ABC command line "source <abc-temp-dir>/abc.script"
ABC: + read_blif <abc-temp-dir>/input.blif 
ABC: + read_library <abc-temp-dir>/stdcells.genlib 
ABC: + strash 
ABC: + &get -n 
ABC: + &fraig -x 
ABC: + &put 
ABC: + scorr 
ABC: Warning: The network is combinational (run "fraig" or "fraig_sweep").
ABC: + dc2 
ABC: + dretime 
ABC: + strash 
ABC: + &get -n 
ABC: + &dch -f 
ABC: + &nf 
ABC: + &put 
ABC: + write_blif <abc-temp-dir>/output.blif 

12.13.2. Re-integrating ABC results.
ABC RESULTS:               AND cells:      115
ABC RESULTS:               MUX cells:        3
ABC RESULTS:               NOT cells:       43
ABC RESULTS:                OR cells:      101
ABC RESULTS:               XOR cells:       86
ABC RESULTS:        internal signals:      216
ABC RESULTS:           input signals:       48
ABC RESULTS:          output signals:       48
Removing temp directory.

12.14. Extracting gate netlist of module `$paramod$92317b3f664a636e96e14bfabf5ac92fa5f616e0\cordic_stage' to `<abc-temp-dir>/input.blif'..

12.14.1. Executed ABC.
Extracted 254 gates and 302 wires to a netlist network with 48 inputs and 48 outputs.
Running ABC script: <abc-temp-dir>/abc.script
ABC: ======== ABC command line "source <abc-temp-dir>/abc.script"
ABC: + read_blif <abc-temp-dir>/input.blif 
ABC: + read_library <abc-temp-dir>/stdcells.genlib 
ABC: + strash 
ABC: + &get -n 
ABC: + &fraig -x 
ABC: + &put 
ABC: + scorr 
ABC: Warning: The network is combinational (run "fraig" or "fraig_sweep").
ABC: + dc2 
ABC: + dretime 
ABC: + strash 
ABC: + &get -n 
ABC: + &dch -f 
ABC: + &nf 
ABC: + &put 
ABC: + write_blif <abc-temp-dir>/output.blif 

12.14.2. Re-integrating ABC results.
ABC RESULTS:               AND cells:       85
ABC RESULTS:               MUX cells:        3
ABC RESULTS:               NOT cells:       37
ABC RESULTS:                OR cells:       87
ABC RESULTS:               XOR cells:       85
ABC RESULTS:        internal signals:      206
ABC RESULTS:           input signals:       48
ABC RESULTS:          output signals:       48
Removing temp directory.

12.15. Extracting gate netlist of module `$paramod$1c78dad951792559821a28759880bf6605d5ac8b\cordic_stage' to `<abc-temp-dir>/input.blif'..

12.15.1. Executed ABC.
Extracted 163 gates and 196 wires to a netlist network with 33 inputs and 32 outputs.
Running ABC script: <abc-temp-dir>/abc.script
ABC: ======== ABC command line "source <abc-temp-dir>/abc.script"
ABC: + read_blif <abc-temp-dir>/input.blif 
ABC: + read_library <abc-temp-dir>/stdcells.genlib 
ABC: + strash 
ABC: + &get -n 
ABC: + &fraig -x 
ABC: + &put 
ABC: + scorr 
ABC: Warning: The network is combinational (run "fraig" or "fraig_sweep").
ABC: + dc2 
ABC: + dretime 
ABC: + strash 
ABC: + &get -n 
ABC: + &dch -f 
ABC: + &nf 
ABC: + &put 
ABC: + write_blif <abc-temp-dir>/output.blif 

12.15.2. Re-integrating ABC results.
ABC RESULTS:               AND cells:       54
ABC RESULTS:               NOT cells:       22
ABC RESULTS:                OR cells:       52
ABC RESULTS:               XOR cells:       60
ABC RESULTS:        internal signals:      131
ABC RESULTS:           input signals:       33
ABC RESULTS:          output signals:       32
Removing temp directory.

12.16. Extracting gate netlist of module `\siren_neuron' to `<abc-temp-dir>/input.blif'..

12.16.1. Executed ABC.
Extracted 0 gates and 0 wires to a netlist network with 0 inputs and 0 outputs.
Don't call ABC as there is nothing to map.
Removing temp directory.

12.17. Extracting gate netlist of module `\siren_act_unit' to `<abc-temp-dir>/input.blif'..

12.17.1. Executed ABC.
Extracted 0 gates and 0 wires to a netlist network with 0 inputs and 0 outputs.
Don't call ABC as there is nothing to map.
Removing temp directory.

12.18. Extracting gate netlist of module `$paramod$ab10e97098def7190bb8b712e42708d46e5dfde5\cordic_stage' to `<abc-temp-dir>/input.blif'..

12.18.1. Executed ABC.
Extracted 229 gates and 264 wires to a netlist network with 35 inputs and 34 outputs.
Running ABC script: <abc-temp-dir>/abc.script
ABC: ======== ABC command line "source <abc-temp-dir>/abc.script"
ABC: + read_blif <abc-temp-dir>/input.blif 
ABC: + read_library <abc-temp-dir>/stdcells.genlib 
ABC: + strash 
ABC: + &get -n 
ABC: + &fraig -x 
ABC: + &put 
ABC: + scorr 
ABC: Warning: The network is combinational (run "fraig" or "fraig_sweep").
ABC: + dc2 
ABC: + dretime 
ABC: + strash 
ABC: + &get -n 
ABC: + &dch -f 
ABC: + &nf 
ABC: + &put 
ABC: + write_blif <abc-temp-dir>/output.blif 

12.18.2. Re-integrating ABC results.
ABC RESULTS:               AND cells:       78
ABC RESULTS:               MUX cells:       28
ABC RESULTS:               NOT cells:       34
ABC RESULTS:                OR cells:       81
ABC RESULTS:               XOR cells:       49
ABC RESULTS:        internal signals:      195
ABC RESULTS:           input signals:       35
ABC RESULTS:          output signals:       34
Removing temp directory.

12.19. Extracting gate netlist of module `\cordic_wrapper' to `<abc-temp-dir>/input.blif'..

12.19.1. Executed ABC.
Extracted 15 gates and 31 wires to a netlist network with 16 inputs and 1 outputs.
Running ABC script: <abc-temp-dir>/abc.script
ABC: ======== ABC command line "source <abc-temp-dir>/abc.script"
ABC: + read_blif <abc-temp-dir>/input.blif 
ABC: + read_library <abc-temp-dir>/stdcells.genlib 
ABC: + strash 
ABC: + &get -n 
ABC: + &fraig -x 
ABC: + &put 
ABC: + scorr 
ABC: Warning: The network is combinational (run "fraig" or "fraig_sweep").
ABC: + dc2 
ABC: + dretime 
ABC: + strash 
ABC: + &get -n 
ABC: + &dch -f 
ABC: + &nf 
ABC: + &put 
ABC: + write_blif <abc-temp-dir>/output.blif 

12.19.2. Re-integrating ABC results.
ABC RESULTS:               AND cells:        1
ABC RESULTS:                OR cells:       14
ABC RESULTS:        internal signals:       14
ABC RESULTS:           input signals:       16
ABC RESULTS:          output signals:        1
Removing temp directory.

12.20. Extracting gate netlist of module `\phase_folder' to `<abc-temp-dir>/input.blif'..

12.20.1. Executed ABC.
Extracted 0 gates and 0 wires to a netlist network with 0 inputs and 0 outputs.
Don't call ABC as there is nothing to map.
Removing temp directory.

12.21. Extracting gate netlist of module `\siren_scaler' to `<abc-temp-dir>/input.blif'..

12.21.1. Executed ABC.
Extracted 61 gates and 76 wires to a netlist network with 15 inputs and 14 outputs.
Running ABC script: <abc-temp-dir>/abc.script
ABC: ======== ABC command line "source <abc-temp-dir>/abc.script"
ABC: + read_blif <abc-temp-dir>/input.blif 
ABC: + read_library <abc-temp-dir>/stdcells.genlib 
ABC: + strash 
ABC: + &get -n 
ABC: + &fraig -x 
ABC: + &put 
ABC: + scorr 
ABC: Warning: The network is combinational (run "fraig" or "fraig_sweep").
ABC: + dc2 
ABC: + dretime 
ABC: + strash 
ABC: + &get -n 
ABC: + &dch -f 
ABC: + &nf 
ABC: + &put 
ABC: + write_blif <abc-temp-dir>/output.blif 

12.21.2. Re-integrating ABC results.
ABC RESULTS:               AND cells:       13
ABC RESULTS:               NOT cells:       10
ABC RESULTS:                OR cells:       23
ABC RESULTS:               XOR cells:       25
ABC RESULTS:        internal signals:       47
ABC RESULTS:           input signals:       15
ABC RESULTS:          output signals:       14
Removing temp directory.

12.22. Extracting gate netlist of module `\mac_unit' to `<abc-temp-dir>/input.blif'..

12.22.1. Executed ABC.
Extracted 1902 gates and 1967 wires to a netlist network with 65 inputs and 17 outputs.
Running ABC script: <abc-temp-dir>/abc.script
ABC: ======== ABC command line "source <abc-temp-dir>/abc.script"
ABC: + read_blif <abc-temp-dir>/input.blif 
ABC: + read_library <abc-temp-dir>/stdcells.genlib 
ABC: + strash 
ABC: + &get -n 
ABC: + &fraig -x 
ABC: + &put 
ABC: + scorr 
ABC: Warning: The network is combinational (run "fraig" or "fraig_sweep").
ABC: + dc2 
ABC: + dretime 
ABC: + strash 
ABC: + &get -n 
ABC: + &dch -f 
ABC: + &nf 
ABC: + &put 
ABC: + write_blif <abc-temp-dir>/output.blif 

12.22.2. Re-integrating ABC results.
ABC RESULTS:               AND cells:      910
ABC RESULTS:               MUX cells:       24
ABC RESULTS:               NOT cells:       64
ABC RESULTS:                OR cells:      338
ABC RESULTS:               XOR cells:      624
ABC RESULTS:        internal signals:     1885
ABC RESULTS:           input signals:       65
ABC RESULTS:          output signals:       17
Removing temp directory.
Removing global temp directory.
Removed 0 unused cells and 7188 unused wires.

13. Printing statistics.

=== $paramod$fda4c52592ec151689e44937ab5af6abb2bbb4f7\cordic_stage ===

        +----------Local Count, excluding submodules.
        | 
      344 wires
      522 wire bits
       12 public wires
      132 public wire bits
       10 ports
      100 port bits
      423 cells
      123   $_AND_
       48   $_DFFE_PN0P_
        1   $_DFF_PN0_
        2   $_MUX_
       47   $_NOT_
       97   $_OR_
      105   $_XOR_

=== $paramod$a64f440093fbb2a761ca462422596e7cf59060b9\cordic_stage ===

        +----------Local Count, excluding submodules.
        | 
      310 wires
      490 wire bits
       12 public wires
      132 public wire bits
       10 ports
      100 port bits
      391 cells
      113   $_AND_
       48   $_DFFE_PN0P_
        1   $_DFF_PN0_
        4   $_MUX_
       30   $_NOT_
       84   $_OR_
      111   $_XOR_

=== $paramod$d051e689d5327a357ac2c918100372a7016c9475\cordic_stage ===

        +----------Local Count, excluding submodules.
        | 
      359 wires
      539 wire bits
       12 public wires
      132 public wire bits
       10 ports
      100 port bits
      440 cells
      125   $_AND_
       48   $_DFFE_PN0P_
        1   $_DFF_PN0_
        4   $_MUX_
       54   $_NOT_
      100   $_OR_
      108   $_XOR_

=== $paramod$126d84d701c2cc9a597647f943872c89fc0e0486\cordic_stage ===

        +----------Local Count, excluding submodules.
        | 
      324 wires
      504 wire bits
       12 public wires
      132 public wire bits
       10 ports
      100 port bits
      405 cells
      105   $_AND_
       48   $_DFFE_PN0P_
        1   $_DFF_PN0_
        3   $_MUX_
       53   $_NOT_
       92   $_OR_
      103   $_XOR_

=== $paramod$be7bec05f99528b83047c54b2c3b7ab2ac7f529f\cordic_stage ===

        +----------Local Count, excluding submodules.
        | 
      307 wires
      486 wire bits
       12 public wires
      132 public wire bits
       10 ports
      100 port bits
      387 cells
       99   $_AND_
       48   $_DFFE_PN0P_
        1   $_DFF_PN0_
        3   $_MUX_
       48   $_NOT_
       87   $_OR_
      101   $_XOR_

=== $paramod$b8db0999d09c2bf93070cea839ea649340d02004\cordic_stage ===

        +----------Local Count, excluding submodules.
        | 
      301 wires
      481 wire bits
       12 public wires
      132 public wire bits
       10 ports
      100 port bits
      382 cells
       97   $_AND_
       48   $_DFFE_PN0P_
        1   $_DFF_PN0_
        3   $_MUX_
       47   $_NOT_
       84   $_OR_
      102   $_XOR_

=== $paramod$c3982464bdd43885eb14a5af78baf7982db37425\cordic_stage ===

        +----------Local Count, excluding submodules.
        | 
      290 wires
      470 wire bits
       12 public wires
      132 public wire bits
       10 ports
      100 port bits
      371 cells
       94   $_AND_
       48   $_DFFE_PN0P_
        1   $_DFF_PN0_
        2   $_MUX_
       38   $_NOT_
       84   $_OR_
      104   $_XOR_

=== $paramod$1ceed3bff8837b34d0a66987aff5145c079c2fbd\cordic_stage ===

        +----------Local Count, excluding submodules.
        | 
      328 wires
      508 wire bits
       12 public wires
      132 public wire bits
       10 ports
      100 port bits
      409 cells
      111   $_AND_
       48   $_DFFE_PN0P_
        1   $_DFF_PN0_
        4   $_MUX_
       54   $_NOT_
       93   $_OR_
       98   $_XOR_

=== $paramod$a744cc0f1faffa6b4bad02f7493d97baee494aa9\cordic_stage ===

        +----------Local Count, excluding submodules.
        | 
      280 wires
      458 wire bits
       12 public wires
      132 public wire bits
       10 ports
      100 port bits
      359 cells
       89   $_AND_
       48   $_DFFE_PN0P_
        1   $_DFF_PN0_
        2   $_MUX_
       39   $_NOT_
       85   $_OR_
       95   $_XOR_

=== $paramod$4f7c2943c908f89b3241078e20d5e72df920ea4c\cordic_stage ===

        +----------Local Count, excluding submodules.
        | 
      308 wires
      487 wire bits
       12 public wires
      132 public wire bits
       10 ports
      100 port bits
      388 cells
      113   $_AND_
       48   $_DFFE_PN0P_
        1   $_DFF_PN0_
        3   $_MUX_
       42   $_NOT_
       91   $_OR_
       90   $_XOR_

=== $paramod$e0b39c4462fc09c778e150d1c789ca7fe160ca07\cordic_stage ===

        +----------Local Count, excluding submodules.
        | 
      321 wires
      501 wire bits
       12 public wires
      132 public wire bits
       10 ports
      100 port bits
      402 cells
      111   $_AND_
       48   $_DFFE_PN0P_
        1   $_DFF_PN0_
        2   $_MUX_
       47   $_NOT_
       99   $_OR_
       94   $_XOR_

=== $paramod$bfb04248936278b1df1155cdc757ddb460a8d245\cordic_stage ===

        +----------Local Count, excluding submodules.
        | 
      321 wires
      501 wire bits
       12 public wires
      132 public wire bits
       10 ports
      100 port bits
      402 cells
      116   $_AND_
       48   $_DFFE_PN0P_
        1   $_DFF_PN0_
        3   $_MUX_
       45   $_NOT_
      101   $_OR_
       88   $_XOR_

=== $paramod$13df4f4c9c1b261592c9a2486a54e334ba271a0d\cordic_stage ===

        +----------Local Count, excluding submodules.
        | 
      316 wires
      496 wire bits
       12 public wires
      132 public wire bits
       10 ports
      100 port bits
      397 cells
      115   $_AND_
       48   $_DFFE_PN0P_
        1   $_DFF_PN0_
        3   $_MUX_
       43   $_NOT_
      101   $_OR_
       86   $_XOR_

=== $paramod$92317b3f664a636e96e14bfabf5ac92fa5f616e0\cordic_stage ===

        +----------Local Count, excluding submodules.
        | 
      265 wires
      445 wire bits
       12 public wires
      132 public wire bits
       10 ports
      100 port bits
      346 cells
       85   $_AND_
       48   $_DFFE_PN0P_
        1   $_DFF_PN0_
        3   $_MUX_
       37   $_NOT_
       87   $_OR_
       85   $_XOR_

=== $paramod$1c78dad951792559821a28759880bf6605d5ac8b\cordic_stage ===

        +----------Local Count, excluding submodules.
        | 
      171 wires
      336 wire bits
       12 public wires
      132 public wire bits
       10 ports
      100 port bits
      237 cells
       54   $_AND_
       48   $_DFFE_PN0P_
        1   $_DFF_PN0_
       22   $_NOT_
       52   $_OR_
       60   $_XOR_

=== siren_neuron ===

        +----------Local Count, excluding submodules.
        | 
       14 wires
      119 wire bits
       14 public wires
      119 public wire bits
       10 ports
       85 port bits
        3 submodules
        1   mac_unit
        1   siren_act_unit
        1   siren_scaler

=== siren_act_unit ===

        +----------Local Count, excluding submodules.
        | 
        9 wires
       69 wire bits
        9 public wires
       69 public wire bits
        7 ports
       52 port bits
        2 submodules
        1   cordic_wrapper
        1   phase_folder

=== $paramod$ab10e97098def7190bb8b712e42708d46e5dfde5\cordic_stage ===

        +----------Local Count, excluding submodules.
        | 
      280 wires
      402 wire bits
       12 public wires
      132 public wire bits
       10 ports
      100 port bits
      318 cells
       78   $_AND_
       47   $_DFFE_PN0P_
        1   $_DFF_PN0_
       28   $_MUX_
       34   $_NOT_
       81   $_OR_
       49   $_XOR_

=== cordic_wrapper ===

        +----------Local Count, excluding submodules.
        | 
       89 wires
      899 wire bits
       75 public wires
      885 public wire bits
        7 ports
       52 port bits
       15 cells
        1   $_AND_
       14   $_OR_
       16 submodules
        1   $paramod$126d84d701c2cc9a597647f943872c89fc0e0486\cordic_stage
        1   $paramod$13df4f4c9c1b261592c9a2486a54e334ba271a0d\cordic_stage
        1   $paramod$1c78dad951792559821a28759880bf6605d5ac8b\cordic_stage
        1   $paramod$1ceed3bff8837b34d0a66987aff5145c079c2fbd\cordic_stage
        1   $paramod$4f7c2943c908f89b3241078e20d5e72df920ea4c\cordic_stage
        1   $paramod$92317b3f664a636e96e14bfabf5ac92fa5f616e0\cordic_stage
        1   $paramod$a64f440093fbb2a761ca462422596e7cf59060b9\cordic_stage
        1   $paramod$a744cc0f1faffa6b4bad02f7493d97baee494aa9\cordic_stage
        1   $paramod$ab10e97098def7190bb8b712e42708d46e5dfde5\cordic_stage
        1   $paramod$b8db0999d09c2bf93070cea839ea649340d02004\cordic_stage
        1   $paramod$be7bec05f99528b83047c54b2c3b7ab2ac7f529f\cordic_stage
        1   $paramod$bfb04248936278b1df1155cdc757ddb460a8d245\cordic_stage
        1   $paramod$c3982464bdd43885eb14a5af78baf7982db37425\cordic_stage
        1   $paramod$d051e689d5327a357ac2c918100372a7016c9475\cordic_stage
        1   $paramod$e0b39c4462fc09c778e150d1c789ca7fe160ca07\cordic_stage
        1   $paramod$fda4c52592ec151689e44937ab5af6abb2bbb4f7\cordic_stage

=== phase_folder ===

        +----------Local Count, excluding submodules.
        | 
        7 wires
       52 wire bits
        7 public wires
       52 public wire bits
        6 ports
       36 port bits
       14 cells
       14   $_DFF_PN0_

=== siren_scaler ===

        +----------Local Count, excluding submodules.
        | 
       66 wires
      141 wire bits
        9 public wires
       84 public wire bits
        6 ports
       36 port bits
       87 cells
       13   $_AND_
       15   $_DFFE_PN0P_
        1   $_DFF_PN0_
       10   $_NOT_
       23   $_OR_
       25   $_XOR_

=== mac_unit ===

        +----------Local Count, excluding submodules.
        | 
     1972 wires
     2095 wire bits
       12 public wires
      135 public wire bits
       10 ports
       70 port bits
     1978 cells
      910   $_AND_
       17   $_DFFE_PN0P_
        1   $_DFF_PN0_
       24   $_MUX_
       64   $_NOT_
      338   $_OR_
      624   $_XOR_

=== design hierarchy ===

        +----------Count including submodules.
        | 
     8151 siren_neuron
     1978 mac_unit
       15   cordic_wrapper
      405     $paramod$126d84d701c2cc9a597647f943872c89fc0e0486\cordic_stage
      397     $paramod$13df4f4c9c1b261592c9a2486a54e334ba271a0d\cordic_stage
      237     $paramod$1c78dad951792559821a28759880bf6605d5ac8b\cordic_stage
      409     $paramod$1ceed3bff8837b34d0a66987aff5145c079c2fbd\cordic_stage
      388     $paramod$4f7c2943c908f89b3241078e20d5e72df920ea4c\cordic_stage
      346     $paramod$92317b3f664a636e96e14bfabf5ac92fa5f616e0\cordic_stage
      391     $paramod$a64f440093fbb2a761ca462422596e7cf59060b9\cordic_stage
      359     $paramod$a744cc0f1faffa6b4bad02f7493d97baee494aa9\cordic_stage
      318     $paramod$ab10e97098def7190bb8b712e42708d46e5dfde5\cordic_stage
      382     $paramod$b8db0999d09c2bf93070cea839ea649340d02004\cordic_stage
      387     $paramod$be7bec05f99528b83047c54b2c3b7ab2ac7f529f\cordic_stage
      402     $paramod$bfb04248936278b1df1155cdc757ddb460a8d245\cordic_stage
      371     $paramod$c3982464bdd43885eb14a5af78baf7982db37425\cordic_stage
      440     $paramod$d051e689d5327a357ac2c918100372a7016c9475\cordic_stage
      402     $paramod$e0b39c4462fc09c778e150d1c789ca7fe160ca07\cordic_stage
      423     $paramod$fda4c52592ec151689e44937ab5af6abb2bbb4f7\cordic_stage
       14   phase_folder
       87 siren_scaler

        +----------Count including submodules.
        | 
     6982 wires
    11001 wire bits
      318 public wires
     3456 public wire bits
      206 ports
     1931 port bits
        - memories
        - memory bits
        - processes
     8151 cells
     2552   $_AND_
      799   $_DFFE_PN0P_
       32   $_DFF_PN0_
       93   $_MUX_
      754   $_NOT_
     1793   $_OR_
     2128   $_XOR_
        3 submodules
        1   mac_unit
        1   siren_act_unit
        1   siren_scaler

14. Executing Verilog backend.

14.1. Executing BMUXMAP pass.

14.2. Executing DEMUXMAP pass.
Dumping module `$paramod$126d84d701c2cc9a597647f943872c89fc0e0486\cordic_stage'.
Dumping module `$paramod$13df4f4c9c1b261592c9a2486a54e334ba271a0d\cordic_stage'.
Dumping module `$paramod$1c78dad951792559821a28759880bf6605d5ac8b\cordic_stage'.
Dumping module `$paramod$1ceed3bff8837b34d0a66987aff5145c079c2fbd\cordic_stage'.
Dumping module `$paramod$4f7c2943c908f89b3241078e20d5e72df920ea4c\cordic_stage'.
Dumping module `$paramod$92317b3f664a636e96e14bfabf5ac92fa5f616e0\cordic_stage'.
Dumping module `$paramod$a64f440093fbb2a761ca462422596e7cf59060b9\cordic_stage'.
Dumping module `$paramod$a744cc0f1faffa6b4bad02f7493d97baee494aa9\cordic_stage'.
Dumping module `$paramod$ab10e97098def7190bb8b712e42708d46e5dfde5\cordic_stage'.
Dumping module `$paramod$b8db0999d09c2bf93070cea839ea649340d02004\cordic_stage'.
Dumping module `$paramod$be7bec05f99528b83047c54b2c3b7ab2ac7f529f\cordic_stage'.
Dumping module `$paramod$bfb04248936278b1df1155cdc757ddb460a8d245\cordic_stage'.
Dumping module `$paramod$c3982464bdd43885eb14a5af78baf7982db37425\cordic_stage'.
Dumping module `$paramod$d051e689d5327a357ac2c918100372a7016c9475\cordic_stage'.
Dumping module `$paramod$e0b39c4462fc09c778e150d1c789ca7fe160ca07\cordic_stage'.
Dumping module `$paramod$fda4c52592ec151689e44937ab5af6abb2bbb4f7\cordic_stage'.
Dumping module `\cordic_wrapper'.
Dumping module `\mac_unit'.
Dumping module `\phase_folder'.
Dumping module `\siren_act_unit'.
Dumping module `\siren_neuron'.
Dumping module `\siren_scaler'.

Warnings: 4 unique messages, 8 total
End of script. Logfile hash: aa062d8f1b, time: 4.65s, user: 1.05s, system: 0.06s, MEM: 57.99 MB peak
Yosys 0.66 (git sha1 86f2ddebce7e98ce7cacc27e8a5c14cb53b51b51, g++ 16.1.1 -O2 -flto=auto -ffat-lto-objects -fexceptions -fstack-protector-strong -m64 -march=x86-64 -mtune=generic -fasynchronous-unwind-tables -fstack-clash-protection -fcf-protection -mtls-dialect=gnu2 -fno-omit-frame-pointer -mno-omit-leaf-frame-pointer -fPIC -O3)
Time spent: 75% 2x abc (2 sec), 4% 26x opt_clean (0 sec), ...
